Name,Docket Link,Start Time,End Time,Number of Cases,Judge Name,Year,Month,Week,Date,Day,Number of Observers,Court Name
Mon 1-5-2026 @ 1:00 pm — Harris County JP 4-1 w/Judge Goodwin — 91 Cases,https://jpwebsite.harriscountytx.gov/WebDockets/GetDocketDetail?date=01/05/2026&court=41&media=screen#0100PM,1/5/2026 1:00pm,1/5/2026 1:30pm,91,Judge Goodwin,2026,2026-01,2026-02,2026-01-05,Monday,0,Harris County JP 4-1
Mon 1-5-2026 @ 9:00 am — Harris County JP 4-1 w/Judge Goodwin — 135 Cases,https://jpwebsite.harriscountytx.gov/WebDockets/GetDocketDetail?date=01/05/2026&court=41&media=screen#0900AM,1/5/2026 9:00am,1/5/2026 9:30am,135,Judge Goodwin,2026,2026-01,2026-02,2026-01-05,Monday,0,Harris County JP 4-1
Mon 1-5-2026 @ 2:30 pm — Harris County JP 5-2 w/Judge Wolfe — 7 Cases,https://jpwebsite.harriscountytx.gov/WebDockets/GetDocketDetail?date=01/05/2026&court=52&media=screen#0230PM,1/5/2026 2:30pm,1/5/2026 3:00pm,7,Judge Wolfe,2026,2026-01,2026-02,2026-01-05,Monday,0,Harris County JP 5-2
Mon 1-5-2026 @ 11:15 am — Harris County JP 1-1 w/Judge Carter — 10 Cases,https://jpwebsite.harriscountytx.gov/WebDockets/GetDocketDetail?date=01/05/2026&court=11&media=screen#1115AM,1/5/2026 11:15am,1/5/2026 11:45am,10,Judge Carter,2026,2026-01,2026-02,2026-01-05,Monday,0,Harris County JP 1-1
Mon 1-5-2026 @ 8:00 am — Harris County JP 2-1 w/Judge Delgado — 20 Cases,https://jpwebsite.harriscountytx.gov/WebDockets/GetDocketDetail?date=01/05/2026&court=21&media=screen#0800AM,1/5/2026 8:00am,1/5/2026 8:10am,20,Judge Delgado,2026,2026-01,2026-02,2026-01-05,Monday,0,Harris County JP 2-1
Mon 1-5-2026 @ 9:30 am — Harris County JP 3-2 w/Judge Bates — 23 Cases,https://jpwebsite.harriscountytx.gov/WebDockets/GetDocketDetail?date=01/05/2026&court=32&media=screen#0930AM,1/5/2026 9:30am,1/5/2026 10:00am,23,Judge Bates,2026,2026-01,2026-02,2026-01-05,Monday,0,Harris County JP 3-2
Mon 1-5-2026 @ 8:30 am — Harris County JP 5-2 w/Judge Wolfe — 67 Cases,https://jpwebsite.harriscountytx.gov/WebDockets/GetDocketDetail?date=01/05/2026&court=52&media=screen#0830AM,1/5/2026 8:30am,1/5/2026 9:00am,67,Judge Wolfe,2026,2026-01,2026-02,2026-01-05,Monday,0,Harris County JP 5-2
Mon 1-5-2026 @ 1:00 pm — Harris County JP 5-2 w/Judge Wolfe — 130 Cases,https://jpwebsite.harriscountytx.gov/WebDockets/GetDocketDetail?date=01/05/2026&court=52&media=screen#0100PM,1/5/2026 1:00pm,1/5/2026 1:30pm,130,Judge Wolfe,2026,2026-01,2026-02,2026-01-05,Monday,0,Harris County JP 5-2
Mon 1-5-2026 @ 9:30 am — Harris County JP 1-1 w/Judge Carter — 32 Cases,https://jpwebsite.harriscountytx.gov/WebDockets/GetDocketDetail?date=01/05/2026&court=11&media=screen#0930AM,1/5/2026 9:30am,1/5/2026 10:30am,32,Judge Carter,2026,2026-01,2026-02,2026-01-05,Monday,0,Harris County JP 1-1
Mon 1-5-2026 @ 10:30 am — Harris County JP 1-1 w/Judge Carter — 32 Cases,https://jpwebsite.harriscountytx.gov/WebDockets/GetDocketDetail?date=01/05/2026&court=11&media=screen#1030AM,1/5/2026 10:30am,1/5/2026 11:15am,32,Judge Carter,2026,2026-01,2026-02,2026-01-05,Monday,0,Harris County JP 1-1
Mon 1-5-2026 @ 8:30 am — Harris County JP 1-1 w/Judge Carter — 26 Cases,https://jpwebsite.harriscountytx.gov/WebDockets/GetDocketDetail?date=01/05/2026&court=11&media=screen#0830AM,1/5/2026 8:30am,1/5/2026 9:30am,26,Judge Carter,2026,2026-01,2026-02,2026-01-05,Monday,0,Harris County JP 1-1
Mon 1-5-2026 @ 9:00 am — Harris County JP 6-2 w/Judge Rodriguez — 21 Cases,https://jpwebsite.harriscountytx.gov/WebDockets/GetDocketDetail?date=01/05/2026&court=62&media=screen#0900AM,1/5/2026 9:00am,1/7/2026 9:00am,21,Judge Rodriguez,2026,2026-01,2026-02,2026-01-05,Monday,0,Harris County JP 6-2
Tue 1-6-2026 @ 1:00 pm — Harris County JP 1-2 w/Judge Duble — 12 Cases,https://jpwebsite.harriscountytx.gov/WebDockets/GetDocketDetail?date=01/06/2026&court=12&media=screen#0100PM,1/6/2026 1:00pm,1/6/2026 2:00pm,12,Judge Duble,2026,2026-01,2026-02,2026-01-06,Tuesday,0,Harris County JP 1-2
Tue 1-6-2026 @ 9:00 am — Harris County JP 4-1 w/Judge Goodwin — 143 Cases,https://jpwebsite.harriscountytx.gov/WebDockets/GetDocketDetail?date=01/06/2026&court=41&media=screen#0900AM,1/6/2026 9:00am,1/6/2026 9:30am,143,Judge Goodwin,2026,2026-01,2026-02,2026-01-06,Tuesday,0,Harris County JP 4-1
Tue 1-6-2026 @ 10:30 am — Harris County JP 5-1 w/Judge Lombardino — 17 Cases,https://jpwebsite.harriscountytx.gov/WebDockets/GetDocketDetail?date=01/06/2026&court=51&media=screen#1030AM,1/6/2026 10:30am,1/6/2026 11:00am,17,Judge Lombardino,2026,2026-01,2026-02,2026-01-06,Tuesday,0,Harris County JP 5-1
Tue 1-6-2026 @ 1:30 pm — Harris County JP 5-1 w/Judge Lombardino — 60 Cases,https://jpwebsite.harriscountytx.gov/WebDockets/GetDocketDetail?date=01/06/2026&court=51&media=screen#0130PM,1/6/2026 1:30pm,1/6/2026 2:00pm,60,Judge Lombardino,2026,2026-01,2026-02,2026-01-06,Tuesday,0,Harris County JP 5-1
Tue 1-6-2026 @ 9:00 am — Harris County JP 7-2 w/Judge Burney — 68 Cases,https://jpwebsite.harriscountytx.gov/WebDockets/GetDocketDetail?date=01/06/2026&court=72&media=screen#0900AM,1/6/2026 9:00am,1/6/2026 11:00am,68,Judge Burney,2026,2026-01,2026-02,2026-01-06,Tuesday,0,Harris County JP 7-2
Tue 1-6-2026 @ 9:00 am — Harris County JP 1-2 w/Judge Duble — 9 Cases,https://jpwebsite.harriscountytx.gov/WebDockets/GetDocketDetail?date=01/06/2026&court=12&media=screen#0900AM,1/6/2026 9:00am,1/6/2026 10:00am,9,Judge Duble,2026,2026-01,2026-02,2026-01-06,Tuesday,0,Harris County JP 1-2
Tue 1-6-2026 @ 10:30 am — Harris County JP 1-2 w/Judge Duble — 8 Cases,https://jpwebsite.harriscountytx.gov/WebDockets/GetDocketDetail?date=01/06/2026&court=12&media=screen#1030AM,1/6/2026 10:30am,1/6/2026 1:00pm,8,Judge Duble,2026,2026-01,2026-02,2026-01-06,Tuesday,0,Harris County JP 1-2
Tue 1-6-2026 @ 8:00 am — Harris County JP 2-1 w/Judge Delgado — 20 Cases,https://jpwebsite.harriscountytx.gov/WebDockets/GetDocketDetail?date=01/06/2026&court=21&media=screen#0800AM,1/6/2026 8:00am,1/6/2026 8:10am,20,Judge Delgado,2026,2026-01,2026-02,2026-01-06,Tuesday,0,Harris County JP 2-1
Tue 1-6-2026 @ 2:30 pm — Harris County JP 5-2 w/Judge Wolfe — 84 Cases,https://jpwebsite.harriscountytx.gov/WebDockets/GetDocketDetail?date=01/06/2026&court=52&media=screen#0230PM,1/6/2026 2:30pm,1/6/2026 3:30pm,84,Judge Wolfe,2026,2026-01,2026-02,2026-01-06,Tuesday,0,Harris County JP 5-2
Tue 1-6-2026 @ 11:00 am — Harris County JP 7-2 w/Judge Burney — 62 Cases,https://jpwebsite.harriscountytx.gov/WebDockets/GetDocketDetail?date=01/06/2026&court=72&media=screen#1100AM,1/6/2026 11:00am,1/6/2026 1:00pm,62,Judge Burney,2026,2026-01,2026-02,2026-01-06,Tuesday,0,Harris County JP 7-2
Tue 1-6-2026 @ 9:00 am — Harris County JP 1-1 w/Judge Carter — 30 Cases,https://jpwebsite.harriscountytx.gov/WebDockets/GetDocketDetail?date=01/06/2026&court=11&media=screen#0900AM,1/6/2026 9:00am,1/6/2026 10:00am,30,Judge Carter,2026,2026-01,2026-02,2026-01-06,Tuesday,0,Harris County JP 1-1
Tue 1-6-2026 @ 10:00 am — Harris County JP 1-1 w/Judge Carter — 28 Cases,https://jpwebsite.harriscountytx.gov/WebDockets/GetDocketDetail?date=01/06/2026&court=11&media=screen#1000AM,1/6/2026 10:00am,1/6/2026 10:30am,28,Judge Carter,2026,2026-01,2026-02,2026-01-06,Tuesday,0,Harris County JP 1-1
Tue 1-6-2026 @ 2:00 pm — Harris County JP 1-2 w/Judge Duble — 11 Cases,https://jpwebsite.harriscountytx.gov/WebDockets/GetDocketDetail?date=01/06/2026&court=12&media=screen#0200PM,1/6/2026 2:00pm,1/6/2026 3:00pm,11,Judge Duble,2026,2026-01,2026-02,2026-01-06,Tuesday,0,Harris County JP 1-2
Tue 1-6-2026 @ 1:00 pm — Harris County JP 7-2 w/Judge Burney — 45 Cases,https://jpwebsite.harriscountytx.gov/WebDockets/GetDocketDetail?date=01/06/2026&court=72&media=screen#0100PM,1/6/2026 1:00pm,1/6/2026 3:00pm,45,Judge Burney,2026,2026-01,2026-02,2026-01-06,Tuesday,0,Harris County JP 7-2
Tue 1-6-2026 @ 3:30 pm — Harris County JP 5-2 w/Judge Wolfe — 1 Cases,https://jpwebsite.harriscountytx.gov/WebDockets/GetDocketDetail?date=01/06/2026&court=52&media=screen#0330PM,1/6/2026 3:30pm,1/6/2026 4:00pm,1,Judge Wolfe,2026,2026-01,2026-02,2026-01-06,Tuesday,0,Harris County JP 5-2
Wed 1-7-2026 @ 8:30 am — Harris County JP 1-1 w/Judge Carter — 1 Cases,https://jpwebsite.harriscountytx.gov/WebDockets/GetDocketDetail?date=01/07/2026&court=11&media=screen#0830AM,1/7/2026 8:30am,1/7/2026 9:00am,1,Judge Carter,2026,2026-01,2026-02,2026-01-07,Wednesday,0,Harris County JP 1-1
Wed 1-7-2026 @ 8:00 am — Harris County JP 2-1 w/Judge Delgado — 19 Cases,https://jpwebsite.harriscountytx.gov/WebDockets/GetDocketDetail?date=01/07/2026&court=21&media=screen#0800AM,1/7/2026 8:00am,1/7/2026 8:10am,19,Judge Delgado,2026,2026-01,2026-02,2026-01-07,Wednesday,0,Harris County JP 2-1
Wed 1-7-2026 @ 1:30 pm — Harris County JP 3-1 w/Judge Stephens — 39 Cases,https://jpwebsite.harriscountytx.gov/WebDockets/GetDocketDetail?date=01/07/2026&court=31&media=screen#0130PM,1/7/2026 1:30pm,1/7/2026 2:00pm,39,Judge Stephens,2026,2026-01,2026-02,2026-01-07,Wednesday,0,Harris County JP 3-1
Wed 1-7-2026 @ 10:30 am — Harris County JP 3-1 w/Judge Stephens — 33 Cases,https://jpwebsite.harriscountytx.gov/WebDockets/GetDocketDetail?date=01/07/2026&court=31&media=screen#1030AM,1/7/2026 10:30am,1/7/2026 1:30pm,33,Judge Stephens,2026,2026-01,2026-02,2026-01-07,Wednesday,0,Harris County JP 3-1
Wed 1-7-2026 @ 9:00 am — Harris County JP 3-1 w/Judge Stephens — 31 Cases,https://jpwebsite.harriscountytx.gov/WebDockets/GetDocketDetail?date=01/07/2026&court=31&media=screen#0900AM,1/7/2026 9:00am,1/7/2026 10:30am,31,Judge Stephens,2026,2026-01,2026-02,2026-01-07,Wednesday,0,Harris County JP 3-1
Wed 1-7-2026 @ 9:30 am — Harris County JP 1-1 w/Judge Carter — 25 Cases,https://jpwebsite.harriscountytx.gov/WebDockets/GetDocketDetail?date=01/07/2026&court=11&media=screen#0930AM,1/7/2026 9:30am,1/7/2026 10:30am,25,Judge Carter,2026,2026-01,2026-02,2026-01-07,Wednesday,0,Harris County JP 1-1
Wed 1-7-2026 @ 10:30 am — Harris County JP 1-1 w/Judge Carter — 24 Cases,https://jpwebsite.harriscountytx.gov/WebDockets/GetDocketDetail?date=01/07/2026&court=11&media=screen#1030AM,1/7/2026 10:30am,1/7/2026 11:00am,24,Judge Carter,2026,2026-01,2026-02,2026-01-07,Wednesday,0,Harris County JP 1-1
Wed 1-7-2026 @ 9:00 am — Harris County JP 4-1 w/Judge Goodwin — 1 Cases,https://jpwebsite.harriscountytx.gov/WebDockets/GetDocketDetail?date=01/07/2026&court=41&media=screen#0900AM,1/7/2026 9:00am,1/7/2026 9:30am,1,Judge Goodwin,2026,2026-01,2026-02,2026-01-07,Wednesday,0,Harris County JP 4-1
Wed 1-7-2026 @ 9:00 am — Harris County JP 6-1 w/Judge Treviño — 43 Cases,https://jpwebsite.harriscountytx.gov/WebDockets/GetDocketDetail?date=01/07/2026&court=61&media=screen#0900AM,1/7/2026 9:00am,1/8/2026 4:30am,43,Judge Treviño,2026,2026-01,2026-02,2026-01-07,Wednesday,0,Harris County JP 6-1
Wed 1-7-2026 @ 1:00 pm — Harris County JP 7-1 w/Judge Adams — 5 Cases,https://jpwebsite.harriscountytx.gov/WebDockets/GetDocketDetail?date=01/07/2026&court=71&media=screen#0100PM,1/7/2026 1:00pm,1/7/2026 1:30pm,5,Judge Adams,2026,2026-01,2026-02,2026-01-07,Wednesday,0,Harris County JP 7-1
Wed 1-7-2026 @ 9:00 am — Harris County JP 7-1 w/Judge Adams — 29 Cases,https://jpwebsite.harriscountytx.gov/WebDockets/GetDocketDetail?date=01/07/2026&court=71&media=screen#0900AM,1/7/2026 9:00am,1/7/2026 1:00pm,29,Judge Adams,2026,2026-01,2026-02,2026-01-07,Wednesday,0,Harris County JP 7-1
Thu 1-8-2026 @ 9:00 am — Harris County JP 2-2 w/Judge Lozano — 14 Cases,https://jpwebsite.harriscountytx.gov/WebDockets/GetDocketDetail?date=01/08/2026&court=22&media=screen#0900AM,1/8/2026 9:00am,1/8/2026 10:00am,14,Judge Lozano,2026,2026-01,2026-02,2026-01-08,Thursday,0,Harris County JP 2-2
Thu 1-8-2026 @ 9:00 am — Harris County JP 8-1 w/Judge Williamson — 37 Cases,https://jpwebsite.harriscountytx.gov/WebDockets/GetDocketDetail?date=01/08/2026&court=81&media=screen#0900AM,1/8/2026 9:00am,1/8/2026 10:00am,37,Judge Williamson,2026,2026-01,2026-02,2026-01-08,Thursday,0,Harris County JP 8-1
Thu 1-8-2026 @ 2:00 pm — Harris County JP 8-2 w/Judge Ditta — 29 Cases,https://jpwebsite.harriscountytx.gov/WebDockets/GetDocketDetail?date=01/08/2026&court=82&media=screen#0200PM,1/8/2026 2:00pm,1/8/2026 2:30pm,29,Judge Ditta,2026,2026-01,2026-02,2026-01-08,Thursday,0,Harris County JP 8-2
Thu 1-8-2026 @ 9:00 am — Harris County JP 4-1 w/Judge Goodwin — 1 Cases,https://jpwebsite.harriscountytx.gov/WebDockets/GetDocketDetail?date=01/08/2026&court=41&media=screen#0900AM,1/8/2026 9:00am,1/8/2026 9:30am,1,Judge Goodwin,2026,2026-01,2026-02,2026-01-08,Thursday,0,Harris County JP 4-1
Thu 1-8-2026 @ 1:30 pm — Harris County JP 5-1 w/Judge Lombardino — 45 Cases,https://jpwebsite.harriscountytx.gov/WebDockets/GetDocketDetail?date=01/08/2026&court=51&media=screen#0130PM,1/8/2026 1:30pm,1/8/2026 2:00pm,45,Judge Lombardino,2026,2026-01,2026-02,2026-01-08,Thursday,0,Harris County JP 5-1
Thu 1-8-2026 @ 10:30 am — Harris County JP 5-1 w/Judge Lombardino — 23 Cases,https://jpwebsite.harriscountytx.gov/WebDockets/GetDocketDetail?date=01/08/2026&court=51&media=screen#1030AM,1/8/2026 10:30am,1/8/2026 11:00am,23,Judge Lombardino,2026,2026-01,2026-02,2026-01-08,Thursday,0,Harris County JP 5-1
Thu 1-8-2026 @ 8:00 am — Harris County JP 2-1 w/Judge Delgado — 15 Cases,https://jpwebsite.harriscountytx.gov/WebDockets/GetDocketDetail?date=01/08/2026&court=21&media=screen#0800AM,1/8/2026 8:00am,1/8/2026 8:10am,15,Judge Delgado,2026,2026-01,2026-02,2026-01-08,Thursday,0,Harris County JP 2-1
Thu 1-8-2026 @ 10:00 am — Harris County JP 2-2 w/Judge Lozano — 9 Cases,https://jpwebsite.harriscountytx.gov/WebDockets/GetDocketDetail?date=01/08/2026&court=22&media=screen#1000AM,1/8/2026 10:00am,1/8/2026 11:00am,9,Judge Lozano,2026,2026-01,2026-02,2026-01-08,Thursday,0,Harris County JP 2-2
Thu 1-8-2026 @ 10:30 am — Harris County JP 3-1 w/Judge Stephens — 14 Cases,https://jpwebsite.harriscountytx.gov/WebDockets/GetDocketDetail?date=01/08/2026&court=31&media=screen#1030AM,1/8/2026 10:30am,1/8/2026 11:00am,14,Judge Stephens,2026,2026-01,2026-02,2026-01-08,Thursday,0,Harris County JP 3-1
Thu 1-8-2026 @ 9:00 am — Harris County JP 3-1 w/Judge Stephens — 43 Cases,https://jpwebsite.harriscountytx.gov/WebDockets/GetDocketDetail?date=01/08/2026&court=31&media=screen#0900AM,1/8/2026 9:00am,1/8/2026 9:30am,43,Judge Stephens,2026,2026-01,2026-02,2026-01-08,Thursday,0,Harris County JP 3-1
Thu 1-8-2026 @ 9:00 am — Harris County JP 5-2 w/Judge Wolfe — 22 Cases,https://jpwebsite.harriscountytx.gov/WebDockets/GetDocketDetail?date=01/08/2026&court=52&media=screen#0900AM,1/8/2026 9:00am,1/8/2026 9:30am,22,Judge Wolfe,2026,2026-01,2026-02,2026-01-08,Thursday,0,Harris County JP 5-2
Thu 1-8-2026 @ 2:30 pm — Harris County JP 5-2 w/Judge Wolfe — 86 Cases,https://jpwebsite.harriscountytx.gov/WebDockets/GetDocketDetail?date=01/08/2026&court=52&media=screen#0230PM,1/8/2026 2:30pm,1/8/2026 3:00pm,86,Judge Wolfe,2026,2026-01,2026-02,2026-01-08,Thursday,0,Harris County JP 5-2
Thu 1-8-2026 @ 10:00 am — Harris County JP 8-2 w/Judge Ditta — 31 Cases,https://jpwebsite.harriscountytx.gov/WebDockets/GetDocketDetail?date=01/08/2026&court=82&media=screen#1000AM,1/8/2026 10:00am,1/8/2026 10:30am,31,Judge Ditta,2026,2026-01,2026-02,2026-01-08,Thursday,0,Harris County JP 8-2
Fri 1-9-2026 @ 9:00 am — Harris County JP 5-1 w/Judge Lombardino — 4 Cases,https://jpwebsite.harriscountytx.gov/WebDockets/GetDocketDetail?date=01/09/2026&court=51&media=screen#0900AM,1/9/2026 9:00am,1/9/2026 9:30am,4,Judge Lombardino,2026,2026-01,2026-02,2026-01-09,Friday,0,Harris County JP 5-1
Fri 1-9-2026 @ 10:00 am — Harris County JP 4-2 w/Judge Korduba — 31 Cases,https://jpwebsite.harriscountytx.gov/WebDockets/GetDocketDetail?date=01/09/2026&court=42&media=screen#1000AM,1/9/2026 10:00am,1/9/2026 11:00am,31,Judge Korduba,2026,2026-01,2026-02,2026-01-09,Friday,0,Harris County JP 4-2
Fri 1-9-2026 @ 1:00 pm — Harris County JP 4-2 w/Judge Korduba — 18 Cases,https://jpwebsite.harriscountytx.gov/WebDockets/GetDocketDetail?date=01/09/2026&court=42&media=screen#0100PM,1/9/2026 1:00pm,1/9/2026 2:00pm,18,Judge Korduba,2026,2026-01,2026-02,2026-01-09,Friday,0,Harris County JP 4-2
Fri 1-9-2026 @ 11:00 am — Harris County JP 4-2 w/Judge Korduba — 15 Cases,https://jpwebsite.harriscountytx.gov/WebDockets/GetDocketDetail?date=01/09/2026&court=42&media=screen#1100AM,1/9/2026 11:00am,1/9/2026 1:00pm,15,Judge Korduba,2026,2026-01,2026-02,2026-01-09,Friday,0,Harris County JP 4-2
Fri 1-9-2026 @ 2:00 pm — Harris County JP 4-2 w/Judge Korduba — 21 Cases,https://jpwebsite.harriscountytx.gov/WebDockets/GetDocketDetail?date=01/09/2026&court=42&media=screen#0200PM,1/9/2026 2:00pm,1/9/2026 3:00pm,21,Judge Korduba,2026,2026-01,2026-02,2026-01-09,Friday,0,Harris County JP 4-2
Fri 1-9-2026 @ 9:00 am — Harris County JP 6-2 w/Judge Rodriguez — 8 Cases,https://jpwebsite.harriscountytx.gov/WebDockets/GetDocketDetail?date=01/09/2026&court=62&media=screen#0900AM,1/9/2026 9:00am,1/9/2026 1:00pm,8,Judge Rodriguez,2026,2026-01,2026-02,2026-01-09,Friday,0,Harris County JP 6-2
Fri 1-9-2026 @ 1:00 pm — Harris County JP 6-2 w/Judge Rodriguez — 4 Cases,https://jpwebsite.harriscountytx.gov/WebDockets/GetDocketDetail?date=01/09/2026&court=62&media=screen#0100PM,1/9/2026 1:00pm,1/11/2026 1:00pm,4,Judge Rodriguez,2026,2026-01,2026-02,2026-01-09,Friday,0,Harris County JP 6-2
Mon 1-12-2026 @ 9:00 am — Harris County JP 4-1 w/Judge Goodwin — 42 Cases,https://jpwebsite.harriscountytx.gov/WebDockets/GetDocketDetail?date=01/12/2026&court=41&media=screen#0900AM,1/12/2026 9:00am,1/12/2026 9:30am,42,Judge Goodwin,2026,2026-01,2026-03,2026-01-12,Monday,0,Harris County JP 4-1
Mon 1-12-2026 @ 9:00 am — Harris County JP 2-1 w/Judge Delgado — 15 Cases,https://jpwebsite.harriscountytx.gov/WebDockets/GetDocketDetail?date=01/12/2026&court=21&media=screen#0900AM,1/12/2026 9:00am,1/12/2026 10:00am,15,Judge Delgado,2026,2026-01,2026-03,2026-01-12,Monday,0,Harris County JP 2-1
Mon 1-12-2026 @ 8:00 am — Harris County JP 2-1 w/Judge Delgado — 23 Cases,https://jpwebsite.harriscountytx.gov/WebDockets/GetDocketDetail?date=01/12/2026&court=21&media=screen#0800AM,1/12/2026 8:00am,1/12/2026 9:00am,23,Judge Delgado,2026,2026-01,2026-03,2026-01-12,Monday,0,Harris County JP 2-1
Mon 1-12-2026 @ 1:30 pm — Harris County JP 2-1 w/Judge Delgado — 12 Cases,https://jpwebsite.harriscountytx.gov/WebDockets/GetDocketDetail?date=01/12/2026&court=21&media=screen#0130PM,1/12/2026 1:30pm,1/12/2026 2:30pm,12,Judge Delgado,2026,2026-01,2026-03,2026-01-12,Monday,0,Harris County JP 2-1
Mon 1-12-2026 @ 2:30 pm — Harris County JP 2-1 w/Judge Delgado — 6 Cases,https://jpwebsite.harriscountytx.gov/WebDockets/GetDocketDetail?date=01/12/2026&court=21&media=screen#0230PM,1/12/2026 2:30pm,1/12/2026 8:00am,6,Judge Delgado,2026,2026-01,2026-03,2026-01-12,Monday,0,Harris County JP 2-1
Mon 1-12-2026 @ 9:30 am — Harris County JP 3-2 w/Judge Bates — 29 Cases,https://jpwebsite.harriscountytx.gov/WebDockets/GetDocketDetail?date=01/12/2026&court=32&media=screen#0930AM,1/12/2026 9:30am,1/12/2026 10:30am,29,Judge Bates,2026,2026-01,2026-03,2026-01-12,Monday,0,Harris County JP 3-2
Mon 1-12-2026 @ 1:00 pm — Harris County JP 4-1 w/Judge Goodwin — 5 Cases,https://jpwebsite.harriscountytx.gov/WebDockets/GetDocketDetail?date=01/12/2026&court=41&media=screen#0100PM,1/12/2026 1:00pm,1/12/2026 1:30pm,5,Judge Goodwin,2026,2026-01,2026-03,2026-01-12,Monday,0,Harris County JP 4-1
Mon 1-12-2026 @ 8:30 am — Harris County JP 5-2 w/Judge Wolfe — 45 Cases,https://jpwebsite.harriscountytx.gov/WebDockets/GetDocketDetail?date=01/12/2026&court=52&media=screen#0830AM,1/12/2026 8:30am,1/12/2026 9:00am,45,Judge Wolfe,2026,2026-01,2026-03,2026-01-12,Monday,0,Harris County JP 5-2
Mon 1-12-2026 @ 9:00 am — Harris County JP 6-2 w/Judge Rodriguez — 6 Cases,https://jpwebsite.harriscountytx.gov/WebDockets/GetDocketDetail?date=01/12/2026&court=62&media=screen#0900AM,1/12/2026 9:00am,1/12/2026 1:00pm,6,Judge Rodriguez,2026,2026-01,2026-03,2026-01-12,Monday,0,Harris County JP 6-2
Mon 1-12-2026 @ 2:30 pm — Harris County JP 5-2 w/Judge Wolfe — 2 Cases,https://jpwebsite.harriscountytx.gov/WebDockets/GetDocketDetail?date=01/12/2026&court=52&media=screen#0230PM,1/12/2026 2:30pm,1/12/2026 3:00pm,2,Judge Wolfe,2026,2026-01,2026-03,2026-01-12,Monday,0,Harris County JP 5-2
Mon 1-12-2026 @ 1:00 pm — Harris County JP 6-2 w/Judge Rodriguez — 5 Cases,https://jpwebsite.harriscountytx.gov/WebDockets/GetDocketDetail?date=01/12/2026&court=62&media=screen#0100PM,1/12/2026 1:00pm,1/12/2026 5:00pm,5,Judge Rodriguez,2026,2026-01,2026-03,2026-01-12,Monday,0,Harris County JP 6-2
Tue 1-13-2026 @ 8:00 am — Harris County JP 2-1 w/Judge Delgado — 22 Cases,https://jpwebsite.harriscountytx.gov/WebDockets/GetDocketDetail?date=01/13/2026&court=21&media=screen#0800AM,1/13/2026 8:00am,1/13/2026 9:00am,22,Judge Delgado,2026,2026-01,2026-03,2026-01-13,Tuesday,0,Harris County JP 2-1
Tue 1-13-2026 @ 1:30 pm — Harris County JP 5-1 w/Judge Lombardino — 46 Cases,https://jpwebsite.harriscountytx.gov/WebDockets/GetDocketDetail?date=01/13/2026&court=51&media=screen#0130PM,1/13/2026 1:30pm,1/13/2026 2:00pm,46,Judge Lombardino,2026,2026-01,2026-03,2026-01-13,Tuesday,0,Harris County JP 5-1
Tue 1-13-2026 @ 9:00 am — Harris County JP 1-2 w/Judge Duble — 5 Cases,https://jpwebsite.harriscountytx.gov/WebDockets/GetDocketDetail?date=01/13/2026&court=12&media=screen#0900AM,1/13/2026 9:00am,1/13/2026 1:00pm,5,Judge Duble,2026,2026-01,2026-03,2026-01-13,Tuesday,0,Harris County JP 1-2
Tue 1-13-2026 @ 9:00 am — Harris County JP 4-1 w/Judge Goodwin — 26 Cases,https://jpwebsite.harriscountytx.gov/WebDockets/GetDocketDetail?date=01/13/2026&court=41&media=screen#0900AM,1/13/2026 9:00am,1/13/2026 9:30am,26,Judge Goodwin,2026,2026-01,2026-03,2026-01-13,Tuesday,0,Harris County JP 4-1
Tue 1-13-2026 @ 1:00 pm — Harris County JP 4-2 w/Judge Korduba — 12 Cases,https://jpwebsite.harriscountytx.gov/WebDockets/GetDocketDetail?date=01/13/2026&court=42&media=screen#0100PM,1/13/2026 1:00pm,1/13/2026 2:00pm,12,Judge Korduba,2026,2026-01,2026-03,2026-01-13,Tuesday,0,Harris County JP 4-2
Tue 1-13-2026 @ 3:00 pm — Harris County JP 4-2 w/Judge Korduba — 27 Cases,https://jpwebsite.harriscountytx.gov/WebDockets/GetDocketDetail?date=01/13/2026&court=42&media=screen#0300PM,1/13/2026 3:00pm,1/13/2026 4:00pm,27,Judge Korduba,2026,2026-01,2026-03,2026-01-13,Tuesday,0,Harris County JP 4-2
Tue 1-13-2026 @ 2:00 pm — Harris County JP 4-2 w/Judge Korduba — 53 Cases,https://jpwebsite.harriscountytx.gov/WebDockets/GetDocketDetail?date=01/13/2026&court=42&media=screen#0200PM,1/13/2026 2:00pm,1/13/2026 3:00pm,53,Judge Korduba,2026,2026-01,2026-03,2026-01-13,Tuesday,0,Harris County JP 4-2
Tue 1-13-2026 @ 2:30 pm — Harris County JP 5-2 w/Judge Wolfe — 79 Cases,https://jpwebsite.harriscountytx.gov/WebDockets/GetDocketDetail?date=01/13/2026&court=52&media=screen#0230PM,1/13/2026 2:30pm,1/13/2026 3:00pm,79,Judge Wolfe,2026,2026-01,2026-03,2026-01-13,Tuesday,0,Harris County JP 5-2
Tue 1-13-2026 @ 9:00 am — Harris County JP 7-2 w/Judge Burney — 73 Cases,https://jpwebsite.harriscountytx.gov/WebDockets/GetDocketDetail?date=01/13/2026&court=72&media=screen#0900AM,1/13/2026 9:00am,1/14/2026 10:00am,73,Judge Burney,2026,2026-01,2026-03,2026-01-13,Tuesday,0,Harris County JP 7-2
Tue 1-13-2026 @ 1:00 pm — Harris County JP 1-2 w/Judge Duble — 6 Cases,https://jpwebsite.harriscountytx.gov/WebDockets/GetDocketDetail?date=01/13/2026&court=12&media=screen#0100PM,1/13/2026 1:00pm,1/13/2026 2:00pm,6,Judge Duble,2026,2026-01,2026-03,2026-01-13,Tuesday,0,Harris County JP 1-2
Wed 1-14-2026 @ 3:00 pm — Harris County JP 1-1 w/Judge Carter — 30 Cases,https://jpwebsite.harriscountytx.gov/WebDockets/GetDocketDetail?date=01/14/2026&court=11&media=screen#0300PM,1/14/2026 3:00pm,1/14/2026 4:00pm,30,Judge Carter,2026,2026-01,2026-03,2026-01-14,Wednesday,0,Harris County JP 1-1
Wed 1-14-2026 @ 10:30 am — Harris County JP 1-1 w/Judge Carter — 36 Cases,https://jpwebsite.harriscountytx.gov/WebDockets/GetDocketDetail?date=01/14/2026&court=11&media=screen#1030AM,1/14/2026 10:30am,1/14/2026 1:00pm,36,Judge Carter,2026,2026-01,2026-03,2026-01-14,Wednesday,0,Harris County JP 1-1
Wed 1-14-2026 @ 2:00 pm — Harris County JP 1-1 w/Judge Carter — 33 Cases,https://jpwebsite.harriscountytx.gov/WebDockets/GetDocketDetail?date=01/14/2026&court=11&media=screen#0200PM,1/14/2026 2:00pm,1/14/2026 3:00pm,33,Judge Carter,2026,2026-01,2026-03,2026-01-14,Wednesday,0,Harris County JP 1-1
Wed 1-14-2026 @ 1:00 pm — Harris County JP 1-1 w/Judge Carter — 29 Cases,https://jpwebsite.harriscountytx.gov/WebDockets/GetDocketDetail?date=01/14/2026&court=11&media=screen#0100PM,1/14/2026 1:00pm,1/14/2026 2:00pm,29,Judge Carter,2026,2026-01,2026-03,2026-01-14,Wednesday,0,Harris County JP 1-1
Wed 1-14-2026 @ 9:30 am — Harris County JP 1-1 w/Judge Carter — 29 Cases,https://jpwebsite.harriscountytx.gov/WebDockets/GetDocketDetail?date=01/14/2026&court=11&media=screen#0930AM,1/14/2026 9:30am,1/14/2026 10:30am,29,Judge Carter,2026,2026-01,2026-03,2026-01-14,Wednesday,0,Harris County JP 1-1
Wed 1-14-2026 @ 4:00 pm — Harris County JP 1-1 w/Judge Carter — 25 Cases,https://jpwebsite.harriscountytx.gov/WebDockets/GetDocketDetail?date=01/14/2026&court=11&media=screen#0400PM,1/14/2026 4:00pm,1/14/2026 5:00pm,25,Judge Carter,2026,2026-01,2026-03,2026-01-14,Wednesday,0,Harris County JP 1-1
Wed 1-14-2026 @ 8:30 am — Harris County JP 1-1 w/Judge Carter — 31 Cases,https://jpwebsite.harriscountytx.gov/WebDockets/GetDocketDetail?date=01/14/2026&court=11&media=screen#0830AM,1/14/2026 8:30am,1/14/2026 9:30am,31,Judge Carter,2026,2026-01,2026-03,2026-01-14,Wednesday,0,Harris County JP 1-1
Wed 1-14-2026 @ 8:00 am — Harris County JP 2-1 w/Judge Delgado — 22 Cases,https://jpwebsite.harriscountytx.gov/WebDockets/GetDocketDetail?date=01/14/2026&court=21&media=screen#0800AM,1/14/2026 8:00am,1/14/2026 9:00am,22,Judge Delgado,2026,2026-01,2026-03,2026-01-14,Wednesday,0,Harris County JP 2-1
Wed 1-14-2026 @ 10:30 am — Harris County JP 3-1 w/Judge Stephens — 15 Cases,https://jpwebsite.harriscountytx.gov/WebDockets/GetDocketDetail?date=01/14/2026&court=31&media=screen#1030AM,1/14/2026 10:30am,1/15/2026 5:30am,15,Judge Stephens,2026,2026-01,2026-03,2026-01-14,Wednesday,0,Harris County JP 3-1
Wed 1-14-2026 @ 9:00 am — Harris County JP 3-1 w/Judge Stephens — 38 Cases,https://jpwebsite.harriscountytx.gov/WebDockets/GetDocketDetail?date=01/14/2026&court=31&media=screen#0900AM,1/14/2026 9:00am,1/15/2026 4:00am,38,Judge Stephens,2026,2026-01,2026-03,2026-01-14,Wednesday,0,Harris County JP 3-1
Wed 1-14-2026 @ 9:00 am — Harris County JP 6-1 w/Judge Treviño — 9 Cases,https://jpwebsite.harriscountytx.gov/WebDockets/GetDocketDetail?date=01/14/2026&court=61&media=screen#0900AM,1/14/2026 9:00am,1/14/2026 1:30pm,9,Judge Treviño,2026,2026-01,2026-03,2026-01-14,Wednesday,0,Harris County JP 6-1
Wed 1-14-2026 @ 9:00 am — Harris County JP 7-1 w/Judge Adams — 44 Cases,https://jpwebsite.harriscountytx.gov/WebDockets/GetDocketDetail?date=01/14/2026&court=71&media=screen#0900AM,1/14/2026 9:00am,1/14/2026 9:30am,44,Judge Adams,2026,2026-01,2026-03,2026-01-14,Wednesday,0,Harris County JP 7-1
Wed 1-14-2026 @ 9:00 am — Harris County JP 4-1 w/Judge Goodwin — 2 Cases,https://jpwebsite.harriscountytx.gov/WebDockets/GetDocketDetail?date=01/14/2026&court=41&media=screen#0900AM,1/14/2026 9:00am,1/14/2026 9:30am,2,Judge Goodwin,2026,2026-01,2026-03,2026-01-14,Wednesday,0,Harris County JP 4-1
Thu 1-15-2026 @ 8:00 am — Harris County JP 2-1 w/Judge Delgado — 22 Cases,https://jpwebsite.harriscountytx.gov/WebDockets/GetDocketDetail?date=01/15/2026&court=21&media=screen#0800AM,1/15/2026 8:00am,1/15/2026 9:00am,22,Judge Delgado,2026,2026-01,2026-03,2026-01-15,Thursday,0,Harris County JP 2-1
Thu 1-15-2026 @ 9:00 am — Harris County JP 2-2 w/Judge Lozano — 16 Cases,https://jpwebsite.harriscountytx.gov/WebDockets/GetDocketDetail?date=01/15/2026&court=22&media=screen#0900AM,1/15/2026 9:00am,1/15/2026 10:00am,16,Judge Lozano,2026,2026-01,2026-03,2026-01-15,Thursday,0,Harris County JP 2-2
Thu 1-15-2026 @ 9:00 am — Harris County JP 4-1 w/Judge Goodwin — 2 Cases,https://jpwebsite.harriscountytx.gov/WebDockets/GetDocketDetail?date=01/15/2026&court=41&media=screen#0900AM,1/15/2026 9:00am,1/15/2026 9:30am,2,Judge Goodwin,2026,2026-01,2026-03,2026-01-15,Thursday,0,Harris County JP 4-1
Thu 1-15-2026 @ 1:30 pm — Harris County JP 5-1 w/Judge Lombardino — 49 Cases,https://jpwebsite.harriscountytx.gov/WebDockets/GetDocketDetail?date=01/15/2026&court=51&media=screen#0130PM,1/15/2026 1:30pm,1/15/2026 2:00pm,49,Judge Lombardino,2026,2026-01,2026-03,2026-01-15,Thursday,0,Harris County JP 5-1
Thu 1-15-2026 @ 9:00 am — Harris County JP 5-1 w/Judge Lombardino — 59 Cases,https://jpwebsite.harriscountytx.gov/WebDockets/GetDocketDetail?date=01/15/2026&court=51&media=screen#0900AM,1/15/2026 9:00am,1/15/2026 9:30am,59,Judge Lombardino,2026,2026-01,2026-03,2026-01-15,Thursday,0,Harris County JP 5-1
Thu 1-15-2026 @ 2:30 pm — Harris County JP 5-2 w/Judge Wolfe — 51 Cases,https://jpwebsite.harriscountytx.gov/WebDockets/GetDocketDetail?date=01/15/2026&court=52&media=screen#0230PM,1/15/2026 2:30pm,1/15/2026 3:00pm,51,Judge Wolfe,2026,2026-01,2026-03,2026-01-15,Thursday,0,Harris County JP 5-2
Thu 1-15-2026 @ 9:00 am — Harris County JP 8-1 w/Judge Williamson — 37 Cases,https://jpwebsite.harriscountytx.gov/WebDockets/GetDocketDetail?date=01/15/2026&court=81&media=screen#0900AM,1/15/2026 9:00am,1/16/2026 9:00am,37,Judge Williamson,2026,2026-01,2026-03,2026-01-15,Thursday,0,Harris County JP 8-1
Thu 1-15-2026 @ 2:00 pm — Harris County JP 8-2 w/Judge Ditta — 14 Cases,https://jpwebsite.harriscountytx.gov/WebDockets/GetDocketDetail?date=01/15/2026&court=82&media=screen#0200PM,1/15/2026 2:00pm,1/16/2026 10:00am,14,Judge Ditta,2026,2026-01,2026-03,2026-01-15,Thursday,0,Harris County JP 8-2
Thu 1-15-2026 @ 10:00 am — Harris County JP 2-2 w/Judge Lozano — 11 Cases,https://jpwebsite.harriscountytx.gov/WebDockets/GetDocketDetail?date=01/15/2026&court=22&media=screen#1000AM,1/15/2026 10:00am,1/15/2026 11:00am,11,Judge Lozano,2026,2026-01,2026-03,2026-01-15,Thursday,0,Harris County JP 2-2
Fri 1-16-2026 @ 9:00 am — Harris County JP 5-1 w/Judge Lombardino — 9 Cases,https://jpwebsite.harriscountytx.gov/WebDockets/GetDocketDetail?date=01/16/2026&court=51&media=screen#0900AM,1/16/2026 9:00am,1/16/2026 9:30am,9,Judge Lombardino,2026,2026-01,2026-03,2026-01-16,Friday,0,Harris County JP 5-1
Fri 1-16-2026 @ 9:00 am — Harris County JP 4-1 w/Judge Goodwin — 3 Cases,https://jpwebsite.harriscountytx.gov/WebDockets/GetDocketDetail?date=01/16/2026&court=41&media=screen#0900AM,1/16/2026 9:00am,1/16/2026 9:30am,3,Judge Goodwin,2026,2026-01,2026-03,2026-01-16,Friday,0,Harris County JP 4-1
Fri 1-16-2026 @ 9:00 am — Harris County JP 6-2 w/Judge Rodriguez — 3 Cases,https://jpwebsite.harriscountytx.gov/WebDockets/GetDocketDetail?date=01/16/2026&court=62&media=screen#0900AM,1/16/2026 9:00am,1/16/2026 1:00pm,3,Judge Rodriguez,2026,2026-01,2026-03,2026-01-16,Friday,0,Harris County JP 6-2
Tue 1-20-2026 @ 9:00 am — Harris County JP 1-1 w/Judge Carter — 23 Cases,https://jpwebsite.harriscountytx.gov/WebDockets/GetDocketDetail?date=01/20/2026&court=11&media=screen#0900AM,1/20/2026 9:00am,1/20/2026 10:00am,23,Judge Carter,2026,2026-01,2026-04,2026-01-20,Tuesday,0,Harris County JP 1-1
Tue 1-20-2026 @ 1:00 pm — Harris County JP 1-2 w/Judge Duble — 5 Cases,https://jpwebsite.harriscountytx.gov/WebDockets/GetDocketDetail?date=01/20/2026&court=12&media=screen#0100PM,1/20/2026 1:00pm,1/20/2026 2:00pm,5,Judge Duble,2026,2026-01,2026-04,2026-01-20,Tuesday,0,Harris County JP 1-2
Tue 1-20-2026 @ 1:30 pm — Harris County JP 3-2 w/Judge Bates — 12 Cases,https://jpwebsite.harriscountytx.gov/WebDockets/GetDocketDetail?date=01/20/2026&court=32&media=screen#0130PM,1/20/2026 1:30pm,1/20/2026 2:00pm,12,Judge Bates,2026,2026-01,2026-04,2026-01-20,Tuesday,0,Harris County JP 3-2
Tue 1-20-2026 @ 1:00 pm — Harris County JP 4-1 w/Judge Goodwin — 29 Cases,https://jpwebsite.harriscountytx.gov/WebDockets/GetDocketDetail?date=01/20/2026&court=41&media=screen#0100PM,1/20/2026 1:00pm,1/20/2026 1:30pm,29,Judge Goodwin,2026,2026-01,2026-04,2026-01-20,Tuesday,0,Harris County JP 4-1
Tue 1-20-2026 @ 9:00 am — Harris County JP 4-1 w/Judge Goodwin — 85 Cases,https://jpwebsite.harriscountytx.gov/WebDockets/GetDocketDetail?date=01/20/2026&court=41&media=screen#0900AM,1/20/2026 9:00am,1/20/2026 9:30am,85,Judge Goodwin,2026,2026-01,2026-04,2026-01-20,Tuesday,0,Harris County JP 4-1
Tue 1-20-2026 @ 11:00 am — Harris County JP 4-2 w/Judge Korduba — 15 Cases,https://jpwebsite.harriscountytx.gov/WebDockets/GetDocketDetail?date=01/20/2026&court=42&media=screen#1100AM,1/20/2026 11:00am,1/20/2026 1:00pm,15,Judge Korduba,2026,2026-01,2026-04,2026-01-20,Tuesday,0,Harris County JP 4-2
Tue 1-20-2026 @ 1:00 pm — Harris County JP 4-2 w/Judge Korduba — 20 Cases,https://jpwebsite.harriscountytx.gov/WebDockets/GetDocketDetail?date=01/20/2026&court=42&media=screen#0100PM,1/20/2026 1:00pm,1/20/2026 2:00pm,20,Judge Korduba,2026,2026-01,2026-04,2026-01-20,Tuesday,0,Harris County JP 4-2
Tue 1-20-2026 @ 10:00 am — Harris County JP 4-2 w/Judge Korduba — 56 Cases,https://jpwebsite.harriscountytx.gov/WebDockets/GetDocketDetail?date=01/20/2026&court=42&media=screen#1000AM,1/20/2026 10:00am,1/20/2026 11:00am,56,Judge Korduba,2026,2026-01,2026-04,2026-01-20,Tuesday,0,Harris County JP 4-2
Tue 1-20-2026 @ 2:30 pm — Harris County JP 5-2 w/Judge Wolfe — 111 Cases,https://jpwebsite.harriscountytx.gov/WebDockets/GetDocketDetail?date=01/20/2026&court=52&media=screen#0230PM,1/20/2026 2:30pm,1/20/2026 3:00pm,111,Judge Wolfe,2026,2026-01,2026-04,2026-01-20,Tuesday,0,Harris County JP 5-2
Tue 1-20-2026 @ 10:00 am — Harris County JP 1-1 w/Judge Carter — 20 Cases,https://jpwebsite.harriscountytx.gov/WebDockets/GetDocketDetail?date=01/20/2026&court=11&media=screen#1000AM,1/20/2026 10:00am,1/20/2026 8:30am,20,Judge Carter,2026,2026-01,2026-04,2026-01-20,Tuesday,0,Harris County JP 1-1
Tue 1-20-2026 @ 9:00 am — Harris County JP 1-2 w/Judge Duble — 8 Cases,https://jpwebsite.harriscountytx.gov/WebDockets/GetDocketDetail?date=01/20/2026&court=12&media=screen#0900AM,1/20/2026 9:00am,1/20/2026 10:30am,8,Judge Duble,2026,2026-01,2026-04,2026-01-20,Tuesday,0,Harris County JP 1-2
Tue 1-20-2026 @ 10:30 am — Harris County JP 1-2 w/Judge Duble — 3 Cases,https://jpwebsite.harriscountytx.gov/WebDockets/GetDocketDetail?date=01/20/2026&court=12&media=screen#1030AM,1/20/2026 10:30am,1/20/2026 1:00pm,3,Judge Duble,2026,2026-01,2026-04,2026-01-20,Tuesday,0,Harris County JP 1-2
Tue 1-20-2026 @ 9:00 am — Harris County JP 2-1 w/Judge Delgado — 23 Cases,https://jpwebsite.harriscountytx.gov/WebDockets/GetDocketDetail?date=01/20/2026&court=21&media=screen#0900AM,1/20/2026 9:00am,1/20/2026 10:00am,23,Judge Delgado,2026,2026-01,2026-04,2026-01-20,Tuesday,0,Harris County JP 2-1
Tue 1-20-2026 @ 8:00 am — Harris County JP 2-1 w/Judge Delgado — 29 Cases,https://jpwebsite.harriscountytx.gov/WebDockets/GetDocketDetail?date=01/20/2026&court=21&media=screen#0800AM,1/20/2026 8:00am,1/20/2026 9:00am,29,Judge Delgado,2026,2026-01,2026-04,2026-01-20,Tuesday,0,Harris County JP 2-1
Tue 1-20-2026 @ 9:30 am — Harris County JP 5-2 w/Judge Wolfe — 41 Cases,https://jpwebsite.harriscountytx.gov/WebDockets/GetDocketDetail?date=01/20/2026&court=52&media=screen#0930AM,1/20/2026 9:30am,1/20/2026 10:00am,41,Judge Wolfe,2026,2026-01,2026-04,2026-01-20,Tuesday,0,Harris County JP 5-2
Tue 1-20-2026 @ 9:00 am — Harris County JP 7-2 w/Judge Burney — 45 Cases,https://jpwebsite.harriscountytx.gov/WebDockets/GetDocketDetail?date=01/20/2026&court=72&media=screen#0900AM,1/20/2026 9:00am,1/20/2026 10:00am,45,Judge Burney,2026,2026-01,2026-04,2026-01-20,Tuesday,0,Harris County JP 7-2
Wed 1-21-2026 @ 1:30 pm — Harris County JP 5-1 w/Judge Lombardino — 48 Cases,https://jpwebsite.harriscountytx.gov/WebDockets/GetDocketDetail?date=01/21/2026&court=51&media=screen#0130PM,1/21/2026 1:30pm,1/21/2026 2:00pm,48,Judge Lombardino,2026,2026-01,2026-04,2026-01-21,Wednesday,0,Harris County JP 5-1
Wed 1-21-2026 @ 9:00 am — Harris County JP 3-1 w/Judge Stephens — 35 Cases,https://jpwebsite.harriscountytx.gov/WebDockets/GetDocketDetail?date=01/21/2026&court=31&media=screen#0900AM,1/21/2026 9:00am,1/21/2026 9:30am,35,Judge Stephens,2026,2026-01,2026-04,2026-01-21,Wednesday,0,Harris County JP 3-1
Wed 1-21-2026 @ 9:00 am — Harris County JP 4-1 w/Judge Goodwin — 71 Cases,https://jpwebsite.harriscountytx.gov/WebDockets/GetDocketDetail?date=01/21/2026&court=41&media=screen#0900AM,1/21/2026 9:00am,1/21/2026 9:30am,71,Judge Goodwin,2026,2026-01,2026-04,2026-01-21,Wednesday,0,Harris County JP 4-1
Wed 1-21-2026 @ 9:30 am — Harris County JP 1-1 w/Judge Carter — 25 Cases,https://jpwebsite.harriscountytx.gov/WebDockets/GetDocketDetail?date=01/21/2026&court=11&media=screen#0930AM,1/21/2026 9:30am,1/21/2026 10:30am,25,Judge Carter,2026,2026-01,2026-04,2026-01-21,Wednesday,0,Harris County JP 1-1
Wed 1-21-2026 @ 10:30 am — Harris County JP 1-1 w/Judge Carter — 24 Cases,https://jpwebsite.harriscountytx.gov/WebDockets/GetDocketDetail?date=01/21/2026&court=11&media=screen#1030AM,1/21/2026 10:30am,1/21/2026 11:30am,24,Judge Carter,2026,2026-01,2026-04,2026-01-21,Wednesday,0,Harris County JP 1-1
Wed 1-21-2026 @ 8:30 am — Harris County JP 1-1 w/Judge Carter — 24 Cases,https://jpwebsite.harriscountytx.gov/WebDockets/GetDocketDetail?date=01/21/2026&court=11&media=screen#0830AM,1/21/2026 8:30am,1/21/2026 9:30am,24,Judge Carter,2026,2026-01,2026-04,2026-01-21,Wednesday,0,Harris County JP 1-1
Wed 1-21-2026 @ 10:30 am — Harris County JP 3-1 w/Judge Stephens — 4 Cases,https://jpwebsite.harriscountytx.gov/WebDockets/GetDocketDetail?date=01/21/2026&court=31&media=screen#1030AM,1/21/2026 10:30am,1/21/2026 11:00am,4,Judge Stephens,2026,2026-01,2026-04,2026-01-21,Wednesday,0,Harris County JP 3-1
Wed 1-21-2026 @ 9:00 am — Harris County JP 6-1 w/Judge Treviño — 14 Cases,https://jpwebsite.harriscountytx.gov/WebDockets/GetDocketDetail?date=01/21/2026&court=61&media=screen#0900AM,1/21/2026 9:00am,1/22/2026 4:30am,14,Judge Treviño,2026,2026-01,2026-04,2026-01-21,Wednesday,0,Harris County JP 6-1
Wed 1-21-2026 @ 9:00 am — Harris County JP 7-1 w/Judge Adams — 51 Cases,https://jpwebsite.harriscountytx.gov/WebDockets/GetDocketDetail?date=01/21/2026&court=71&media=screen#0900AM,1/21/2026 9:00am,1/21/2026 9:30am,51,Judge Adams,2026,2026-01,2026-04,2026-01-21,Wednesday,0,Harris County JP 7-1
Wed 1-21-2026 @ 9:00 am — Harris County JP 6-2 w/Judge Rodriguez — 1 Cases,https://jpwebsite.harriscountytx.gov/WebDockets/GetDocketDetail?date=01/21/2026&court=62&media=screen#0900AM,1/21/2026 9:00am,1/21/2026 9:00am,1,Judge Rodriguez,2026,2026-01,2026-04,2026-01-21,Wednesday,0,Harris County JP 6-2
Thu 1-22-2026 @ 8:00 am — Harris County JP 2-1 w/Judge Delgado — 15 Cases,https://jpwebsite.harriscountytx.gov/WebDockets/GetDocketDetail?date=01/22/2026&court=21&media=screen#0800AM,1/22/2026 8:00am,1/22/2026 8:01am,15,Judge Delgado,2026,2026-01,2026-04,2026-01-22,Thursday,0,Harris County JP 2-1
Thu 1-22-2026 @ 2:30 pm — Harris County JP 5-2 w/Judge Wolfe — 84 Cases,https://jpwebsite.harriscountytx.gov/WebDockets/GetDocketDetail?date=01/22/2026&court=52&media=screen#0230PM,1/22/2026 2:30pm,1/22/2026 3:00pm,84,Judge Wolfe,2026,2026-01,2026-04,2026-01-22,Thursday,0,Harris County JP 5-2
Thu 1-22-2026 @ 8:01 am — Harris County JP 2-1 w/Judge Delgado — 4 Cases,https://jpwebsite.harriscountytx.gov/WebDockets/GetDocketDetail?date=01/22/2026&court=21&media=screen#0801AM,1/22/2026 8:01am,1/22/2026 9:01am,4,Judge Delgado,2026,2026-01,2026-04,2026-01-22,Thursday,0,Harris County JP 2-1
Thu 1-22-2026 @ 10:00 am — Harris County JP 2-2 w/Judge Lozano — 6 Cases,https://jpwebsite.harriscountytx.gov/WebDockets/GetDocketDetail?date=01/22/2026&court=22&media=screen#1000AM,1/22/2026 10:00am,1/22/2026 11:00am,6,Judge Lozano,2026,2026-01,2026-04,2026-01-22,Thursday,0,Harris County JP 2-2
Thu 1-22-2026 @ 9:00 am — Harris County JP 2-2 w/Judge Lozano — 11 Cases,https://jpwebsite.harriscountytx.gov/WebDockets/GetDocketDetail?date=01/22/2026&court=22&media=screen#0900AM,1/22/2026 9:00am,1/22/2026 10:00am,11,Judge Lozano,2026,2026-01,2026-04,2026-01-22,Thursday,0,Harris County JP 2-2
Thu 1-22-2026 @ 9:00 am — Harris County JP 4-1 w/Judge Goodwin — 41 Cases,https://jpwebsite.harriscountytx.gov/WebDockets/GetDocketDetail?date=01/22/2026&court=41&media=screen#0900AM,1/22/2026 9:00am,1/22/2026 9:30am,41,Judge Goodwin,2026,2026-01,2026-04,2026-01-22,Thursday,0,Harris County JP 4-1
Thu 1-22-2026 @ 9:00 am — Harris County JP 8-1 w/Judge Williamson — 26 Cases,https://jpwebsite.harriscountytx.gov/WebDockets/GetDocketDetail?date=01/22/2026&court=81&media=screen#0900AM,1/22/2026 9:00am,1/22/2026 10:00am,26,Judge Williamson,2026,2026-01,2026-04,2026-01-22,Thursday,0,Harris County JP 8-1
Fri 1-23-2026 @ 9:00 am — Harris County JP 5-1 w/Judge Lombardino — 12 Cases,https://jpwebsite.harriscountytx.gov/WebDockets/GetDocketDetail?date=01/23/2026&court=51&media=screen#0900AM,1/23/2026 9:00am,1/23/2026 9:30am,12,Judge Lombardino,2026,2026-01,2026-04,2026-01-23,Friday,0,Harris County JP 5-1
Fri 1-23-2026 @ 10:00 am — Harris County JP 1-1 w/Judge Carter — 1 Cases,https://jpwebsite.harriscountytx.gov/WebDockets/GetDocketDetail?date=01/23/2026&court=11&media=screen#1000AM,1/23/2026 10:00am,1/23/2026 11:00am,1,Judge Carter,2026,2026-01,2026-04,2026-01-23,Friday,0,Harris County JP 1-1
Fri 1-23-2026 @ 9:00 am — Harris County JP 4-1 w/Judge Goodwin — 1 Cases,https://jpwebsite.harriscountytx.gov/WebDockets/GetDocketDetail?date=01/23/2026&court=41&media=screen#0900AM,1/23/2026 9:00am,1/23/2026 9:30am,1,Judge Goodwin,2026,2026-01,2026-04,2026-01-23,Friday,0,Harris County JP 4-1
Fri 1-23-2026 @ 9:00 am — Harris County JP 6-2 w/Judge Rodriguez — 9 Cases,https://jpwebsite.harriscountytx.gov/WebDockets/GetDocketDetail?date=01/23/2026&court=62&media=screen#0900AM,1/23/2026 9:00am,1/25/2026 9:00am,9,Judge Rodriguez,2026,2026-01,2026-04,2026-01-23,Friday,0,Harris County JP 6-2
Mon 1-26-2026 @ 11:15 am — Harris County JP 1-1 w/Judge Carter — 1 Cases,https://jpwebsite.harriscountytx.gov/WebDockets/GetDocketDetail?date=01/26/2026&court=11&media=screen#1115AM,1/26/2026 11:15am,1/27/2026 9:00am,1,Judge Carter,2026,2026-01,2026-05,2026-01-26,Monday,0,Harris County JP 1-1
Mon 1-26-2026 @ 1:00 pm — Harris County JP 4-1 w/Judge Goodwin — 1 Cases,https://jpwebsite.harriscountytx.gov/WebDockets/GetDocketDetail?date=01/26/2026&court=41&media=screen#0100PM,1/26/2026 1:00pm,1/26/2026 1:30pm,1,Judge Goodwin,2026,2026-01,2026-05,2026-01-26,Monday,0,Harris County JP 4-1
Mon 1-26-2026 @ 9:00 am — Harris County JP 4-1 w/Judge Goodwin — 58 Cases,https://jpwebsite.harriscountytx.gov/WebDockets/GetDocketDetail?date=01/26/2026&court=41&media=screen#0900AM,1/26/2026 9:00am,1/26/2026 9:30am,58,Judge Goodwin,2026,2026-01,2026-05,2026-01-26,Monday,0,Harris County JP 4-1
Tue 1-27-2026 @ 9:00 am — Harris County JP 4-1 w/Judge Goodwin — 55 Cases,https://jpwebsite.harriscountytx.gov/WebDockets/GetDocketDetail?date=01/27/2026&court=41&media=screen#0900AM,1/27/2026 9:00am,1/27/2026 9:30am,55,Judge Goodwin,2026,2026-01,2026-05,2026-01-27,Tuesday,0,Harris County JP 4-1
Tue 1-27-2026 @ 1:30 pm — Harris County JP 5-1 w/Judge Lombardino — 40 Cases,https://jpwebsite.harriscountytx.gov/WebDockets/GetDocketDetail?date=01/27/2026&court=51&media=screen#0130PM,1/27/2026 1:30pm,1/27/2026 2:00pm,40,Judge Lombardino,2026,2026-01,2026-05,2026-01-27,Tuesday,0,Harris County JP 5-1
Tue 1-27-2026 @ 1:00 pm — Harris County JP 1-2 w/Judge Duble — 7 Cases,https://jpwebsite.harriscountytx.gov/WebDockets/GetDocketDetail?date=01/27/2026&court=12&media=screen#0100PM,1/27/2026 1:00pm,1/27/2026 2:00pm,7,Judge Duble,2026,2026-01,2026-05,2026-01-27,Tuesday,0,Harris County JP 1-2
Tue 1-27-2026 @ 9:00 am — Harris County JP 1-2 w/Judge Duble — 12 Cases,https://jpwebsite.harriscountytx.gov/WebDockets/GetDocketDetail?date=01/27/2026&court=12&media=screen#0900AM,1/27/2026 9:00am,1/27/2026 1:00pm,12,Judge Duble,2026,2026-01,2026-05,2026-01-27,Tuesday,0,Harris County JP 1-2
Tue 1-27-2026 @ 1:00 pm — Harris County JP 4-2 w/Judge Korduba — 7 Cases,https://jpwebsite.harriscountytx.gov/WebDockets/GetDocketDetail?date=01/27/2026&court=42&media=screen#0100PM,1/27/2026 1:00pm,1/27/2026 2:00pm,7,Judge Korduba,2026,2026-01,2026-05,2026-01-27,Tuesday,0,Harris County JP 4-2
Tue 1-27-2026 @ 10:00 am — Harris County JP 4-2 w/Judge Korduba — 28 Cases,https://jpwebsite.harriscountytx.gov/WebDockets/GetDocketDetail?date=01/27/2026&court=42&media=screen#1000AM,1/27/2026 10:00am,1/27/2026 11:00am,28,Judge Korduba,2026,2026-01,2026-05,2026-01-27,Tuesday,0,Harris County JP 4-2
Tue 1-27-2026 @ 11:00 am — Harris County JP 4-2 w/Judge Korduba — 18 Cases,https://jpwebsite.harriscountytx.gov/WebDockets/GetDocketDetail?date=01/27/2026&court=42&media=screen#1100AM,1/27/2026 11:00am,1/27/2026 1:00pm,18,Judge Korduba,2026,2026-01,2026-05,2026-01-27,Tuesday,0,Harris County JP 4-2
Tue 1-27-2026 @ 1:00 pm — Harris County JP 5-2 w/Judge Wolfe — 191 Cases,https://jpwebsite.harriscountytx.gov/WebDockets/GetDocketDetail?date=01/27/2026&court=52&media=screen#0100PM,1/27/2026 1:00pm,1/27/2026 1:30pm,191,Judge Wolfe,2026,2026-01,2026-05,2026-01-27,Tuesday,0,Harris County JP 5-2
Tue 1-27-2026 @ 2:30 pm — Harris County JP 5-2 w/Judge Wolfe — 7 Cases,https://jpwebsite.harriscountytx.gov/WebDockets/GetDocketDetail?date=01/27/2026&court=52&media=screen#0230PM,1/27/2026 2:30pm,1/27/2026 3:00pm,7,Judge Wolfe,2026,2026-01,2026-05,2026-01-27,Tuesday,0,Harris County JP 5-2
Tue 1-27-2026 @ 9:00 am — Harris County JP 7-2 w/Judge Burney — 58 Cases,https://jpwebsite.harriscountytx.gov/WebDockets/GetDocketDetail?date=01/27/2026&court=72&media=screen#0900AM,1/27/2026 9:00am,1/27/2026 11:00am,58,Judge Burney,2026,2026-01,2026-05,2026-01-27,Tuesday,0,Harris County JP 7-2
Tue 1-27-2026 @ 11:00 am — Harris County JP 7-2 w/Judge Burney — 25 Cases,https://jpwebsite.harriscountytx.gov/WebDockets/GetDocketDetail?date=01/27/2026&court=72&media=screen#1100AM,1/27/2026 11:00am,1/28/2026 8:30am,25,Judge Burney,2026,2026-01,2026-05,2026-01-27,Tuesday,0,Harris County JP 7-2
Wed 1-28-2026 @ 10:30 am — Harris County JP 1-1 w/Judge Carter — 14 Cases,https://jpwebsite.harriscountytx.gov/WebDockets/GetDocketDetail?date=01/28/2026&court=11&media=screen#1030AM,1/28/2026 10:30am,1/28/2026 11:30am,14,Judge Carter,2026,2026-01,2026-05,2026-01-28,Wednesday,0,Harris County JP 1-1
Wed 1-28-2026 @ 9:30 am — Harris County JP 1-1 w/Judge Carter — 21 Cases,https://jpwebsite.harriscountytx.gov/WebDockets/GetDocketDetail?date=01/28/2026&court=11&media=screen#0930AM,1/28/2026 9:30am,1/28/2026 10:30am,21,Judge Carter,2026,2026-01,2026-05,2026-01-28,Wednesday,0,Harris County JP 1-1
Wed 1-28-2026 @ 8:30 am — Harris County JP 1-1 w/Judge Carter — 22 Cases,https://jpwebsite.harriscountytx.gov/WebDockets/GetDocketDetail?date=01/28/2026&court=11&media=screen#0830AM,1/28/2026 8:30am,1/28/2026 9:30am,22,Judge Carter,2026,2026-01,2026-05,2026-01-28,Wednesday,0,Harris County JP 1-1
Wed 1-28-2026 @ 8:01 am — Harris County JP 2-1 w/Judge Delgado — 12 Cases,https://jpwebsite.harriscountytx.gov/WebDockets/GetDocketDetail?date=01/28/2026&court=21&media=screen#0801AM,1/28/2026 8:01am,1/28/2026 8:31am,12,Judge Delgado,2026,2026-01,2026-05,2026-01-28,Wednesday,0,Harris County JP 2-1
Wed 1-28-2026 @ 8:00 am — Harris County JP 2-1 w/Judge Delgado — 26 Cases,https://jpwebsite.harriscountytx.gov/WebDockets/GetDocketDetail?date=01/28/2026&court=21&media=screen#0800AM,1/28/2026 8:00am,1/28/2026 8:01am,26,Judge Delgado,2026,2026-01,2026-05,2026-01-28,Wednesday,0,Harris County JP 2-1
Wed 1-28-2026 @ 2:00 pm — Harris County JP 2-1 w/Judge Delgado — 11 Cases,https://jpwebsite.harriscountytx.gov/WebDockets/GetDocketDetail?date=01/28/2026&court=21&media=screen#0200PM,1/28/2026 2:00pm,1/28/2026 2:30pm,11,Judge Delgado,2026,2026-01,2026-05,2026-01-28,Wednesday,0,Harris County JP 2-1
Wed 1-28-2026 @ 9:00 am — Harris County JP 3-1 w/Judge Stephens — 33 Cases,https://jpwebsite.harriscountytx.gov/WebDockets/GetDocketDetail?date=01/28/2026&court=31&media=screen#0900AM,1/28/2026 9:00am,1/28/2026 10:30am,33,Judge Stephens,2026,2026-01,2026-05,2026-01-28,Wednesday,0,Harris County JP 3-1
Wed 1-28-2026 @ 10:30 am — Harris County JP 3-1 w/Judge Stephens — 33 Cases,https://jpwebsite.harriscountytx.gov/WebDockets/GetDocketDetail?date=01/28/2026&court=31&media=screen#1030AM,1/28/2026 10:30am,1/28/2026 12:00pm,33,Judge Stephens,2026,2026-01,2026-05,2026-01-28,Wednesday,0,Harris County JP 3-1
Wed 1-28-2026 @ 9:00 am — Harris County JP 4-1 w/Judge Goodwin — 1 Cases,https://jpwebsite.harriscountytx.gov/WebDockets/GetDocketDetail?date=01/28/2026&court=41&media=screen#0900AM,1/28/2026 9:00am,1/28/2026 9:30am,1,Judge Goodwin,2026,2026-01,2026-05,2026-01-28,Wednesday,0,Harris County JP 4-1
Wed 1-28-2026 @ 9:00 am — Harris County JP 6-1 w/Judge Treviño — 23 Cases,https://jpwebsite.harriscountytx.gov/WebDockets/GetDocketDetail?date=01/28/2026&court=61&media=screen#0900AM,1/28/2026 9:00am,1/29/2026 9:00am,23,Judge Treviño,2026,2026-01,2026-05,2026-01-28,Wednesday,0,Harris County JP 6-1
Wed 1-28-2026 @ 9:00 am — Harris County JP 7-1 w/Judge Adams — 48 Cases,https://jpwebsite.harriscountytx.gov/WebDockets/GetDocketDetail?date=01/28/2026&court=71&media=screen#0900AM,1/28/2026 9:00am,1/28/2026 9:30am,48,Judge Adams,2026,2026-01,2026-05,2026-01-28,Wednesday,0,Harris County JP 7-1
Thu 1-29-2026 @ 2:30 pm — Harris County JP 5-2 w/Judge Wolfe — 133 Cases,https://jpwebsite.harriscountytx.gov/WebDockets/GetDocketDetail?date=01/29/2026&court=52&media=screen#0230PM,1/29/2026 2:30pm,1/29/2026 3:00pm,133,Judge Wolfe,2026,2026-01,2026-05,2026-01-29,Thursday,0,Harris County JP 5-2
Thu 1-29-2026 @ 3:00 pm — Harris County JP 1-1 w/Judge Carter — 22 Cases,https://jpwebsite.harriscountytx.gov/WebDockets/GetDocketDetail?date=01/29/2026&court=11&media=screen#0300PM,1/29/2026 3:00pm,1/29/2026 3:30pm,22,Judge Carter,2026,2026-01,2026-05,2026-01-29,Thursday,0,Harris County JP 1-1
Thu 1-29-2026 @ 3:30 pm — Harris County JP 1-1 w/Judge Carter — 5 Cases,https://jpwebsite.harriscountytx.gov/WebDockets/GetDocketDetail?date=01/29/2026&court=11&media=screen#0330PM,1/29/2026 3:30pm,1/29/2026 4:30pm,5,Judge Carter,2026,2026-01,2026-05,2026-01-29,Thursday,0,Harris County JP 1-1
Thu 1-29-2026 @ 1:00 pm — Harris County JP 1-1 w/Judge Carter — 22 Cases,https://jpwebsite.harriscountytx.gov/WebDockets/GetDocketDetail?date=01/29/2026&court=11&media=screen#0100PM,1/29/2026 1:00pm,1/29/2026 2:00pm,22,Judge Carter,2026,2026-01,2026-05,2026-01-29,Thursday,0,Harris County JP 1-1
Thu 1-29-2026 @ 8:30 am — Harris County JP 1-1 w/Judge Carter — 25 Cases,https://jpwebsite.harriscountytx.gov/WebDockets/GetDocketDetail?date=01/29/2026&court=11&media=screen#0830AM,1/29/2026 8:30am,1/29/2026 9:30am,25,Judge Carter,2026,2026-01,2026-05,2026-01-29,Thursday,0,Harris County JP 1-1
Thu 1-29-2026 @ 2:00 pm — Harris County JP 1-1 w/Judge Carter — 17 Cases,https://jpwebsite.harriscountytx.gov/WebDockets/GetDocketDetail?date=01/29/2026&court=11&media=screen#0200PM,1/29/2026 2:00pm,1/29/2026 3:00pm,17,Judge Carter,2026,2026-01,2026-05,2026-01-29,Thursday,0,Harris County JP 1-1
Thu 1-29-2026 @ 10:30 am — Harris County JP 1-1 w/Judge Carter — 20 Cases,https://jpwebsite.harriscountytx.gov/WebDockets/GetDocketDetail?date=01/29/2026&court=11&media=screen#1030AM,1/29/2026 10:30am,1/29/2026 11:30am,20,Judge Carter,2026,2026-01,2026-05,2026-01-29,Thursday,0,Harris County JP 1-1
Thu 1-29-2026 @ 9:30 am — Harris County JP 1-1 w/Judge Carter — 20 Cases,https://jpwebsite.harriscountytx.gov/WebDockets/GetDocketDetail?date=01/29/2026&court=11&media=screen#0930AM,1/29/2026 9:30am,1/29/2026 10:30am,20,Judge Carter,2026,2026-01,2026-05,2026-01-29,Thursday,0,Harris County JP 1-1
Thu 1-29-2026 @ 10:00 am — Harris County JP 2-2 w/Judge Lozano — 22 Cases,https://jpwebsite.harriscountytx.gov/WebDockets/GetDocketDetail?date=01/29/2026&court=22&media=screen#1000AM,1/29/2026 10:00am,1/29/2026 11:00am,22,Judge Lozano,2026,2026-01,2026-05,2026-01-29,Thursday,0,Harris County JP 2-2
Thu 1-29-2026 @ 9:00 am — Harris County JP 2-2 w/Judge Lozano — 15 Cases,https://jpwebsite.harriscountytx.gov/WebDockets/GetDocketDetail?date=01/29/2026&court=22&media=screen#0900AM,1/29/2026 9:00am,1/29/2026 10:00am,15,Judge Lozano,2026,2026-01,2026-05,2026-01-29,Thursday,0,Harris County JP 2-2
Thu 1-29-2026 @ 9:00 am — Harris County JP 4-1 w/Judge Goodwin — 15 Cases,https://jpwebsite.harriscountytx.gov/WebDockets/GetDocketDetail?date=01/29/2026&court=41&media=screen#0900AM,1/29/2026 9:00am,1/29/2026 9:30am,15,Judge Goodwin,2026,2026-01,2026-05,2026-01-29,Thursday,0,Harris County JP 4-1
Thu 1-29-2026 @ 1:30 pm — Harris County JP 5-1 w/Judge Lombardino — 41 Cases,https://jpwebsite.harriscountytx.gov/WebDockets/GetDocketDetail?date=01/29/2026&court=51&media=screen#0130PM,1/29/2026 1:30pm,1/29/2026 2:00pm,41,Judge Lombardino,2026,2026-01,2026-05,2026-01-29,Thursday,0,Harris County JP 5-1
Thu 1-29-2026 @ 9:00 am — Harris County JP 8-1 w/Judge Williamson — 66 Cases,https://jpwebsite.harriscountytx.gov/WebDockets/GetDocketDetail?date=01/29/2026&court=81&media=screen#0900AM,1/29/2026 9:00am,1/29/2026 10:00am,66,Judge Williamson,2026,2026-01,2026-05,2026-01-29,Thursday,0,Harris County JP 8-1
Fri 1-30-2026 @ 9:30 am — Harris County JP 3-2 w/Judge Bates — 28 Cases,https://jpwebsite.harriscountytx.gov/WebDockets/GetDocketDetail?date=01/30/2026&court=32&media=screen#0930AM,1/30/2026 9:30am,1/30/2026 11:00am,28,Judge Bates,2026,2026-01,2026-05,2026-01-30,Friday,0,Harris County JP 3-2
Fri 1-30-2026 @ 9:00 am — Harris County JP 4-1 w/Judge Goodwin — 5 Cases,https://jpwebsite.harriscountytx.gov/WebDockets/GetDocketDetail?date=01/30/2026&court=41&media=screen#0900AM,1/30/2026 9:00am,1/30/2026 9:30am,5,Judge Goodwin,2026,2026-01,2026-05,2026-01-30,Friday,0,Harris County JP 4-1
Fri 1-30-2026 @ 9:00 am — Harris County JP 5-1 w/Judge Lombardino — 11 Cases,https://jpwebsite.harriscountytx.gov/WebDockets/GetDocketDetail?date=01/30/2026&court=51&media=screen#0900AM,1/30/2026 9:00am,1/30/2026 9:30am,11,Judge Lombardino,2026,2026-01,2026-05,2026-01-30,Friday,0,Harris County JP 5-1
Fri 1-30-2026 @ 9:00 am — Harris County JP 6-2 w/Judge Rodriguez — 13 Cases,https://jpwebsite.harriscountytx.gov/WebDockets/GetDocketDetail?date=01/30/2026&court=62&media=screen#0900AM,1/30/2026 9:00am,1/31/2026 9:00am,13,Judge Rodriguez,2026,2026-01,2026-05,2026-01-30,Friday,0,Harris County JP 6-2
Fri 1-30-2026 @ 12:30 pm — Harris County JP 7-1 w/Judge Adams — 1 Cases,https://jpwebsite.harriscountytx.gov/WebDockets/GetDocketDetail?date=01/30/2026&court=71&media=screen#1230PM,1/30/2026 12:30pm,1/30/2026 1:00pm,1,Judge Adams,2026,2026-01,2026-05,2026-01-30,Friday,0,Harris County JP 7-1
Mon 2-2-2026 @ 11:15 am — Harris County JP 1-1 w/Judge Carter — 7 Cases,https://jpwebsite.harriscountytx.gov/WebDockets/GetDocketDetail?date=02/02/2026&court=11&media=screen#1115AM,2/2/2026 11:15am,2/2/2026 11:45am,7,Judge Carter,2026,2026-02,2026-06,2026-02-02,Monday,0,Harris County JP 1-1
Mon 2-2-2026 @ 9:30 am — Harris County JP 1-1 w/Judge Carter — 21 Cases,https://jpwebsite.harriscountytx.gov/WebDockets/GetDocketDetail?date=02/02/2026&court=11&media=screen#0930AM,2/2/2026 9:30am,2/2/2026 10:30am,21,Judge Carter,2026,2026-02,2026-06,2026-02-02,Monday,0,Harris County JP 1-1
Mon 2-2-2026 @ 8:30 am — Harris County JP 1-1 w/Judge Carter — 23 Cases,https://jpwebsite.harriscountytx.gov/WebDockets/GetDocketDetail?date=02/02/2026&court=11&media=screen#0830AM,2/2/2026 8:30am,2/2/2026 9:30am,23,Judge Carter,2026,2026-02,2026-06,2026-02-02,Monday,0,Harris County JP 1-1
Mon 2-2-2026 @ 10:30 am — Harris County JP 1-1 w/Judge Carter — 20 Cases,https://jpwebsite.harriscountytx.gov/WebDockets/GetDocketDetail?date=02/02/2026&court=11&media=screen#1030AM,2/2/2026 10:30am,2/2/2026 11:15am,20,Judge Carter,2026,2026-02,2026-06,2026-02-02,Monday,0,Harris County JP 1-1
Mon 2-2-2026 @ 1:00 pm — Harris County JP 4-1 w/Judge Goodwin — 61 Cases,https://jpwebsite.harriscountytx.gov/WebDockets/GetDocketDetail?date=02/02/2026&court=41&media=screen#0100PM,2/2/2026 1:00pm,2/2/2026 1:30pm,61,Judge Goodwin,2026,2026-02,2026-06,2026-02-02,Monday,0,Harris County JP 4-1
Mon 2-2-2026 @ 9:00 am — Harris County JP 4-1 w/Judge Goodwin — 84 Cases,https://jpwebsite.harriscountytx.gov/WebDockets/GetDocketDetail?date=02/02/2026&court=41&media=screen#0900AM,2/2/2026 9:00am,2/2/2026 9:30am,84,Judge Goodwin,2026,2026-02,2026-06,2026-02-02,Monday,0,Harris County JP 4-1
Mon 2-2-2026 @ 2:30 pm — Harris County JP 5-2 w/Judge Wolfe — 100 Cases,https://jpwebsite.harriscountytx.gov/WebDockets/GetDocketDetail?date=02/02/2026&court=52&media=screen#0230PM,2/2/2026 2:30pm,2/2/2026 3:00pm,100,Judge Wolfe,2026,2026-02,2026-06,2026-02-02,Monday,0,Harris County JP 5-2
Mon 2-2-2026 @ 2:00 pm — Harris County JP 6-1 w/Judge Treviño — 2 Cases,https://jpwebsite.harriscountytx.gov/WebDockets/GetDocketDetail?date=02/02/2026&court=61&media=screen#0200PM,2/2/2026 2:00pm,2/2/2026 9:00am,2,Judge Treviño,2026,2026-02,2026-06,2026-02-02,Monday,0,Harris County JP 6-1
Tue 2-3-2026 @ 9:00 am — Harris County JP 7-2 w/Judge Burney — 60 Cases,https://jpwebsite.harriscountytx.gov/WebDockets/GetDocketDetail?date=02/03/2026&court=72&media=screen#0900AM,2/3/2026 9:00am,2/3/2026 11:00am,60,Judge Burney,2026,2026-02,2026-06,2026-02-03,Tuesday,0,Harris County JP 7-2
Tue 2-3-2026 @ 9:00 am — Harris County JP 1-1 w/Judge Carter — 19 Cases,https://jpwebsite.harriscountytx.gov/WebDockets/GetDocketDetail?date=02/03/2026&court=11&media=screen#0900AM,2/3/2026 9:00am,2/3/2026 9:30am,19,Judge Carter,2026,2026-02,2026-06,2026-02-03,Tuesday,0,Harris County JP 1-1
Tue 2-3-2026 @ 9:00 am — Harris County JP 1-2 w/Judge Duble — 10 Cases,https://jpwebsite.harriscountytx.gov/WebDockets/GetDocketDetail?date=02/03/2026&court=12&media=screen#0900AM,2/3/2026 9:00am,2/3/2026 10:30am,10,Judge Duble,2026,2026-02,2026-06,2026-02-03,Tuesday,0,Harris County JP 1-2
Tue 2-3-2026 @ 1:00 pm — Harris County JP 1-2 w/Judge Duble — 12 Cases,https://jpwebsite.harriscountytx.gov/WebDockets/GetDocketDetail?date=02/03/2026&court=12&media=screen#0100PM,2/3/2026 1:00pm,2/3/2026 2:00pm,12,Judge Duble,2026,2026-02,2026-06,2026-02-03,Tuesday,0,Harris County JP 1-2
Tue 2-3-2026 @ 10:30 am — Harris County JP 1-2 w/Judge Duble — 10 Cases,https://jpwebsite.harriscountytx.gov/WebDockets/GetDocketDetail?date=02/03/2026&court=12&media=screen#1030AM,2/3/2026 10:30am,2/3/2026 1:00pm,10,Judge Duble,2026,2026-02,2026-06,2026-02-03,Tuesday,0,Harris County JP 1-2
Tue 2-3-2026 @ 9:00 am — Harris County JP 4-1 w/Judge Goodwin — 59 Cases,https://jpwebsite.harriscountytx.gov/WebDockets/GetDocketDetail?date=02/03/2026&court=41&media=screen#0900AM,2/3/2026 9:00am,2/3/2026 9:30am,59,Judge Goodwin,2026,2026-02,2026-06,2026-02-03,Tuesday,0,Harris County JP 4-1
Tue 2-3-2026 @ 1:30 pm — Harris County JP 5-1 w/Judge Lombardino — 66 Cases,https://jpwebsite.harriscountytx.gov/WebDockets/GetDocketDetail?date=02/03/2026&court=51&media=screen#0130PM,2/3/2026 1:30pm,2/3/2026 2:00pm,66,Judge Lombardino,2026,2026-02,2026-06,2026-02-03,Tuesday,0,Harris County JP 5-1
Tue 2-3-2026 @ 2:30 pm — Harris County JP 5-2 w/Judge Wolfe — 98 Cases,https://jpwebsite.harriscountytx.gov/WebDockets/GetDocketDetail?date=02/03/2026&court=52&media=screen#0230PM,2/3/2026 2:30pm,2/3/2026 3:00pm,98,Judge Wolfe,2026,2026-02,2026-06,2026-02-03,Tuesday,0,Harris County JP 5-2
Tue 2-3-2026 @ 1:00 pm — Harris County JP 7-2 w/Judge Burney — 28 Cases,https://jpwebsite.harriscountytx.gov/WebDockets/GetDocketDetail?date=02/03/2026&court=72&media=screen#0100PM,2/3/2026 1:00pm,2/3/2026 3:00pm,28,Judge Burney,2026,2026-02,2026-06,2026-02-03,Tuesday,0,Harris County JP 7-2
Tue 2-3-2026 @ 11:00 am — Harris County JP 7-2 w/Judge Burney — 52 Cases,https://jpwebsite.harriscountytx.gov/WebDockets/GetDocketDetail?date=02/03/2026&court=72&media=screen#1100AM,2/3/2026 11:00am,2/3/2026 1:00pm,52,Judge Burney,2026,2026-02,2026-06,2026-02-03,Tuesday,0,Harris County JP 7-2
Wed 2-4-2026 @ 9:00 am — Harris County JP 3-1 w/Judge Stephens — 40 Cases,https://jpwebsite.harriscountytx.gov/WebDockets/GetDocketDetail?date=02/04/2026&court=31&media=screen#0900AM,2/4/2026 9:00am,2/4/2026 10:30am,40,Judge Stephens,2026,2026-02,2026-06,2026-02-04,Wednesday,0,Harris County JP 3-1
Wed 2-4-2026 @ 10:30 am — Harris County JP 1-1 w/Judge Carter — 24 Cases,https://jpwebsite.harriscountytx.gov/WebDockets/GetDocketDetail?date=02/04/2026&court=11&media=screen#1030AM,2/4/2026 10:30am,2/4/2026 11:00am,24,Judge Carter,2026,2026-02,2026-06,2026-02-04,Wednesday,0,Harris County JP 1-1
Wed 2-4-2026 @ 8:30 am — Harris County JP 1-1 w/Judge Carter — 23 Cases,https://jpwebsite.harriscountytx.gov/WebDockets/GetDocketDetail?date=02/04/2026&court=11&media=screen#0830AM,2/4/2026 8:30am,2/4/2026 9:00am,23,Judge Carter,2026,2026-02,2026-06,2026-02-04,Wednesday,0,Harris County JP 1-1
Wed 2-4-2026 @ 9:00 am — Harris County JP 1-1 w/Judge Carter — 17 Cases,https://jpwebsite.harriscountytx.gov/WebDockets/GetDocketDetail?date=02/04/2026&court=11&media=screen#0900AM,2/4/2026 9:00am,2/4/2026 10:30am,17,Judge Carter,2026,2026-02,2026-06,2026-02-04,Wednesday,0,Harris County JP 1-1
Wed 2-4-2026 @ 10:30 am — Harris County JP 3-1 w/Judge Stephens — 30 Cases,https://jpwebsite.harriscountytx.gov/WebDockets/GetDocketDetail?date=02/04/2026&court=31&media=screen#1030AM,2/4/2026 10:30am,2/4/2026 12:00pm,30,Judge Stephens,2026,2026-02,2026-06,2026-02-04,Wednesday,0,Harris County JP 3-1
Wed 2-4-2026 @ 9:00 am — Harris County JP 4-2 w/Judge Korduba — 43 Cases,https://jpwebsite.harriscountytx.gov/WebDockets/GetDocketDetail?date=02/04/2026&court=42&media=screen#0900AM,2/4/2026 9:00am,2/4/2026 9:30am,43,Judge Korduba,2026,2026-02,2026-06,2026-02-04,Wednesday,0,Harris County JP 4-2
Wed 2-4-2026 @ 11:00 am — Harris County JP 4-2 w/Judge Korduba — 16 Cases,https://jpwebsite.harriscountytx.gov/WebDockets/GetDocketDetail?date=02/04/2026&court=42&media=screen#1100AM,2/4/2026 11:00am,2/4/2026 11:30am,16,Judge Korduba,2026,2026-02,2026-06,2026-02-04,Wednesday,0,Harris County JP 4-2
Wed 2-4-2026 @ 10:00 am — Harris County JP 4-2 w/Judge Korduba — 10 Cases,https://jpwebsite.harriscountytx.gov/WebDockets/GetDocketDetail?date=02/04/2026&court=42&media=screen#1000AM,2/4/2026 10:00am,2/4/2026 10:30am,10,Judge Korduba,2026,2026-02,2026-06,2026-02-04,Wednesday,0,Harris County JP 4-2
Wed 2-4-2026 @ 1:30 pm — Harris County JP 5-1 w/Judge Lombardino — 53 Cases,https://jpwebsite.harriscountytx.gov/WebDockets/GetDocketDetail?date=02/04/2026&court=51&media=screen#0130PM,2/4/2026 1:30pm,2/4/2026 2:00pm,53,Judge Lombardino,2026,2026-02,2026-06,2026-02-04,Wednesday,0,Harris County JP 5-1
Wed 2-4-2026 @ 9:00 am — Harris County JP 6-1 w/Judge Treviño — 36 Cases,https://jpwebsite.harriscountytx.gov/WebDockets/GetDocketDetail?date=02/04/2026&court=61&media=screen#0900AM,2/4/2026 9:00am,2/4/2026 12:45pm,36,Judge Treviño,2026,2026-02,2026-06,2026-02-04,Wednesday,0,Harris County JP 6-1
Wed 2-4-2026 @ 1:00 pm — Harris County JP 6-2 w/Judge Rodriguez — 13 Cases,https://jpwebsite.harriscountytx.gov/WebDockets/GetDocketDetail?date=02/04/2026&court=62&media=screen#0100PM,2/4/2026 1:00pm,2/4/2026 9:00am,13,Judge Rodriguez,2026,2026-02,2026-06,2026-02-04,Wednesday,0,Harris County JP 6-2
Wed 2-4-2026 @ 9:00 am — Harris County JP 6-2 w/Judge Rodriguez — 21 Cases,https://jpwebsite.harriscountytx.gov/WebDockets/GetDocketDetail?date=02/04/2026&court=62&media=screen#0900AM,2/4/2026 9:00am,2/4/2026 1:00pm,21,Judge Rodriguez,2026,2026-02,2026-06,2026-02-04,Wednesday,0,Harris County JP 6-2
Wed 2-4-2026 @ 9:00 am — Harris County JP 7-1 w/Judge Adams — 55 Cases,https://jpwebsite.harriscountytx.gov/WebDockets/GetDocketDetail?date=02/04/2026&court=71&media=screen#0900AM,2/4/2026 9:00am,2/4/2026 9:30am,55,Judge Adams,2026,2026-02,2026-06,2026-02-04,Wednesday,0,Harris County JP 7-1
Thu 2-5-2026 @ 1:30 pm — Harris County JP 2-1 w/Judge Delgado — 16 Cases,https://jpwebsite.harriscountytx.gov/WebDockets/GetDocketDetail?date=02/05/2026&court=21&media=screen#0130PM,2/5/2026 1:30pm,2/5/2026 1:40pm,16,Judge Delgado,2026,2026-02,2026-06,2026-02-05,Thursday,0,Harris County JP 2-1
Thu 2-5-2026 @ 8:01 am — Harris County JP 2-1 w/Judge Delgado — 1 Cases,https://jpwebsite.harriscountytx.gov/WebDockets/GetDocketDetail?date=02/05/2026&court=21&media=screen#0801AM,2/5/2026 8:01am,2/5/2026 8:11am,1,Judge Delgado,2026,2026-02,2026-06,2026-02-05,Thursday,0,Harris County JP 2-1
Thu 2-5-2026 @ 8:00 am — Harris County JP 2-1 w/Judge Delgado — 21 Cases,https://jpwebsite.harriscountytx.gov/WebDockets/GetDocketDetail?date=02/05/2026&court=21&media=screen#0800AM,2/5/2026 8:00am,2/5/2026 8:01am,21,Judge Delgado,2026,2026-02,2026-06,2026-02-05,Thursday,0,Harris County JP 2-1
Thu 2-5-2026 @ 10:30 am — Harris County JP 2-2 w/Judge Lozano — 1 Cases,https://jpwebsite.harriscountytx.gov/WebDockets/GetDocketDetail?date=02/05/2026&court=22&media=screen#1030AM,2/5/2026 10:30am,2/6/2026 10:30am,1,Judge Lozano,2026,2026-02,2026-06,2026-02-05,Thursday,0,Harris County JP 2-2
Thu 2-5-2026 @ 10:00 am — Harris County JP 2-2 w/Judge Lozano — 15 Cases,https://jpwebsite.harriscountytx.gov/WebDockets/GetDocketDetail?date=02/05/2026&court=22&media=screen#1000AM,2/5/2026 10:00am,2/5/2026 10:30am,15,Judge Lozano,2026,2026-02,2026-06,2026-02-05,Thursday,0,Harris County JP 2-2
Thu 2-5-2026 @ 9:00 am — Harris County JP 2-2 w/Judge Lozano — 16 Cases,https://jpwebsite.harriscountytx.gov/WebDockets/GetDocketDetail?date=02/05/2026&court=22&media=screen#0900AM,2/5/2026 9:00am,2/5/2026 10:00am,16,Judge Lozano,2026,2026-02,2026-06,2026-02-05,Thursday,0,Harris County JP 2-2
Thu 2-5-2026 @ 9:00 am — Harris County JP 4-1 w/Judge Goodwin — 19 Cases,https://jpwebsite.harriscountytx.gov/WebDockets/GetDocketDetail?date=02/05/2026&court=41&media=screen#0900AM,2/5/2026 9:00am,2/5/2026 9:30am,19,Judge Goodwin,2026,2026-02,2026-06,2026-02-05,Thursday,0,Harris County JP 4-1
Thu 2-5-2026 @ 2:30 pm — Harris County JP 5-2 w/Judge Wolfe — 70 Cases,https://jpwebsite.harriscountytx.gov/WebDockets/GetDocketDetail?date=02/05/2026&court=52&media=screen#0230PM,2/5/2026 2:30pm,2/5/2026 3:00pm,70,Judge Wolfe,2026,2026-02,2026-06,2026-02-05,Thursday,0,Harris County JP 5-2
Thu 2-5-2026 @ 9:00 am — Harris County JP 8-1 w/Judge Williamson — 60 Cases,https://jpwebsite.harriscountytx.gov/WebDockets/GetDocketDetail?date=02/05/2026&court=81&media=screen#0900AM,2/5/2026 9:00am,2/6/2026 9:00am,60,Judge Williamson,2026,2026-02,2026-06,2026-02-05,Thursday,0,Harris County JP 8-1
Fri 2-6-2026 @ 9:00 am — Harris County JP 5-1 w/Judge Lombardino — 9 Cases,https://jpwebsite.harriscountytx.gov/WebDockets/GetDocketDetail?date=02/06/2026&court=51&media=screen#0900AM,2/6/2026 9:00am,2/6/2026 9:30am,9,Judge Lombardino,2026,2026-02,2026-06,2026-02-06,Friday,0,Harris County JP 5-1
Fri 2-6-2026 @ 9:00 am — Harris County JP 6-2 w/Judge Rodriguez — 12 Cases,https://jpwebsite.harriscountytx.gov/WebDockets/GetDocketDetail?date=02/06/2026&court=62&media=screen#0900AM,2/6/2026 9:00am,2/6/2026 1:00pm,12,Judge Rodriguez,2026,2026-02,2026-06,2026-02-06,Friday,0,Harris County JP 6-2
Mon 2-9-2026 @ 8:00 am — Harris County JP 2-1 w/Judge Delgado — 17 Cases,https://jpwebsite.harriscountytx.gov/WebDockets/GetDocketDetail?date=02/09/2026&court=21&media=screen#0800AM,2/9/2026 8:00am,2/9/2026 9:00am,17,Judge Delgado,2026,2026-02,2026-07,2026-02-09,Monday,0,Harris County JP 2-1
Mon 2-9-2026 @ 9:30 am — Harris County JP 1-1 w/Judge Carter — 22 Cases,https://jpwebsite.harriscountytx.gov/WebDockets/GetDocketDetail?date=02/09/2026&court=11&media=screen#0930AM,2/9/2026 9:30am,2/9/2026 10:30am,22,Judge Carter,2026,2026-02,2026-07,2026-02-09,Monday,0,Harris County JP 1-1
Mon 2-9-2026 @ 11:15 am — Harris County JP 1-1 w/Judge Carter — 9 Cases,https://jpwebsite.harriscountytx.gov/WebDockets/GetDocketDetail?date=02/09/2026&court=11&media=screen#1115AM,2/9/2026 11:15am,2/9/2026 11:45am,9,Judge Carter,2026,2026-02,2026-07,2026-02-09,Monday,0,Harris County JP 1-1
Mon 2-9-2026 @ 10:30 am — Harris County JP 1-1 w/Judge Carter — 26 Cases,https://jpwebsite.harriscountytx.gov/WebDockets/GetDocketDetail?date=02/09/2026&court=11&media=screen#1030AM,2/9/2026 10:30am,2/9/2026 11:15am,26,Judge Carter,2026,2026-02,2026-07,2026-02-09,Monday,0,Harris County JP 1-1
Mon 2-9-2026 @ 8:30 am — Harris County JP 1-1 w/Judge Carter — 24 Cases,https://jpwebsite.harriscountytx.gov/WebDockets/GetDocketDetail?date=02/09/2026&court=11&media=screen#0830AM,2/9/2026 8:30am,2/9/2026 9:30am,24,Judge Carter,2026,2026-02,2026-07,2026-02-09,Monday,0,Harris County JP 1-1
Mon 2-9-2026 @ 1:00 pm — Harris County JP 4-1 w/Judge Goodwin — 102 Cases,https://jpwebsite.harriscountytx.gov/WebDockets/GetDocketDetail?date=02/09/2026&court=41&media=screen#0100PM,2/9/2026 1:00pm,2/9/2026 1:30pm,102,Judge Goodwin,2026,2026-02,2026-07,2026-02-09,Monday,0,Harris County JP 4-1
Mon 2-9-2026 @ 9:00 am — Harris County JP 4-1 w/Judge Goodwin — 121 Cases,https://jpwebsite.harriscountytx.gov/WebDockets/GetDocketDetail?date=02/09/2026&court=41&media=screen#0900AM,2/9/2026 9:00am,2/9/2026 9:30am,121,Judge Goodwin,2026,2026-02,2026-07,2026-02-09,Monday,0,Harris County JP 4-1
Mon 2-9-2026 @ 2:30 pm — Harris County JP 5-2 w/Judge Wolfe — 100 Cases,https://jpwebsite.harriscountytx.gov/WebDockets/GetDocketDetail?date=02/09/2026&court=52&media=screen#0230PM,2/9/2026 2:30pm,2/9/2026 3:00pm,100,Judge Wolfe,2026,2026-02,2026-07,2026-02-09,Monday,0,Harris County JP 5-2
Mon 2-9-2026 @ 1:15 pm — Harris County JP 6-1 w/Judge Treviño — 1 Cases,https://jpwebsite.harriscountytx.gov/WebDockets/GetDocketDetail?date=02/09/2026&court=61&media=screen#0115PM,2/9/2026 1:15pm,2/9/2026 5:00pm,1,Judge Treviño,2026,2026-02,2026-07,2026-02-09,Monday,0,Harris County JP 6-1
Mon 2-9-2026 @ 9:00 am — Harris County JP 6-2 w/Judge Rodriguez — 8 Cases,https://jpwebsite.harriscountytx.gov/WebDockets/GetDocketDetail?date=02/09/2026&court=62&media=screen#0900AM,2/9/2026 9:00am,2/9/2026 1:00pm,8,Judge Rodriguez,2026,2026-02,2026-07,2026-02-09,Monday,0,Harris County JP 6-2
Tue 2-10-2026 @ 9:30 am — Harris County JP 1-1 w/Judge Carter — 17 Cases,https://jpwebsite.harriscountytx.gov/WebDockets/GetDocketDetail?date=02/10/2026&court=11&media=screen#0930AM,2/10/2026 9:30am,2/10/2026 10:30am,17,Judge Carter,2026,2026-02,2026-07,2026-02-10,Tuesday,0,Harris County JP 1-1
Tue 2-10-2026 @ 10:30 am — Harris County JP 1-1 w/Judge Carter — 20 Cases,https://jpwebsite.harriscountytx.gov/WebDockets/GetDocketDetail?date=02/10/2026&court=11&media=screen#1030AM,2/10/2026 10:30am,2/10/2026 11:00am,20,Judge Carter,2026,2026-02,2026-07,2026-02-10,Tuesday,0,Harris County JP 1-1
Tue 2-10-2026 @ 8:30 am — Harris County JP 1-1 w/Judge Carter — 18 Cases,https://jpwebsite.harriscountytx.gov/WebDockets/GetDocketDetail?date=02/10/2026&court=11&media=screen#0830AM,2/10/2026 8:30am,2/10/2026 9:30am,18,Judge Carter,2026,2026-02,2026-07,2026-02-10,Tuesday,0,Harris County JP 1-1
Tue 2-10-2026 @ 9:30 am — Harris County JP 3-2 w/Judge Bates — 35 Cases,https://jpwebsite.harriscountytx.gov/WebDockets/GetDocketDetail?date=02/10/2026&court=32&media=screen#0930AM,2/10/2026 9:30am,2/10/2026 10:00am,35,Judge Bates,2026,2026-02,2026-07,2026-02-10,Tuesday,0,Harris County JP 3-2
Tue 2-10-2026 @ 9:00 am — Harris County JP 4-1 w/Judge Goodwin — 26 Cases,https://jpwebsite.harriscountytx.gov/WebDockets/GetDocketDetail?date=02/10/2026&court=41&media=screen#0900AM,2/10/2026 9:00am,2/10/2026 9:30am,26,Judge Goodwin,2026,2026-02,2026-07,2026-02-10,Tuesday,0,Harris County JP 4-1
Tue 2-10-2026 @ 1:00 pm — Harris County JP 4-2 w/Judge Korduba — 11 Cases,https://jpwebsite.harriscountytx.gov/WebDockets/GetDocketDetail?date=02/10/2026&court=42&media=screen#0100PM,2/10/2026 1:00pm,2/10/2026 1:30pm,11,Judge Korduba,2026,2026-02,2026-07,2026-02-10,Tuesday,0,Harris County JP 4-2
Tue 2-10-2026 @ 11:00 am — Harris County JP 4-2 w/Judge Korduba — 8 Cases,https://jpwebsite.harriscountytx.gov/WebDockets/GetDocketDetail?date=02/10/2026&court=42&media=screen#1100AM,2/10/2026 11:00am,2/10/2026 1:00pm,8,Judge Korduba,2026,2026-02,2026-07,2026-02-10,Tuesday,0,Harris County JP 4-2
Tue 2-10-2026 @ 10:00 am — Harris County JP 4-2 w/Judge Korduba — 38 Cases,https://jpwebsite.harriscountytx.gov/WebDockets/GetDocketDetail?date=02/10/2026&court=42&media=screen#1000AM,2/10/2026 10:00am,2/10/2026 11:00am,38,Judge Korduba,2026,2026-02,2026-07,2026-02-10,Tuesday,0,Harris County JP 4-2
Tue 2-10-2026 @ 1:30 pm — Harris County JP 5-1 w/Judge Lombardino — 47 Cases,https://jpwebsite.harriscountytx.gov/WebDockets/GetDocketDetail?date=02/10/2026&court=51&media=screen#0130PM,2/10/2026 1:30pm,2/10/2026 2:00pm,47,Judge Lombardino,2026,2026-02,2026-07,2026-02-10,Tuesday,0,Harris County JP 5-1
Tue 2-10-2026 @ 9:30 am — Harris County JP 5-2 w/Judge Wolfe — 28 Cases,https://jpwebsite.harriscountytx.gov/WebDockets/GetDocketDetail?date=02/10/2026&court=52&media=screen#0930AM,2/10/2026 9:30am,2/10/2026 10:00am,28,Judge Wolfe,2026,2026-02,2026-07,2026-02-10,Tuesday,0,Harris County JP 5-2
Tue 2-10-2026 @ 2:30 pm — Harris County JP 5-2 w/Judge Wolfe — 113 Cases,https://jpwebsite.harriscountytx.gov/WebDockets/GetDocketDetail?date=02/10/2026&court=52&media=screen#0230PM,2/10/2026 2:30pm,2/10/2026 3:00pm,113,Judge Wolfe,2026,2026-02,2026-07,2026-02-10,Tuesday,0,Harris County JP 5-2
Tue 2-10-2026 @ 9:00 am — Harris County JP 7-2 w/Judge Burney — 51 Cases,https://jpwebsite.harriscountytx.gov/WebDockets/GetDocketDetail?date=02/10/2026&court=72&media=screen#0900AM,2/10/2026 9:00am,2/11/2026 7:30am,51,Judge Burney,2026,2026-02,2026-07,2026-02-10,Tuesday,0,Harris County JP 7-2
Wed 2-11-2026 @ 8:30 am — Harris County JP 1-1 w/Judge Carter — 22 Cases,https://jpwebsite.harriscountytx.gov/WebDockets/GetDocketDetail?date=02/11/2026&court=11&media=screen#0830AM,2/11/2026 8:30am,2/11/2026 9:00am,22,Judge Carter,2026,2026-02,2026-07,2026-02-11,Wednesday,0,Harris County JP 1-1
Wed 2-11-2026 @ 9:00 am — Harris County JP 1-1 w/Judge Carter — 18 Cases,https://jpwebsite.harriscountytx.gov/WebDockets/GetDocketDetail?date=02/11/2026&court=11&media=screen#0900AM,2/11/2026 9:00am,2/11/2026 10:30am,18,Judge Carter,2026,2026-02,2026-07,2026-02-11,Wednesday,0,Harris County JP 1-1
Wed 2-11-2026 @ 10:30 am — Harris County JP 1-1 w/Judge Carter — 17 Cases,https://jpwebsite.harriscountytx.gov/WebDockets/GetDocketDetail?date=02/11/2026&court=11&media=screen#1030AM,2/11/2026 10:30am,2/11/2026 11:00am,17,Judge Carter,2026,2026-02,2026-07,2026-02-11,Wednesday,0,Harris County JP 1-1
Wed 2-11-2026 @ 1:00 pm — Harris County JP 1-2 w/Judge Duble — 7 Cases,https://jpwebsite.harriscountytx.gov/WebDockets/GetDocketDetail?date=02/11/2026&court=12&media=screen#0100PM,2/11/2026 1:00pm,2/11/2026 2:00pm,7,Judge Duble,2026,2026-02,2026-07,2026-02-11,Wednesday,0,Harris County JP 1-2
Wed 2-11-2026 @ 10:00 am — Harris County JP 1-2 w/Judge Duble — 9 Cases,https://jpwebsite.harriscountytx.gov/WebDockets/GetDocketDetail?date=02/11/2026&court=12&media=screen#1000AM,2/11/2026 10:00am,2/11/2026 11:00am,9,Judge Duble,2026,2026-02,2026-07,2026-02-11,Wednesday,0,Harris County JP 1-2
Wed 2-11-2026 @ 9:00 am — Harris County JP 2-1 w/Judge Delgado — 14 Cases,https://jpwebsite.harriscountytx.gov/WebDockets/GetDocketDetail?date=02/11/2026&court=21&media=screen#0900AM,2/11/2026 9:00am,2/11/2026 10:00am,14,Judge Delgado,2026,2026-02,2026-07,2026-02-11,Wednesday,0,Harris County JP 2-1
Wed 2-11-2026 @ 8:00 am — Harris County JP 2-1 w/Judge Delgado — 14 Cases,https://jpwebsite.harriscountytx.gov/WebDockets/GetDocketDetail?date=02/11/2026&court=21&media=screen#0800AM,2/11/2026 8:00am,2/11/2026 9:00am,14,Judge Delgado,2026,2026-02,2026-07,2026-02-11,Wednesday,0,Harris County JP 2-1
Wed 2-11-2026 @ 9:00 am — Harris County JP 3-1 w/Judge Stephens — 30 Cases,https://jpwebsite.harriscountytx.gov/WebDockets/GetDocketDetail?date=02/11/2026&court=31&media=screen#0900AM,2/11/2026 9:00am,2/11/2026 10:30am,30,Judge Stephens,2026,2026-02,2026-07,2026-02-11,Wednesday,0,Harris County JP 3-1
Wed 2-11-2026 @ 1:30 pm — Harris County JP 3-1 w/Judge Stephens — 1 Cases,https://jpwebsite.harriscountytx.gov/WebDockets/GetDocketDetail?date=02/11/2026&court=31&media=screen#0130PM,2/11/2026 1:30pm,2/11/2026 2:00pm,1,Judge Stephens,2026,2026-02,2026-07,2026-02-11,Wednesday,0,Harris County JP 3-1
Wed 2-11-2026 @ 1:00 pm — Harris County JP 3-1 w/Judge Stephens — 11 Cases,https://jpwebsite.harriscountytx.gov/WebDockets/GetDocketDetail?date=02/11/2026&court=31&media=screen#0100PM,2/11/2026 1:00pm,2/11/2026 1:30pm,11,Judge Stephens,2026,2026-02,2026-07,2026-02-11,Wednesday,0,Harris County JP 3-1
Wed 2-11-2026 @ 10:30 am — Harris County JP 3-1 w/Judge Stephens — 39 Cases,https://jpwebsite.harriscountytx.gov/WebDockets/GetDocketDetail?date=02/11/2026&court=31&media=screen#1030AM,2/11/2026 10:30am,2/11/2026 1:00pm,39,Judge Stephens,2026,2026-02,2026-07,2026-02-11,Wednesday,0,Harris County JP 3-1
Wed 2-11-2026 @ 9:00 am — Harris County JP 4-1 w/Judge Goodwin — 3 Cases,https://jpwebsite.harriscountytx.gov/WebDockets/GetDocketDetail?date=02/11/2026&court=41&media=screen#0900AM,2/11/2026 9:00am,2/11/2026 9:30am,3,Judge Goodwin,2026,2026-02,2026-07,2026-02-11,Wednesday,0,Harris County JP 4-1
Wed 2-11-2026 @ 1:30 pm — Harris County JP 5-1 w/Judge Lombardino — 72 Cases,https://jpwebsite.harriscountytx.gov/WebDockets/GetDocketDetail?date=02/11/2026&court=51&media=screen#0130PM,2/11/2026 1:30pm,2/11/2026 2:00pm,72,Judge Lombardino,2026,2026-02,2026-07,2026-02-11,Wednesday,0,Harris County JP 5-1
Wed 2-11-2026 @ 9:00 am — Harris County JP 6-1 w/Judge Treviño — 7 Cases,https://jpwebsite.harriscountytx.gov/WebDockets/GetDocketDetail?date=02/11/2026&court=61&media=screen#0900AM,2/11/2026 9:00am,2/11/2026 12:45pm,7,Judge Treviño,2026,2026-02,2026-07,2026-02-11,Wednesday,0,Harris County JP 6-1
Wed 2-11-2026 @ 1:00 pm — Harris County JP 6-2 w/Judge Rodriguez — 3 Cases,https://jpwebsite.harriscountytx.gov/WebDockets/GetDocketDetail?date=02/11/2026&court=62&media=screen#0100PM,2/11/2026 1:00pm,2/11/2026 9:00am,3,Judge Rodriguez,2026,2026-02,2026-07,2026-02-11,Wednesday,0,Harris County JP 6-2
Wed 2-11-2026 @ 9:00 am — Harris County JP 7-1 w/Judge Adams — 43 Cases,https://jpwebsite.harriscountytx.gov/WebDockets/GetDocketDetail?date=02/11/2026&court=71&media=screen#0900AM,2/11/2026 9:00am,2/11/2026 1:00pm,43,Judge Adams,2026,2026-02,2026-07,2026-02-11,Wednesday,0,Harris County JP 7-1
Wed 2-11-2026 @ 1:00 pm — Harris County JP 7-1 w/Judge Adams — 27 Cases,https://jpwebsite.harriscountytx.gov/WebDockets/GetDocketDetail?date=02/11/2026&court=71&media=screen#0100PM,2/11/2026 1:00pm,2/11/2026 1:30pm,27,Judge Adams,2026,2026-02,2026-07,2026-02-11,Wednesday,0,Harris County JP 7-1
Thu 2-12-2026 @ 8:00 am — Harris County JP 2-1 w/Judge Delgado — 22 Cases,https://jpwebsite.harriscountytx.gov/WebDockets/GetDocketDetail?date=02/12/2026&court=21&media=screen#0800AM,2/12/2026 8:00am,2/12/2026 9:00am,22,Judge Delgado,2026,2026-02,2026-07,2026-02-12,Thursday,0,Harris County JP 2-1
Thu 2-12-2026 @ 10:00 am — Harris County JP 2-2 w/Judge Lozano — 1 Cases,https://jpwebsite.harriscountytx.gov/WebDockets/GetDocketDetail?date=02/12/2026&court=22&media=screen#1000AM,2/12/2026 10:00am,2/12/2026 11:00am,1,Judge Lozano,2026,2026-02,2026-07,2026-02-12,Thursday,0,Harris County JP 2-2
Thu 2-12-2026 @ 9:00 am — Harris County JP 2-2 w/Judge Lozano — 13 Cases,https://jpwebsite.harriscountytx.gov/WebDockets/GetDocketDetail?date=02/12/2026&court=22&media=screen#0900AM,2/12/2026 9:00am,2/12/2026 10:00am,13,Judge Lozano,2026,2026-02,2026-07,2026-02-12,Thursday,0,Harris County JP 2-2
Thu 2-12-2026 @ 9:00 am — Harris County JP 4-1 w/Judge Goodwin — 9 Cases,https://jpwebsite.harriscountytx.gov/WebDockets/GetDocketDetail?date=02/12/2026&court=41&media=screen#0900AM,2/12/2026 9:00am,2/12/2026 9:30am,9,Judge Goodwin,2026,2026-02,2026-07,2026-02-12,Thursday,0,Harris County JP 4-1
Thu 2-12-2026 @ 2:30 pm — Harris County JP 5-2 w/Judge Wolfe — 96 Cases,https://jpwebsite.harriscountytx.gov/WebDockets/GetDocketDetail?date=02/12/2026&court=52&media=screen#0230PM,2/12/2026 2:30pm,2/12/2026 3:00pm,96,Judge Wolfe,2026,2026-02,2026-07,2026-02-12,Thursday,0,Harris County JP 5-2
Thu 2-12-2026 @ 9:00 am — Harris County JP 8-1 w/Judge Williamson — 27 Cases,https://jpwebsite.harriscountytx.gov/WebDockets/GetDocketDetail?date=02/12/2026&court=81&media=screen#0900AM,2/12/2026 9:00am,2/12/2026 10:00am,27,Judge Williamson,2026,2026-02,2026-07,2026-02-12,Thursday,0,Harris County JP 8-1
Fri 2-13-2026 @ 9:00 am — Harris County JP 5-1 w/Judge Lombardino — 12 Cases,https://jpwebsite.harriscountytx.gov/WebDockets/GetDocketDetail?date=02/13/2026&court=51&media=screen#0900AM,2/13/2026 9:00am,2/13/2026 9:30am,12,Judge Lombardino,2026,2026-02,2026-07,2026-02-13,Friday,0,Harris County JP 5-1
Fri 2-13-2026 @ 9:00 am — Harris County JP 6-2 w/Judge Rodriguez — 3 Cases,https://jpwebsite.harriscountytx.gov/WebDockets/GetDocketDetail?date=02/13/2026&court=62&media=screen#0900AM,2/13/2026 9:00am,2/15/2026 1:00pm,3,Judge Rodriguez,2026,2026-02,2026-07,2026-02-13,Friday,0,Harris County JP 6-2
Mon 2-16-2026 @ 8:30 am — Harris County JP 1-1 w/Judge Carter — 30 Cases,https://jpwebsite.harriscountytx.gov/WebDockets/GetDocketDetail?date=02/16/2026&court=11&media=screen#0830AM,2/16/2026 8:30am,2/16/2026 9:30am,30,Judge Carter,2026,2026-02,2026-08,2026-02-16,Monday,0,Harris County JP 1-1
Mon 2-16-2026 @ 10:30 am — Harris County JP 1-1 w/Judge Carter — 29 Cases,https://jpwebsite.harriscountytx.gov/WebDockets/GetDocketDetail?date=02/16/2026&court=11&media=screen#1030AM,2/16/2026 10:30am,2/16/2026 11:00am,29,Judge Carter,2026,2026-02,2026-08,2026-02-16,Monday,0,Harris County JP 1-1
Mon 2-16-2026 @ 9:30 am — Harris County JP 1-1 w/Judge Carter — 30 Cases,https://jpwebsite.harriscountytx.gov/WebDockets/GetDocketDetail?date=02/16/2026&court=11&media=screen#0930AM,2/16/2026 9:30am,2/16/2026 10:30am,30,Judge Carter,2026,2026-02,2026-08,2026-02-16,Monday,0,Harris County JP 1-1
Mon 2-16-2026 @ 8:00 am — Harris County JP 2-1 w/Judge Delgado — 18 Cases,https://jpwebsite.harriscountytx.gov/WebDockets/GetDocketDetail?date=02/16/2026&court=21&media=screen#0800AM,2/16/2026 8:00am,2/17/2026 2:30am,18,Judge Delgado,2026,2026-02,2026-08,2026-02-16,Monday,0,Harris County JP 2-1
Mon 2-16-2026 @ 1:00 pm — Harris County JP 4-1 w/Judge Goodwin — 41 Cases,https://jpwebsite.harriscountytx.gov/WebDockets/GetDocketDetail?date=02/16/2026&court=41&media=screen#0100PM,2/16/2026 1:00pm,2/16/2026 1:30pm,41,Judge Goodwin,2026,2026-02,2026-08,2026-02-16,Monday,0,Harris County JP 4-1
Mon 2-16-2026 @ 9:00 am — Harris County JP 4-1 w/Judge Goodwin — 100 Cases,https://jpwebsite.harriscountytx.gov/WebDockets/GetDocketDetail?date=02/16/2026&court=41&media=screen#0900AM,2/16/2026 9:00am,2/16/2026 9:30am,100,Judge Goodwin,2026,2026-02,2026-08,2026-02-16,Monday,0,Harris County JP 4-1
Mon 2-16-2026 @ 4:00 pm — Harris County JP 5-2 w/Judge Wolfe — 3 Cases,https://jpwebsite.harriscountytx.gov/WebDockets/GetDocketDetail?date=02/16/2026&court=52&media=screen#0400PM,2/16/2026 4:00pm,2/16/2026 4:30pm,3,Judge Wolfe,2026,2026-02,2026-08,2026-02-16,Monday,0,Harris County JP 5-2
Mon 2-16-2026 @ 2:30 pm — Harris County JP 5-2 w/Judge Wolfe — 95 Cases,https://jpwebsite.harriscountytx.gov/WebDockets/GetDocketDetail?date=02/16/2026&court=52&media=screen#0230PM,2/16/2026 2:30pm,2/16/2026 4:00pm,95,Judge Wolfe,2026,2026-02,2026-08,2026-02-16,Monday,0,Harris County JP 5-2
Mon 2-16-2026 @ 9:00 am — Harris County JP 5-2 w/Judge Wolfe — 79 Cases,https://jpwebsite.harriscountytx.gov/WebDockets/GetDocketDetail?date=02/16/2026&court=52&media=screen#0900AM,2/16/2026 9:00am,2/16/2026 9:30am,79,Judge Wolfe,2026,2026-02,2026-08,2026-02-16,Monday,0,Harris County JP 5-2
Mon 2-16-2026 @ 1:00 pm — Harris County JP 6-2 w/Judge Rodriguez — 1 Cases,https://jpwebsite.harriscountytx.gov/WebDockets/GetDocketDetail?date=02/16/2026&court=62&media=screen#0100PM,2/16/2026 1:00pm,2/16/2026 9:00am,1,Judge Rodriguez,2026,2026-02,2026-08,2026-02-16,Monday,0,Harris County JP 6-2
Tue 2-17-2026 @ 8:00 am — Harris County JP 2-1 w/Judge Delgado — 19 Cases,https://jpwebsite.harriscountytx.gov/WebDockets/GetDocketDetail?date=02/17/2026&court=21&media=screen#0800AM,2/17/2026 8:00am,2/18/2026 2:30am,19,Judge Delgado,2026,2026-02,2026-08,2026-02-17,Tuesday,0,Harris County JP 2-1
Tue 2-17-2026 @ 9:30 am — Harris County JP 3-2 w/Judge Bates — 1 Cases,https://jpwebsite.harriscountytx.gov/WebDockets/GetDocketDetail?date=02/17/2026&court=32&media=screen#0930AM,2/17/2026 9:30am,2/17/2026 10:00am,1,Judge Bates,2026,2026-02,2026-08,2026-02-17,Tuesday,0,Harris County JP 3-2
Tue 2-17-2026 @ 9:00 am — Harris County JP 4-1 w/Judge Goodwin — 60 Cases,https://jpwebsite.harriscountytx.gov/WebDockets/GetDocketDetail?date=02/17/2026&court=41&media=screen#0900AM,2/17/2026 9:00am,2/17/2026 9:30am,60,Judge Goodwin,2026,2026-02,2026-08,2026-02-17,Tuesday,0,Harris County JP 4-1
Tue 2-17-2026 @ 1:00 pm — Harris County JP 4-2 w/Judge Korduba — 19 Cases,https://jpwebsite.harriscountytx.gov/WebDockets/GetDocketDetail?date=02/17/2026&court=42&media=screen#0100PM,2/17/2026 1:00pm,2/17/2026 1:30pm,19,Judge Korduba,2026,2026-02,2026-08,2026-02-17,Tuesday,0,Harris County JP 4-2
Tue 2-17-2026 @ 11:00 am — Harris County JP 4-2 w/Judge Korduba — 6 Cases,https://jpwebsite.harriscountytx.gov/WebDockets/GetDocketDetail?date=02/17/2026&court=42&media=screen#1100AM,2/17/2026 11:00am,2/17/2026 1:00pm,6,Judge Korduba,2026,2026-02,2026-08,2026-02-17,Tuesday,0,Harris County JP 4-2
Tue 2-17-2026 @ 10:00 am — Harris County JP 4-2 w/Judge Korduba — 44 Cases,https://jpwebsite.harriscountytx.gov/WebDockets/GetDocketDetail?date=02/17/2026&court=42&media=screen#1000AM,2/17/2026 10:00am,2/17/2026 11:00am,44,Judge Korduba,2026,2026-02,2026-08,2026-02-17,Tuesday,0,Harris County JP 4-2
Tue 2-17-2026 @ 1:30 pm — Harris County JP 5-1 w/Judge Lombardino — 41 Cases,https://jpwebsite.harriscountytx.gov/WebDockets/GetDocketDetail?date=02/17/2026&court=51&media=screen#0130PM,2/17/2026 1:30pm,2/17/2026 2:00pm,41,Judge Lombardino,2026,2026-02,2026-08,2026-02-17,Tuesday,0,Harris County JP 5-1
Tue 2-17-2026 @ 2:30 pm — Harris County JP 5-2 w/Judge Wolfe — 90 Cases,https://jpwebsite.harriscountytx.gov/WebDockets/GetDocketDetail?date=02/17/2026&court=52&media=screen#0230PM,2/17/2026 2:30pm,2/17/2026 3:00pm,90,Judge Wolfe,2026,2026-02,2026-08,2026-02-17,Tuesday,0,Harris County JP 5-2
Tue 2-17-2026 @ 9:00 am — Harris County JP 6-2 w/Judge Rodriguez — 5 Cases,https://jpwebsite.harriscountytx.gov/WebDockets/GetDocketDetail?date=02/17/2026&court=62&media=screen#0900AM,2/17/2026 9:00am,2/18/2026 5:00am,5,Judge Rodriguez,2026,2026-02,2026-08,2026-02-17,Tuesday,0,Harris County JP 6-2
Tue 2-17-2026 @ 9:00 am — Harris County JP 7-2 w/Judge Burney — 65 Cases,https://jpwebsite.harriscountytx.gov/WebDockets/GetDocketDetail?date=02/17/2026&court=72&media=screen#0900AM,2/17/2026 9:00am,2/17/2026 11:00am,65,Judge Burney,2026,2026-02,2026-08,2026-02-17,Tuesday,0,Harris County JP 7-2
Tue 2-17-2026 @ 11:00 am — Harris County JP 7-2 w/Judge Burney — 45 Cases,https://jpwebsite.harriscountytx.gov/WebDockets/GetDocketDetail?date=02/17/2026&court=72&media=screen#1100AM,2/17/2026 11:00am,2/17/2026 12:00pm,45,Judge Burney,2026,2026-02,2026-08,2026-02-17,Tuesday,0,Harris County JP 7-2
Wed 2-18-2026 @ 8:30 am — Harris County JP 1-1 w/Judge Carter — 29 Cases,https://jpwebsite.harriscountytx.gov/WebDockets/GetDocketDetail?date=02/18/2026&court=11&media=screen#0830AM,2/18/2026 8:30am,2/18/2026 9:30am,29,Judge Carter,2026,2026-02,2026-08,2026-02-18,Wednesday,0,Harris County JP 1-1
Wed 2-18-2026 @ 9:30 am — Harris County JP 1-1 w/Judge Carter — 27 Cases,https://jpwebsite.harriscountytx.gov/WebDockets/GetDocketDetail?date=02/18/2026&court=11&media=screen#0930AM,2/18/2026 9:30am,2/18/2026 10:30am,27,Judge Carter,2026,2026-02,2026-08,2026-02-18,Wednesday,0,Harris County JP 1-1
Wed 2-18-2026 @ 10:30 am — Harris County JP 1-1 w/Judge Carter — 26 Cases,https://jpwebsite.harriscountytx.gov/WebDockets/GetDocketDetail?date=02/18/2026&court=11&media=screen#1030AM,2/18/2026 10:30am,2/18/2026 11:00am,26,Judge Carter,2026,2026-02,2026-08,2026-02-18,Wednesday,0,Harris County JP 1-1
Wed 2-18-2026 @ 9:00 am — Harris County JP 3-1 w/Judge Stephens — 32 Cases,https://jpwebsite.harriscountytx.gov/WebDockets/GetDocketDetail?date=02/18/2026&court=31&media=screen#0900AM,2/18/2026 9:00am,2/18/2026 10:30am,32,Judge Stephens,2026,2026-02,2026-08,2026-02-18,Wednesday,0,Harris County JP 3-1
Wed 2-18-2026 @ 10:30 am — Harris County JP 3-1 w/Judge Stephens — 14 Cases,https://jpwebsite.harriscountytx.gov/WebDockets/GetDocketDetail?date=02/18/2026&court=31&media=screen#1030AM,2/18/2026 10:30am,2/19/2026 10:00am,14,Judge Stephens,2026,2026-02,2026-08,2026-02-18,Wednesday,0,Harris County JP 3-1
Wed 2-18-2026 @ 9:00 am — Harris County JP 4-1 w/Judge Goodwin — 1 Cases,https://jpwebsite.harriscountytx.gov/WebDockets/GetDocketDetail?date=02/18/2026&court=41&media=screen#0900AM,2/18/2026 9:00am,2/18/2026 9:30am,1,Judge Goodwin,2026,2026-02,2026-08,2026-02-18,Wednesday,0,Harris County JP 4-1
Wed 2-18-2026 @ 9:00 am — Harris County JP 6-1 w/Judge Treviño — 22 Cases,https://jpwebsite.harriscountytx.gov/WebDockets/GetDocketDetail?date=02/18/2026&court=61&media=screen#0900AM,2/18/2026 9:00am,2/18/2026 12:45pm,22,Judge Treviño,2026,2026-02,2026-08,2026-02-18,Wednesday,0,Harris County JP 6-1
Wed 2-18-2026 @ 9:00 am — Harris County JP 7-1 w/Judge Adams — 65 Cases,https://jpwebsite.harriscountytx.gov/WebDockets/GetDocketDetail?date=02/18/2026&court=71&media=screen#0900AM,2/18/2026 9:00am,2/18/2026 9:30am,65,Judge Adams,2026,2026-02,2026-08,2026-02-18,Wednesday,0,Harris County JP 7-1
Thu 2-19-2026 @ 1:30 pm — Harris County JP 5-1 w/Judge Lombardino — 9 Cases,https://jpwebsite.harriscountytx.gov/WebDockets/GetDocketDetail?date=02/19/2026&court=51&media=screen#0130PM,2/19/2026 1:30pm,2/19/2026 2:00pm,9,Judge Lombardino,2026,2026-02,2026-08,2026-02-19,Thursday,0,Harris County JP 5-1
Thu 2-19-2026 @ 8:00 am — Harris County JP 2-1 w/Judge Delgado — 15 Cases,https://jpwebsite.harriscountytx.gov/WebDockets/GetDocketDetail?date=02/19/2026&court=21&media=screen#0800AM,2/19/2026 8:00am,2/20/2026 2:30am,15,Judge Delgado,2026,2026-02,2026-08,2026-02-19,Thursday,0,Harris County JP 2-1
Thu 2-19-2026 @ 9:00 am — Harris County JP 2-2 w/Judge Lozano — 9 Cases,https://jpwebsite.harriscountytx.gov/WebDockets/GetDocketDetail?date=02/19/2026&court=22&media=screen#0900AM,2/19/2026 9:00am,2/19/2026 10:30am,9,Judge Lozano,2026,2026-02,2026-08,2026-02-19,Thursday,0,Harris County JP 2-2
Thu 2-19-2026 @ 9:30 am — Harris County JP 3-2 w/Judge Bates — 16 Cases,https://jpwebsite.harriscountytx.gov/WebDockets/GetDocketDetail?date=02/19/2026&court=32&media=screen#0930AM,2/19/2026 9:30am,2/19/2026 10:00am,16,Judge Bates,2026,2026-02,2026-08,2026-02-19,Thursday,0,Harris County JP 3-2
Thu 2-19-2026 @ 9:00 am — Harris County JP 4-1 w/Judge Goodwin — 24 Cases,https://jpwebsite.harriscountytx.gov/WebDockets/GetDocketDetail?date=02/19/2026&court=41&media=screen#0900AM,2/19/2026 9:00am,2/19/2026 9:30am,24,Judge Goodwin,2026,2026-02,2026-08,2026-02-19,Thursday,0,Harris County JP 4-1
Thu 2-19-2026 @ 2:00 pm — Harris County JP 5-2 w/Judge Wolfe — 87 Cases,https://jpwebsite.harriscountytx.gov/WebDockets/GetDocketDetail?date=02/19/2026&court=52&media=screen#0200PM,2/19/2026 2:00pm,2/19/2026 2:30pm,87,Judge Wolfe,2026,2026-02,2026-08,2026-02-19,Thursday,0,Harris County JP 5-2
Thu 2-19-2026 @ 9:00 am — Harris County JP 8-1 w/Judge Williamson — 18 Cases,https://jpwebsite.harriscountytx.gov/WebDockets/GetDocketDetail?date=02/19/2026&court=81&media=screen#0900AM,2/19/2026 9:00am,2/19/2026 1:30pm,18,Judge Williamson,2026,2026-02,2026-08,2026-02-19,Thursday,0,Harris County JP 8-1
Fri 2-20-2026 @ 2:30 pm — Harris County JP 5-2 w/Judge Wolfe — 1 Cases,https://jpwebsite.harriscountytx.gov/WebDockets/GetDocketDetail?date=02/20/2026&court=52&media=screen#0230PM,2/20/2026 2:30pm,2/20/2026 3:00pm,1,Judge Wolfe,2026,2026-02,2026-08,2026-02-20,Friday,0,Harris County JP 5-2
Fri 2-20-2026 @ 9:00 am — Harris County JP 5-1 w/Judge Lombardino — 15 Cases,https://jpwebsite.harriscountytx.gov/WebDockets/GetDocketDetail?date=02/20/2026&court=51&media=screen#0900AM,2/20/2026 9:00am,2/20/2026 9:30am,15,Judge Lombardino,2026,2026-02,2026-08,2026-02-20,Friday,0,Harris County JP 5-1
Mon 2-23-2026 @ 1:00 pm — Harris County JP 4-1 w/Judge Goodwin — 7 Cases,https://jpwebsite.harriscountytx.gov/WebDockets/GetDocketDetail?date=02/23/2026&court=41&media=screen#0100PM,2/23/2026 1:00pm,2/23/2026 1:30pm,7,Judge Goodwin,2026,2026-02,2026-09,2026-02-23,Monday,0,Harris County JP 4-1
Mon 2-23-2026 @ 9:00 am — Harris County JP 4-1 w/Judge Goodwin — 41 Cases,https://jpwebsite.harriscountytx.gov/WebDockets/GetDocketDetail?date=02/23/2026&court=41&media=screen#0900AM,2/23/2026 9:00am,2/23/2026 9:30am,41,Judge Goodwin,2026,2026-02,2026-09,2026-02-23,Monday,0,Harris County JP 4-1
Mon 2-23-2026 @ 2:30 pm — Harris County JP 5-2 w/Judge Wolfe — 126 Cases,https://jpwebsite.harriscountytx.gov/WebDockets/GetDocketDetail?date=02/23/2026&court=52&media=screen#0230PM,2/23/2026 2:30pm,2/23/2026 3:00pm,126,Judge Wolfe,2026,2026-02,2026-09,2026-02-23,Monday,0,Harris County JP 5-2
Mon 2-23-2026 @ 9:00 am — Harris County JP 6-2 w/Judge Rodriguez — 3 Cases,https://jpwebsite.harriscountytx.gov/WebDockets/GetDocketDetail?date=02/23/2026&court=62&media=screen#0900AM,2/23/2026 9:00am,2/24/2026 9:00am,3,Judge Rodriguez,2026,2026-02,2026-09,2026-02-23,Monday,0,Harris County JP 6-2
Tue 2-24-2026 @ 9:00 am — Harris County JP 1-1 w/Judge Carter — 32 Cases,https://jpwebsite.harriscountytx.gov/WebDockets/GetDocketDetail?date=02/24/2026&court=11&media=screen#0900AM,2/24/2026 9:00am,2/24/2026 10:00am,32,Judge Carter,2026,2026-02,2026-09,2026-02-24,Tuesday,0,Harris County JP 1-1
Tue 2-24-2026 @ 11:00 am — Harris County JP 1-1 w/Judge Carter — 28 Cases,https://jpwebsite.harriscountytx.gov/WebDockets/GetDocketDetail?date=02/24/2026&court=11&media=screen#1100AM,2/24/2026 11:00am,2/24/2026 11:30am,28,Judge Carter,2026,2026-02,2026-09,2026-02-24,Tuesday,0,Harris County JP 1-1
Tue 2-24-2026 @ 10:00 am — Harris County JP 1-1 w/Judge Carter — 30 Cases,https://jpwebsite.harriscountytx.gov/WebDockets/GetDocketDetail?date=02/24/2026&court=11&media=screen#1000AM,2/24/2026 10:00am,2/24/2026 11:00am,30,Judge Carter,2026,2026-02,2026-09,2026-02-24,Tuesday,0,Harris County JP 1-1
Tue 2-24-2026 @ 10:00 am — Harris County JP 1-2 w/Judge Duble — 6 Cases,https://jpwebsite.harriscountytx.gov/WebDockets/GetDocketDetail?date=02/24/2026&court=12&media=screen#1000AM,2/24/2026 10:00am,2/24/2026 1:00pm,6,Judge Duble,2026,2026-02,2026-09,2026-02-24,Tuesday,0,Harris County JP 1-2
Tue 2-24-2026 @ 1:00 pm — Harris County JP 1-2 w/Judge Duble — 11 Cases,https://jpwebsite.harriscountytx.gov/WebDockets/GetDocketDetail?date=02/24/2026&court=12&media=screen#0100PM,2/24/2026 1:00pm,2/24/2026 2:00pm,11,Judge Duble,2026,2026-02,2026-09,2026-02-24,Tuesday,0,Harris County JP 1-2
Tue 2-24-2026 @ 8:00 am — Harris County JP 2-1 w/Judge Delgado — 30 Cases,https://jpwebsite.harriscountytx.gov/WebDockets/GetDocketDetail?date=02/24/2026&court=21&media=screen#0800AM,2/24/2026 8:00am,2/24/2026 9:00am,30,Judge Delgado,2026,2026-02,2026-09,2026-02-24,Tuesday,0,Harris County JP 2-1
Tue 2-24-2026 @ 9:00 am — Harris County JP 4-1 w/Judge Goodwin — 38 Cases,https://jpwebsite.harriscountytx.gov/WebDockets/GetDocketDetail?date=02/24/2026&court=41&media=screen#0900AM,2/24/2026 9:00am,2/24/2026 9:30am,38,Judge Goodwin,2026,2026-02,2026-09,2026-02-24,Tuesday,0,Harris County JP 4-1
Tue 2-24-2026 @ 11:00 am — Harris County JP 4-2 w/Judge Korduba — 12 Cases,https://jpwebsite.harriscountytx.gov/WebDockets/GetDocketDetail?date=02/24/2026&court=42&media=screen#1100AM,2/24/2026 11:00am,2/24/2026 12:00pm,12,Judge Korduba,2026,2026-02,2026-09,2026-02-24,Tuesday,0,Harris County JP 4-2
Tue 2-24-2026 @ 12:00 pm — Harris County JP 4-2 w/Judge Korduba — 21 Cases,https://jpwebsite.harriscountytx.gov/WebDockets/GetDocketDetail?date=02/24/2026&court=42&media=screen#1200PM,2/24/2026 12:00pm,2/24/2026 1:00pm,21,Judge Korduba,2026,2026-02,2026-09,2026-02-24,Tuesday,0,Harris County JP 4-2
Tue 2-24-2026 @ 1:00 pm — Harris County JP 4-2 w/Judge Korduba — 17 Cases,https://jpwebsite.harriscountytx.gov/WebDockets/GetDocketDetail?date=02/24/2026&court=42&media=screen#0100PM,2/24/2026 1:00pm,2/24/2026 2:00pm,17,Judge Korduba,2026,2026-02,2026-09,2026-02-24,Tuesday,0,Harris County JP 4-2
Tue 2-24-2026 @ 1:30 pm — Harris County JP 5-1 w/Judge Lombardino — 38 Cases,https://jpwebsite.harriscountytx.gov/WebDockets/GetDocketDetail?date=02/24/2026&court=51&media=screen#0130PM,2/24/2026 1:30pm,2/24/2026 8:30am,38,Judge Lombardino,2026,2026-02,2026-09,2026-02-24,Tuesday,0,Harris County JP 5-1
Tue 2-24-2026 @ 2:30 pm — Harris County JP 5-2 w/Judge Wolfe — 85 Cases,https://jpwebsite.harriscountytx.gov/WebDockets/GetDocketDetail?date=02/24/2026&court=52&media=screen#0230PM,2/24/2026 2:30pm,2/24/2026 3:00pm,85,Judge Wolfe,2026,2026-02,2026-09,2026-02-24,Tuesday,0,Harris County JP 5-2
Tue 2-24-2026 @ 9:00 am — Harris County JP 7-2 w/Judge Burney — 61 Cases,https://jpwebsite.harriscountytx.gov/WebDockets/GetDocketDetail?date=02/24/2026&court=72&media=screen#0900AM,2/24/2026 9:00am,2/24/2026 10:00am,61,Judge Burney,2026,2026-02,2026-09,2026-02-24,Tuesday,0,Harris County JP 7-2
Wed 2-25-2026 @ 8:00 am — Harris County JP 2-1 w/Judge Delgado — 20 Cases,https://jpwebsite.harriscountytx.gov/WebDockets/GetDocketDetail?date=02/25/2026&court=21&media=screen#0800AM,2/25/2026 8:00am,2/25/2026 9:00am,20,Judge Delgado,2026,2026-02,2026-09,2026-02-25,Wednesday,0,Harris County JP 2-1
Wed 2-25-2026 @ 10:30 am — Harris County JP 3-1 w/Judge Stephens — 33 Cases,https://jpwebsite.harriscountytx.gov/WebDockets/GetDocketDetail?date=02/25/2026&court=31&media=screen#1030AM,2/25/2026 10:30am,2/25/2026 11:00am,33,Judge Stephens,2026,2026-02,2026-09,2026-02-25,Wednesday,0,Harris County JP 3-1
Wed 2-25-2026 @ 9:00 am — Harris County JP 3-1 w/Judge Stephens — 35 Cases,https://jpwebsite.harriscountytx.gov/WebDockets/GetDocketDetail?date=02/25/2026&court=31&media=screen#0900AM,2/25/2026 9:00am,2/25/2026 10:30am,35,Judge Stephens,2026,2026-02,2026-09,2026-02-25,Wednesday,0,Harris County JP 3-1
Wed 2-25-2026 @ 9:30 am — Harris County JP 3-2 w/Judge Bates — 14 Cases,https://jpwebsite.harriscountytx.gov/WebDockets/GetDocketDetail?date=02/25/2026&court=32&media=screen#0930AM,2/25/2026 9:30am,2/25/2026 10:30am,14,Judge Bates,2026,2026-02,2026-09,2026-02-25,Wednesday,0,Harris County JP 3-2
Wed 2-25-2026 @ 9:00 am — Harris County JP 4-1 w/Judge Goodwin — 2 Cases,https://jpwebsite.harriscountytx.gov/WebDockets/GetDocketDetail?date=02/25/2026&court=41&media=screen#0900AM,2/25/2026 9:00am,2/25/2026 9:30am,2,Judge Goodwin,2026,2026-02,2026-09,2026-02-25,Wednesday,0,Harris County JP 4-1
Wed 2-25-2026 @ 8:30 am — Harris County JP 5-1 w/Judge Lombardino — 26 Cases,https://jpwebsite.harriscountytx.gov/WebDockets/GetDocketDetail?date=02/25/2026&court=51&media=screen#0830AM,2/25/2026 8:30am,2/25/2026 9:00am,26,Judge Lombardino,2026,2026-02,2026-09,2026-02-25,Wednesday,0,Harris County JP 5-1
Wed 2-25-2026 @ 9:00 am — Harris County JP 6-1 w/Judge Treviño — 12 Cases,https://jpwebsite.harriscountytx.gov/WebDockets/GetDocketDetail?date=02/25/2026&court=61&media=screen#0900AM,2/25/2026 9:00am,2/25/2026 1:30pm,12,Judge Treviño,2026,2026-02,2026-09,2026-02-25,Wednesday,0,Harris County JP 6-1
Wed 2-25-2026 @ 9:00 am — Harris County JP 7-1 w/Judge Adams — 38 Cases,https://jpwebsite.harriscountytx.gov/WebDockets/GetDocketDetail?date=02/25/2026&court=71&media=screen#0900AM,2/25/2026 9:00am,2/25/2026 9:30am,38,Judge Adams,2026,2026-02,2026-09,2026-02-25,Wednesday,0,Harris County JP 7-1
Thu 2-26-2026 @ 9:30 am — Harris County JP 1-1 w/Judge Carter — 30 Cases,https://jpwebsite.harriscountytx.gov/WebDockets/GetDocketDetail?date=02/26/2026&court=11&media=screen#0930AM,2/26/2026 9:30am,2/26/2026 10:30am,30,Judge Carter,2026,2026-02,2026-09,2026-02-26,Thursday,0,Harris County JP 1-1
Thu 2-26-2026 @ 10:30 am — Harris County JP 1-1 w/Judge Carter — 26 Cases,https://jpwebsite.harriscountytx.gov/WebDockets/GetDocketDetail?date=02/26/2026&court=11&media=screen#1030AM,2/26/2026 10:30am,2/26/2026 11:00am,26,Judge Carter,2026,2026-02,2026-09,2026-02-26,Thursday,0,Harris County JP 1-1
Thu 2-26-2026 @ 8:30 am — Harris County JP 1-1 w/Judge Carter — 25 Cases,https://jpwebsite.harriscountytx.gov/WebDockets/GetDocketDetail?date=02/26/2026&court=11&media=screen#0830AM,2/26/2026 8:30am,2/26/2026 9:30am,25,Judge Carter,2026,2026-02,2026-09,2026-02-26,Thursday,0,Harris County JP 1-1
Thu 2-26-2026 @ 10:00 am — Harris County JP 2-2 w/Judge Lozano — 4 Cases,https://jpwebsite.harriscountytx.gov/WebDockets/GetDocketDetail?date=02/26/2026&court=22&media=screen#1000AM,2/26/2026 10:00am,2/26/2026 10:30am,4,Judge Lozano,2026,2026-02,2026-09,2026-02-26,Thursday,0,Harris County JP 2-2
Thu 2-26-2026 @ 9:00 am — Harris County JP 2-2 w/Judge Lozano — 13 Cases,https://jpwebsite.harriscountytx.gov/WebDockets/GetDocketDetail?date=02/26/2026&court=22&media=screen#0900AM,2/26/2026 9:00am,2/26/2026 10:00am,13,Judge Lozano,2026,2026-02,2026-09,2026-02-26,Thursday,0,Harris County JP 2-2
Thu 2-26-2026 @ 9:00 am — Harris County JP 4-1 w/Judge Goodwin — 25 Cases,https://jpwebsite.harriscountytx.gov/WebDockets/GetDocketDetail?date=02/26/2026&court=41&media=screen#0900AM,2/26/2026 9:00am,2/26/2026 9:30am,25,Judge Goodwin,2026,2026-02,2026-09,2026-02-26,Thursday,0,Harris County JP 4-1
Thu 2-26-2026 @ 2:30 pm — Harris County JP 5-2 w/Judge Wolfe — 61 Cases,https://jpwebsite.harriscountytx.gov/WebDockets/GetDocketDetail?date=02/26/2026&court=52&media=screen#0230PM,2/26/2026 2:30pm,2/26/2026 3:00pm,61,Judge Wolfe,2026,2026-02,2026-09,2026-02-26,Thursday,0,Harris County JP 5-2
Thu 2-26-2026 @ 9:00 am — Harris County JP 8-1 w/Judge Williamson — 67 Cases,https://jpwebsite.harriscountytx.gov/WebDockets/GetDocketDetail?date=02/26/2026&court=81&media=screen#0900AM,2/26/2026 9:00am,2/26/2026 10:00am,67,Judge Williamson,2026,2026-02,2026-09,2026-02-26,Thursday,0,Harris County JP 8-1
Fri 2-27-2026 @ 9:00 am — Harris County JP 4-1 w/Judge Goodwin — 1 Cases,https://jpwebsite.harriscountytx.gov/WebDockets/GetDocketDetail?date=02/27/2026&court=41&media=screen#0900AM,2/27/2026 9:00am,2/27/2026 9:30am,1,Judge Goodwin,2026,2026-02,2026-09,2026-02-27,Friday,0,Harris County JP 4-1
Fri 2-27-2026 @ 9:00 am — Harris County JP 5-1 w/Judge Lombardino — 15 Cases,https://jpwebsite.harriscountytx.gov/WebDockets/GetDocketDetail?date=02/27/2026&court=51&media=screen#0900AM,2/27/2026 9:00am,2/27/2026 9:30am,15,Judge Lombardino,2026,2026-02,2026-09,2026-02-27,Friday,0,Harris County JP 5-1
Fri 2-27-2026 @ 9:00 am — Harris County JP 6-2 w/Judge Rodriguez — 22 Cases,https://jpwebsite.harriscountytx.gov/WebDockets/GetDocketDetail?date=02/27/2026&court=62&media=screen#0900AM,2/27/2026 9:00am,2/28/2026 9:00am,22,Judge Rodriguez,2026,2026-02,2026-09,2026-02-27,Friday,0,Harris County JP 6-2
Mon 3-2-2026 @ 8:30 am — Harris County JP 1-1 w/Judge Carter — 24 Cases,https://jpwebsite.harriscountytx.gov/WebDockets/GetDocketDetail?date=03/02/2026&court=11&media=screen#0830AM,3/2/2026 8:30am,3/2/2026 9:30am,24,Judge Carter,2026,2026-03,2026-10,2026-03-02,Monday,0,Harris County JP 1-1
Mon 3-2-2026 @ 9:30 am — Harris County JP 1-1 w/Judge Carter — 23 Cases,https://jpwebsite.harriscountytx.gov/WebDockets/GetDocketDetail?date=03/02/2026&court=11&media=screen#0930AM,3/2/2026 9:30am,3/2/2026 10:30am,23,Judge Carter,2026,2026-03,2026-10,2026-03-02,Monday,0,Harris County JP 1-1
Mon 3-2-2026 @ 11:15 am — Harris County JP 1-1 w/Judge Carter — 8 Cases,https://jpwebsite.harriscountytx.gov/WebDockets/GetDocketDetail?date=03/02/2026&court=11&media=screen#1115AM,3/2/2026 11:15am,3/2/2026 11:45am,8,Judge Carter,2026,2026-03,2026-10,2026-03-02,Monday,0,Harris County JP 1-1
Mon 3-2-2026 @ 10:30 am — Harris County JP 1-1 w/Judge Carter — 22 Cases,https://jpwebsite.harriscountytx.gov/WebDockets/GetDocketDetail?date=03/02/2026&court=11&media=screen#1030AM,3/2/2026 10:30am,3/2/2026 11:15am,22,Judge Carter,2026,2026-03,2026-10,2026-03-02,Monday,0,Harris County JP 1-1
Mon 3-2-2026 @ 8:00 am — Harris County JP 2-1 w/Judge Delgado — 19 Cases,https://jpwebsite.harriscountytx.gov/WebDockets/GetDocketDetail?date=03/02/2026&court=21&media=screen#0800AM,3/2/2026 8:00am,3/2/2026 9:00am,19,Judge Delgado,2026,2026-03,2026-10,2026-03-02,Monday,0,Harris County JP 2-1
Mon 3-2-2026 @ 9:30 am — Harris County JP 3-2 w/Judge Bates — 28 Cases,https://jpwebsite.harriscountytx.gov/WebDockets/GetDocketDetail?date=03/02/2026&court=32&media=screen#0930AM,3/2/2026 9:30am,3/3/2026 10:00am,28,Judge Bates,2026,2026-03,2026-10,2026-03-02,Monday,0,Harris County JP 3-2
Mon 3-2-2026 @ 1:00 pm — Harris County JP 4-1 w/Judge Goodwin — 49 Cases,https://jpwebsite.harriscountytx.gov/WebDockets/GetDocketDetail?date=03/02/2026&court=41&media=screen#0100PM,3/2/2026 1:00pm,3/2/2026 1:30pm,49,Judge Goodwin,2026,2026-03,2026-10,2026-03-02,Monday,0,Harris County JP 4-1
Mon 3-2-2026 @ 9:00 am — Harris County JP 4-1 w/Judge Goodwin — 100 Cases,https://jpwebsite.harriscountytx.gov/WebDockets/GetDocketDetail?date=03/02/2026&court=41&media=screen#0900AM,3/2/2026 9:00am,3/2/2026 9:30am,100,Judge Goodwin,2026,2026-03,2026-10,2026-03-02,Monday,0,Harris County JP 4-1
Mon 3-2-2026 @ 2:30 pm — Harris County JP 5-2 w/Judge Wolfe — 86 Cases,https://jpwebsite.harriscountytx.gov/WebDockets/GetDocketDetail?date=03/02/2026&court=52&media=screen#0230PM,3/2/2026 2:30pm,3/2/2026 3:00pm,86,Judge Wolfe,2026,2026-03,2026-10,2026-03-02,Monday,0,Harris County JP 5-2
Mon 3-2-2026 @ 9:00 am — Harris County JP 6-2 w/Judge Rodriguez — 1 Cases,https://jpwebsite.harriscountytx.gov/WebDockets/GetDocketDetail?date=03/02/2026&court=62&media=screen#0900AM,3/2/2026 9:00am,3/2/2026 9:00am,1,Judge Rodriguez,2026,2026-03,2026-10,2026-03-02,Monday,0,Harris County JP 6-2
Tue 3-3-2026 @ 9:00 am — Harris County JP 1-1 w/Judge Carter — 22 Cases,https://jpwebsite.harriscountytx.gov/WebDockets/GetDocketDetail?date=03/03/2026&court=11&media=screen#0900AM,3/3/2026 9:00am,3/3/2026 9:30am,22,Judge Carter,2026,2026-03,2026-10,2026-03-03,Tuesday,0,Harris County JP 1-1
Tue 3-3-2026 @ 2:00 pm — Harris County JP 1-2 w/Judge Duble — 8 Cases,https://jpwebsite.harriscountytx.gov/WebDockets/GetDocketDetail?date=03/03/2026&court=12&media=screen#0200PM,3/3/2026 2:00pm,3/3/2026 2:30pm,8,Judge Duble,2026,2026-03,2026-10,2026-03-03,Tuesday,0,Harris County JP 1-2
Tue 3-3-2026 @ 1:00 pm — Harris County JP 1-2 w/Judge Duble — 10 Cases,https://jpwebsite.harriscountytx.gov/WebDockets/GetDocketDetail?date=03/03/2026&court=12&media=screen#0100PM,3/3/2026 1:00pm,3/3/2026 2:00pm,10,Judge Duble,2026,2026-03,2026-10,2026-03-03,Tuesday,0,Harris County JP 1-2
Tue 3-3-2026 @ 10:00 am — Harris County JP 1-2 w/Judge Duble — 5 Cases,https://jpwebsite.harriscountytx.gov/WebDockets/GetDocketDetail?date=03/03/2026&court=12&media=screen#1000AM,3/3/2026 10:00am,3/3/2026 1:00pm,5,Judge Duble,2026,2026-03,2026-10,2026-03-03,Tuesday,0,Harris County JP 1-2
Tue 3-3-2026 @ 8:00 am — Harris County JP 2-1 w/Judge Delgado — 16 Cases,https://jpwebsite.harriscountytx.gov/WebDockets/GetDocketDetail?date=03/03/2026&court=21&media=screen#0800AM,3/3/2026 8:00am,3/3/2026 9:00am,16,Judge Delgado,2026,2026-03,2026-10,2026-03-03,Tuesday,0,Harris County JP 2-1
Tue 3-3-2026 @ 9:00 am — Harris County JP 3-1 w/Judge Stephens — 30 Cases,https://jpwebsite.harriscountytx.gov/WebDockets/GetDocketDetail?date=03/03/2026&court=31&media=screen#0900AM,3/3/2026 9:00am,3/3/2026 10:30am,30,Judge Stephens,2026,2026-03,2026-10,2026-03-03,Tuesday,0,Harris County JP 3-1
Tue 3-3-2026 @ 10:30 am — Harris County JP 3-1 w/Judge Stephens — 41 Cases,https://jpwebsite.harriscountytx.gov/WebDockets/GetDocketDetail?date=03/03/2026&court=31&media=screen#1030AM,3/3/2026 10:30am,3/3/2026 1:00pm,41,Judge Stephens,2026,2026-03,2026-10,2026-03-03,Tuesday,0,Harris County JP 3-1
Tue 3-3-2026 @ 1:00 pm — Harris County JP 3-1 w/Judge Stephens — 8 Cases,https://jpwebsite.harriscountytx.gov/WebDockets/GetDocketDetail?date=03/03/2026&court=31&media=screen#0100PM,3/3/2026 1:00pm,3/3/2026 2:30pm,8,Judge Stephens,2026,2026-03,2026-10,2026-03-03,Tuesday,0,Harris County JP 3-1
Tue 3-3-2026 @ 9:00 am — Harris County JP 4-1 w/Judge Goodwin — 71 Cases,https://jpwebsite.harriscountytx.gov/WebDockets/GetDocketDetail?date=03/03/2026&court=41&media=screen#0900AM,3/3/2026 9:00am,3/3/2026 9:30am,71,Judge Goodwin,2026,2026-03,2026-10,2026-03-03,Tuesday,0,Harris County JP 4-1
Tue 3-3-2026 @ 10:00 am — Harris County JP 4-2 w/Judge Korduba — 13 Cases,https://jpwebsite.harriscountytx.gov/WebDockets/GetDocketDetail?date=03/03/2026&court=42&media=screen#1000AM,3/3/2026 10:00am,3/3/2026 11:00am,13,Judge Korduba,2026,2026-03,2026-10,2026-03-03,Tuesday,0,Harris County JP 4-2
Tue 3-3-2026 @ 11:00 am — Harris County JP 4-2 w/Judge Korduba — 10 Cases,https://jpwebsite.harriscountytx.gov/WebDockets/GetDocketDetail?date=03/03/2026&court=42&media=screen#1100AM,3/3/2026 11:00am,3/3/2026 1:00pm,10,Judge Korduba,2026,2026-03,2026-10,2026-03-03,Tuesday,0,Harris County JP 4-2
Tue 3-3-2026 @ 1:00 pm — Harris County JP 4-2 w/Judge Korduba — 16 Cases,https://jpwebsite.harriscountytx.gov/WebDockets/GetDocketDetail?date=03/03/2026&court=42&media=screen#0100PM,3/3/2026 1:00pm,3/3/2026 2:00pm,16,Judge Korduba,2026,2026-03,2026-10,2026-03-03,Tuesday,0,Harris County JP 4-2
Tue 3-3-2026 @ 1:30 pm — Harris County JP 5-1 w/Judge Lombardino — 63 Cases,https://jpwebsite.harriscountytx.gov/WebDockets/GetDocketDetail?date=03/03/2026&court=51&media=screen#0130PM,3/3/2026 1:30pm,3/3/2026 2:00pm,63,Judge Lombardino,2026,2026-03,2026-10,2026-03-03,Tuesday,0,Harris County JP 5-1
Tue 3-3-2026 @ 11:00 am — Harris County JP 7-2 w/Judge Burney — 29 Cases,https://jpwebsite.harriscountytx.gov/WebDockets/GetDocketDetail?date=03/03/2026&court=72&media=screen#1100AM,3/3/2026 11:00am,3/3/2026 1:00pm,29,Judge Burney,2026,2026-03,2026-10,2026-03-03,Tuesday,0,Harris County JP 7-2
Tue 3-3-2026 @ 9:00 am — Harris County JP 7-2 w/Judge Burney — 49 Cases,https://jpwebsite.harriscountytx.gov/WebDockets/GetDocketDetail?date=03/03/2026&court=72&media=screen#0900AM,3/3/2026 9:00am,3/3/2026 11:00am,49,Judge Burney,2026,2026-03,2026-10,2026-03-03,Tuesday,0,Harris County JP 7-2
Wed 3-4-2026 @ 9:30 am — Harris County JP 1-1 w/Judge Carter — 21 Cases,https://jpwebsite.harriscountytx.gov/WebDockets/GetDocketDetail?date=03/04/2026&court=11&media=screen#0930AM,3/4/2026 9:30am,3/4/2026 10:30am,21,Judge Carter,2026,2026-03,2026-10,2026-03-04,Wednesday,0,Harris County JP 1-1
Wed 3-4-2026 @ 8:30 am — Harris County JP 1-1 w/Judge Carter — 26 Cases,https://jpwebsite.harriscountytx.gov/WebDockets/GetDocketDetail?date=03/04/2026&court=11&media=screen#0830AM,3/4/2026 8:30am,3/4/2026 9:30am,26,Judge Carter,2026,2026-03,2026-10,2026-03-04,Wednesday,0,Harris County JP 1-1
Wed 3-4-2026 @ 10:30 am — Harris County JP 1-1 w/Judge Carter — 23 Cases,https://jpwebsite.harriscountytx.gov/WebDockets/GetDocketDetail?date=03/04/2026&court=11&media=screen#1030AM,3/4/2026 10:30am,3/4/2026 11:00am,23,Judge Carter,2026,2026-03,2026-10,2026-03-04,Wednesday,0,Harris County JP 1-1
Wed 3-4-2026 @ 2:30 pm — Harris County JP 2-1 w/Judge Delgado — 3 Cases,https://jpwebsite.harriscountytx.gov/WebDockets/GetDocketDetail?date=03/04/2026&court=21&media=screen#0230PM,3/4/2026 2:30pm,3/4/2026 8:00am,3,Judge Delgado,2026,2026-03,2026-10,2026-03-04,Wednesday,0,Harris County JP 2-1
Wed 3-4-2026 @ 8:00 am — Harris County JP 2-1 w/Judge Delgado — 19 Cases,https://jpwebsite.harriscountytx.gov/WebDockets/GetDocketDetail?date=03/04/2026&court=21&media=screen#0800AM,3/4/2026 8:00am,3/4/2026 9:00am,19,Judge Delgado,2026,2026-03,2026-10,2026-03-04,Wednesday,0,Harris County JP 2-1
Wed 3-4-2026 @ 9:00 am — Harris County JP 6-1 w/Judge Treviño — 13 Cases,https://jpwebsite.harriscountytx.gov/WebDockets/GetDocketDetail?date=03/04/2026&court=61&media=screen#0900AM,3/4/2026 9:00am,3/4/2026 12:45pm,13,Judge Treviño,2026,2026-03,2026-10,2026-03-04,Wednesday,0,Harris County JP 6-1
Wed 3-4-2026 @ 9:00 am — Harris County JP 7-1 w/Judge Adams — 55 Cases,https://jpwebsite.harriscountytx.gov/WebDockets/GetDocketDetail?date=03/04/2026&court=71&media=screen#0900AM,3/4/2026 9:00am,3/4/2026 9:30am,55,Judge Adams,2026,2026-03,2026-10,2026-03-04,Wednesday,0,Harris County JP 7-1
Wed 3-4-2026 @ 9:00 am — Harris County JP 8-1 w/Judge Williamson — 59 Cases,https://jpwebsite.harriscountytx.gov/WebDockets/GetDocketDetail?date=03/04/2026&court=81&media=screen#0900AM,3/4/2026 9:00am,3/4/2026 11:00am,59,Judge Williamson,2026,2026-03,2026-10,2026-03-04,Wednesday,0,Harris County JP 8-1
Thu 3-5-2026 @ 8:00 am — Harris County JP 2-1 w/Judge Delgado — 13 Cases,https://jpwebsite.harriscountytx.gov/WebDockets/GetDocketDetail?date=03/05/2026&court=21&media=screen#0800AM,3/5/2026 8:00am,3/5/2026 9:00am,13,Judge Delgado,2026,2026-03,2026-10,2026-03-05,Thursday,0,Harris County JP 2-1
Thu 3-5-2026 @ 10:00 am — Harris County JP 2-2 w/Judge Lozano — 22 Cases,https://jpwebsite.harriscountytx.gov/WebDockets/GetDocketDetail?date=03/05/2026&court=22&media=screen#1000AM,3/5/2026 10:00am,3/5/2026 11:00am,22,Judge Lozano,2026,2026-03,2026-10,2026-03-05,Thursday,0,Harris County JP 2-2
Thu 3-5-2026 @ 9:00 am — Harris County JP 2-2 w/Judge Lozano — 19 Cases,https://jpwebsite.harriscountytx.gov/WebDockets/GetDocketDetail?date=03/05/2026&court=22&media=screen#0900AM,3/5/2026 9:00am,3/5/2026 10:00am,19,Judge Lozano,2026,2026-03,2026-10,2026-03-05,Thursday,0,Harris County JP 2-2
Thu 3-5-2026 @ 9:00 am — Harris County JP 4-1 w/Judge Goodwin — 25 Cases,https://jpwebsite.harriscountytx.gov/WebDockets/GetDocketDetail?date=03/05/2026&court=41&media=screen#0900AM,3/5/2026 9:00am,3/5/2026 9:30am,25,Judge Goodwin,2026,2026-03,2026-10,2026-03-05,Thursday,0,Harris County JP 4-1
Thu 3-5-2026 @ 2:30 pm — Harris County JP 5-2 w/Judge Wolfe — 95 Cases,https://jpwebsite.harriscountytx.gov/WebDockets/GetDocketDetail?date=03/05/2026&court=52&media=screen#0230PM,3/5/2026 2:30pm,3/5/2026 3:00pm,95,Judge Wolfe,2026,2026-03,2026-10,2026-03-05,Thursday,0,Harris County JP 5-2
Thu 3-5-2026 @ 9:00 am — Harris County JP 6-2 w/Judge Rodriguez — 26 Cases,https://jpwebsite.harriscountytx.gov/WebDockets/GetDocketDetail?date=03/05/2026&court=62&media=screen#0900AM,3/5/2026 9:00am,3/8/2026 10:00am,26,Judge Rodriguez,2026,2026-03,2026-10,2026-03-05,Thursday,0,Harris County JP 6-2
Fri 3-6-2026 @ 9:00 am — Harris County JP 5-1 w/Judge Lombardino — 11 Cases,https://jpwebsite.harriscountytx.gov/WebDockets/GetDocketDetail?date=03/06/2026&court=51&media=screen#0900AM,3/6/2026 9:00am,3/6/2026 9:30am,11,Judge Lombardino,2026,2026-03,2026-10,2026-03-06,Friday,0,Harris County JP 5-1
Fri 3-6-2026 @ 12:00 pm — Harris County JP 7-1 w/Judge Adams — 2 Cases,https://jpwebsite.harriscountytx.gov/WebDockets/GetDocketDetail?date=03/06/2026&court=71&media=screen#1200PM,3/6/2026 12:00pm,3/6/2026 12:30pm,2,Judge Adams,2026,2026-03,2026-10,2026-03-06,Friday,0,Harris County JP 7-1
Mon 3-9-2026 @ 8:00 am — Harris County JP 2-1 w/Judge Delgado — 14 Cases,https://jpwebsite.harriscountytx.gov/WebDockets/GetDocketDetail?date=03/09/2026&court=21&media=screen#0800AM,3/9/2026 8:00am,3/9/2026 9:00am,14,Judge Delgado,2026,2026-03,2026-11,2026-03-09,Monday,0,Harris County JP 2-1
Mon 3-9-2026 @ 9:30 am — Harris County JP 3-2 w/Judge Bates — 19 Cases,https://jpwebsite.harriscountytx.gov/WebDockets/GetDocketDetail?date=03/09/2026&court=32&media=screen#0930AM,3/9/2026 9:30am,3/9/2026 10:00am,19,Judge Bates,2026,2026-03,2026-11,2026-03-09,Monday,0,Harris County JP 3-2
Mon 3-9-2026 @ 9:00 am — Harris County JP 4-1 w/Judge Goodwin — 66 Cases,https://jpwebsite.harriscountytx.gov/WebDockets/GetDocketDetail?date=03/09/2026&court=41&media=screen#0900AM,3/9/2026 9:00am,3/9/2026 9:30am,66,Judge Goodwin,2026,2026-03,2026-11,2026-03-09,Monday,0,Harris County JP 4-1
Mon 3-9-2026 @ 1:00 pm — Harris County JP 4-1 w/Judge Goodwin — 35 Cases,https://jpwebsite.harriscountytx.gov/WebDockets/GetDocketDetail?date=03/09/2026&court=41&media=screen#0100PM,3/9/2026 1:00pm,3/9/2026 1:30pm,35,Judge Goodwin,2026,2026-03,2026-11,2026-03-09,Monday,0,Harris County JP 4-1
Mon 3-9-2026 @ 1:00 pm — Harris County JP 5-2 w/Judge Wolfe — 97 Cases,https://jpwebsite.harriscountytx.gov/WebDockets/GetDocketDetail?date=03/09/2026&court=52&media=screen#0100PM,3/9/2026 1:00pm,3/9/2026 1:30pm,97,Judge Wolfe,2026,2026-03,2026-11,2026-03-09,Monday,0,Harris County JP 5-2
Mon 3-9-2026 @ 9:00 am — Harris County JP 6-2 w/Judge Rodriguez — 4 Cases,https://jpwebsite.harriscountytx.gov/WebDockets/GetDocketDetail?date=03/09/2026&court=62&media=screen#0900AM,3/9/2026 9:00am,3/12/2026 9:00am,4,Judge Rodriguez,2026,2026-03,2026-11,2026-03-09,Monday,0,Harris County JP 6-2
Tue 3-10-2026 @ 2:00 pm — Harris County JP 1-2 w/Judge Duble — 8 Cases,https://jpwebsite.harriscountytx.gov/WebDockets/GetDocketDetail?date=03/10/2026&court=12&media=screen#0200PM,3/10/2026 2:00pm,3/10/2026 3:00pm,8,Judge Duble,2026,2026-03,2026-11,2026-03-10,Tuesday,0,Harris County JP 1-2
Tue 3-10-2026 @ 1:00 pm — Harris County JP 1-2 w/Judge Duble — 8 Cases,https://jpwebsite.harriscountytx.gov/WebDockets/GetDocketDetail?date=03/10/2026&court=12&media=screen#0100PM,3/10/2026 1:00pm,3/10/2026 2:00pm,8,Judge Duble,2026,2026-03,2026-11,2026-03-10,Tuesday,0,Harris County JP 1-2
Tue 3-10-2026 @ 10:00 am — Harris County JP 1-2 w/Judge Duble — 8 Cases,https://jpwebsite.harriscountytx.gov/WebDockets/GetDocketDetail?date=03/10/2026&court=12&media=screen#1000AM,3/10/2026 10:00am,3/10/2026 1:00pm,8,Judge Duble,2026,2026-03,2026-11,2026-03-10,Tuesday,0,Harris County JP 1-2
Tue 3-10-2026 @ 9:00 am — Harris County JP 3-1 w/Judge Stephens — 34 Cases,https://jpwebsite.harriscountytx.gov/WebDockets/GetDocketDetail?date=03/10/2026&court=31&media=screen#0900AM,3/10/2026 9:00am,3/10/2026 10:30am,34,Judge Stephens,2026,2026-03,2026-11,2026-03-10,Tuesday,0,Harris County JP 3-1
Tue 3-10-2026 @ 10:30 am — Harris County JP 3-1 w/Judge Stephens — 31 Cases,https://jpwebsite.harriscountytx.gov/WebDockets/GetDocketDetail?date=03/10/2026&court=31&media=screen#1030AM,3/10/2026 10:30am,3/10/2026 9:00am,31,Judge Stephens,2026,2026-03,2026-11,2026-03-10,Tuesday,0,Harris County JP 3-1
Tue 3-10-2026 @ 9:00 am — Harris County JP 4-1 w/Judge Goodwin — 5 Cases,https://jpwebsite.harriscountytx.gov/WebDockets/GetDocketDetail?date=03/10/2026&court=41&media=screen#0900AM,3/10/2026 9:00am,3/10/2026 9:30am,5,Judge Goodwin,2026,2026-03,2026-11,2026-03-10,Tuesday,0,Harris County JP 4-1
Tue 3-10-2026 @ 11:00 am — Harris County JP 4-2 w/Judge Korduba — 8 Cases,https://jpwebsite.harriscountytx.gov/WebDockets/GetDocketDetail?date=03/10/2026&court=42&media=screen#1100AM,3/10/2026 11:00am,3/10/2026 12:00pm,8,Judge Korduba,2026,2026-03,2026-11,2026-03-10,Tuesday,0,Harris County JP 4-2
Tue 3-10-2026 @ 1:00 pm — Harris County JP 4-2 w/Judge Korduba — 9 Cases,https://jpwebsite.harriscountytx.gov/WebDockets/GetDocketDetail?date=03/10/2026&court=42&media=screen#0100PM,3/10/2026 1:00pm,3/10/2026 2:00pm,9,Judge Korduba,2026,2026-03,2026-11,2026-03-10,Tuesday,0,Harris County JP 4-2
Tue 3-10-2026 @ 10:00 am — Harris County JP 4-2 w/Judge Korduba — 34 Cases,https://jpwebsite.harriscountytx.gov/WebDockets/GetDocketDetail?date=03/10/2026&court=42&media=screen#1000AM,3/10/2026 10:00am,3/10/2026 11:00am,34,Judge Korduba,2026,2026-03,2026-11,2026-03-10,Tuesday,0,Harris County JP 4-2
Tue 3-10-2026 @ 1:30 pm — Harris County JP 5-1 w/Judge Lombardino — 70 Cases,https://jpwebsite.harriscountytx.gov/WebDockets/GetDocketDetail?date=03/10/2026&court=51&media=screen#0130PM,3/10/2026 1:30pm,3/10/2026 2:00pm,70,Judge Lombardino,2026,2026-03,2026-11,2026-03-10,Tuesday,0,Harris County JP 5-1
Tue 3-10-2026 @ 2:30 pm — Harris County JP 5-2 w/Judge Wolfe — 93 Cases,https://jpwebsite.harriscountytx.gov/WebDockets/GetDocketDetail?date=03/10/2026&court=52&media=screen#0230PM,3/10/2026 2:30pm,3/10/2026 3:00pm,93,Judge Wolfe,2026,2026-03,2026-11,2026-03-10,Tuesday,0,Harris County JP 5-2
Tue 3-10-2026 @ 11:00 am — Harris County JP 7-2 w/Judge Burney — 32 Cases,https://jpwebsite.harriscountytx.gov/WebDockets/GetDocketDetail?date=03/10/2026&court=72&media=screen#1100AM,3/10/2026 11:00am,3/10/2026 12:00pm,32,Judge Burney,2026,2026-03,2026-11,2026-03-10,Tuesday,0,Harris County JP 7-2
Tue 3-10-2026 @ 9:00 am — Harris County JP 7-2 w/Judge Burney — 69 Cases,https://jpwebsite.harriscountytx.gov/WebDockets/GetDocketDetail?date=03/10/2026&court=72&media=screen#0900AM,3/10/2026 9:00am,3/10/2026 11:00am,69,Judge Burney,2026,2026-03,2026-11,2026-03-10,Tuesday,0,Harris County JP 7-2
Wed 3-11-2026 @ 2:00 pm — Harris County JP 1-1 w/Judge Carter — 28 Cases,https://jpwebsite.harriscountytx.gov/WebDockets/GetDocketDetail?date=03/11/2026&court=11&media=screen#0200PM,3/11/2026 2:00pm,3/11/2026 3:00pm,28,Judge Carter,2026,2026-03,2026-11,2026-03-11,Wednesday,0,Harris County JP 1-1
Wed 3-11-2026 @ 9:30 am — Harris County JP 1-1 w/Judge Carter — 28 Cases,https://jpwebsite.harriscountytx.gov/WebDockets/GetDocketDetail?date=03/11/2026&court=11&media=screen#0930AM,3/11/2026 9:30am,3/11/2026 10:30am,28,Judge Carter,2026,2026-03,2026-11,2026-03-11,Wednesday,0,Harris County JP 1-1
Wed 3-11-2026 @ 10:30 am — Harris County JP 1-1 w/Judge Carter — 33 Cases,https://jpwebsite.harriscountytx.gov/WebDockets/GetDocketDetail?date=03/11/2026&court=11&media=screen#1030AM,3/11/2026 10:30am,3/11/2026 1:00pm,33,Judge Carter,2026,2026-03,2026-11,2026-03-11,Wednesday,0,Harris County JP 1-1
Wed 3-11-2026 @ 3:00 pm — Harris County JP 1-1 w/Judge Carter — 25 Cases,https://jpwebsite.harriscountytx.gov/WebDockets/GetDocketDetail?date=03/11/2026&court=11&media=screen#0300PM,3/11/2026 3:00pm,3/11/2026 4:00pm,25,Judge Carter,2026,2026-03,2026-11,2026-03-11,Wednesday,0,Harris County JP 1-1
Wed 3-11-2026 @ 8:30 am — Harris County JP 1-1 w/Judge Carter — 29 Cases,https://jpwebsite.harriscountytx.gov/WebDockets/GetDocketDetail?date=03/11/2026&court=11&media=screen#0830AM,3/11/2026 8:30am,3/11/2026 9:30am,29,Judge Carter,2026,2026-03,2026-11,2026-03-11,Wednesday,0,Harris County JP 1-1
Wed 3-11-2026 @ 1:00 pm — Harris County JP 1-1 w/Judge Carter — 25 Cases,https://jpwebsite.harriscountytx.gov/WebDockets/GetDocketDetail?date=03/11/2026&court=11&media=screen#0100PM,3/11/2026 1:00pm,3/11/2026 2:00pm,25,Judge Carter,2026,2026-03,2026-11,2026-03-11,Wednesday,0,Harris County JP 1-1
Wed 3-11-2026 @ 2:30 pm — Harris County JP 2-1 w/Judge Delgado — 2 Cases,https://jpwebsite.harriscountytx.gov/WebDockets/GetDocketDetail?date=03/11/2026&court=21&media=screen#0230PM,3/11/2026 2:30pm,3/11/2026 8:00am,2,Judge Delgado,2026,2026-03,2026-11,2026-03-11,Wednesday,0,Harris County JP 2-1
Wed 3-11-2026 @ 8:00 am — Harris County JP 2-1 w/Judge Delgado — 19 Cases,https://jpwebsite.harriscountytx.gov/WebDockets/GetDocketDetail?date=03/11/2026&court=21&media=screen#0800AM,3/11/2026 8:00am,3/11/2026 9:00am,19,Judge Delgado,2026,2026-03,2026-11,2026-03-11,Wednesday,0,Harris County JP 2-1
Wed 3-11-2026 @ 9:00 am — Harris County JP 3-1 w/Judge Stephens — 20 Cases,https://jpwebsite.harriscountytx.gov/WebDockets/GetDocketDetail?date=03/11/2026&court=31&media=screen#0900AM,3/11/2026 9:00am,3/11/2026 9:30am,20,Judge Stephens,2026,2026-03,2026-11,2026-03-11,Wednesday,0,Harris County JP 3-1
Wed 3-11-2026 @ 9:00 am — Harris County JP 4-1 w/Judge Goodwin — 4 Cases,https://jpwebsite.harriscountytx.gov/WebDockets/GetDocketDetail?date=03/11/2026&court=41&media=screen#0900AM,3/11/2026 9:00am,3/11/2026 9:30am,4,Judge Goodwin,2026,2026-03,2026-11,2026-03-11,Wednesday,0,Harris County JP 4-1
Wed 3-11-2026 @ 9:00 am — Harris County JP 6-1 w/Judge Treviño — 27 Cases,https://jpwebsite.harriscountytx.gov/WebDockets/GetDocketDetail?date=03/11/2026&court=61&media=screen#0900AM,3/11/2026 9:00am,3/11/2026 12:45pm,27,Judge Treviño,2026,2026-03,2026-11,2026-03-11,Wednesday,0,Harris County JP 6-1
Wed 3-11-2026 @ 2:30 pm — Harris County JP 7-1 w/Judge Adams — 17 Cases,https://jpwebsite.harriscountytx.gov/WebDockets/GetDocketDetail?date=03/11/2026&court=71&media=screen#0230PM,3/11/2026 2:30pm,3/11/2026 3:00pm,17,Judge Adams,2026,2026-03,2026-11,2026-03-11,Wednesday,0,Harris County JP 7-1
Wed 3-11-2026 @ 9:00 am — Harris County JP 7-1 w/Judge Adams — 68 Cases,https://jpwebsite.harriscountytx.gov/WebDockets/GetDocketDetail?date=03/11/2026&court=71&media=screen#0900AM,3/11/2026 9:00am,3/11/2026 2:30pm,68,Judge Adams,2026,2026-03,2026-11,2026-03-11,Wednesday,0,Harris County JP 7-1
Thu 3-12-2026 @ 8:00 am — Harris County JP 2-1 w/Judge Delgado — 5 Cases,https://jpwebsite.harriscountytx.gov/WebDockets/GetDocketDetail?date=03/12/2026&court=21&media=screen#0800AM,3/12/2026 8:00am,3/12/2026 9:00am,5,Judge Delgado,2026,2026-03,2026-11,2026-03-12,Thursday,0,Harris County JP 2-1
Thu 3-12-2026 @ 9:00 am — Harris County JP 2-2 w/Judge Lozano — 13 Cases,https://jpwebsite.harriscountytx.gov/WebDockets/GetDocketDetail?date=03/12/2026&court=22&media=screen#0900AM,3/12/2026 9:00am,3/12/2026 10:00am,13,Judge Lozano,2026,2026-03,2026-11,2026-03-12,Thursday,0,Harris County JP 2-2
Thu 3-12-2026 @ 10:00 am — Harris County JP 2-2 w/Judge Lozano — 7 Cases,https://jpwebsite.harriscountytx.gov/WebDockets/GetDocketDetail?date=03/12/2026&court=22&media=screen#1000AM,3/12/2026 10:00am,3/12/2026 11:00am,7,Judge Lozano,2026,2026-03,2026-11,2026-03-12,Thursday,0,Harris County JP 2-2
Thu 3-12-2026 @ 9:00 am — Harris County JP 4-1 w/Judge Goodwin — 15 Cases,https://jpwebsite.harriscountytx.gov/WebDockets/GetDocketDetail?date=03/12/2026&court=41&media=screen#0900AM,3/12/2026 9:00am,3/12/2026 9:30am,15,Judge Goodwin,2026,2026-03,2026-11,2026-03-12,Thursday,0,Harris County JP 4-1
Thu 3-12-2026 @ 1:30 pm — Harris County JP 5-1 w/Judge Lombardino — 58 Cases,https://jpwebsite.harriscountytx.gov/WebDockets/GetDocketDetail?date=03/12/2026&court=51&media=screen#0130PM,3/12/2026 1:30pm,3/12/2026 2:00pm,58,Judge Lombardino,2026,2026-03,2026-11,2026-03-12,Thursday,0,Harris County JP 5-1
Thu 3-12-2026 @ 2:30 pm — Harris County JP 5-2 w/Judge Wolfe — 106 Cases,https://jpwebsite.harriscountytx.gov/WebDockets/GetDocketDetail?date=03/12/2026&court=52&media=screen#0230PM,3/12/2026 2:30pm,3/12/2026 3:00pm,106,Judge Wolfe,2026,2026-03,2026-11,2026-03-12,Thursday,0,Harris County JP 5-2
Thu 3-12-2026 @ 10:00 am — Harris County JP 8-1 w/Judge Williamson — 21 Cases,https://jpwebsite.harriscountytx.gov/WebDockets/GetDocketDetail?date=03/12/2026&court=81&media=screen#1000AM,3/12/2026 10:00am,,21,Judge Williamson,2026,2026-03,2026-11,2026-03-12,Thursday,0,Harris County JP 8-1
Fri 3-13-2026 @ 9:00 am — Harris County JP 4-1 w/Judge Goodwin — 1 Cases,https://jpwebsite.harriscountytx.gov/WebDockets/GetDocketDetail?date=03/13/2026&court=41&media=screen#0900AM,3/13/2026 9:00am,3/13/2026 9:30am,1,Judge Goodwin,2026,2026-03,2026-11,2026-03-13,Friday,0,Harris County JP 4-1
Fri 3-13-2026 @ 11:00 am — Harris County JP 4-2 w/Judge Korduba — 5 Cases,https://jpwebsite.harriscountytx.gov/WebDockets/GetDocketDetail?date=03/13/2026&court=42&media=screen#1100AM,3/13/2026 11:00am,3/13/2026 1:00pm,5,Judge Korduba,2026,2026-03,2026-11,2026-03-13,Friday,0,Harris County JP 4-2
Fri 3-13-2026 @ 1:00 pm — Harris County JP 4-2 w/Judge Korduba — 7 Cases,https://jpwebsite.harriscountytx.gov/WebDockets/GetDocketDetail?date=03/13/2026&court=42&media=screen#0100PM,3/13/2026 1:00pm,3/13/2026 2:00pm,7,Judge Korduba,2026,2026-03,2026-11,2026-03-13,Friday,0,Harris County JP 4-2
Fri 3-13-2026 @ 10:00 am — Harris County JP 4-2 w/Judge Korduba — 25 Cases,https://jpwebsite.harriscountytx.gov/WebDockets/GetDocketDetail?date=03/13/2026&court=42&media=screen#1000AM,3/13/2026 10:00am,3/13/2026 11:00am,25,Judge Korduba,2026,2026-03,2026-11,2026-03-13,Friday,0,Harris County JP 4-2
Fri 3-13-2026 @ 9:00 am — Harris County JP 5-1 w/Judge Lombardino — 12 Cases,https://jpwebsite.harriscountytx.gov/WebDockets/GetDocketDetail?date=03/13/2026&court=51&media=screen#0900AM,3/13/2026 9:00am,3/13/2026 9:30am,12,Judge Lombardino,2026,2026-03,2026-11,2026-03-13,Friday,0,Harris County JP 5-1
Fri 3-13-2026 @ 9:00 am — Harris County JP 6-2 w/Judge Rodriguez — 10 Cases,https://jpwebsite.harriscountytx.gov/WebDockets/GetDocketDetail?date=03/13/2026&court=62&media=screen#0900AM,3/13/2026 9:00am,3/16/2026 9:00am,10,Judge Rodriguez,2026,2026-03,2026-11,2026-03-13,Friday,0,Harris County JP 6-2
Mon 3-16-2026 @ 8:30 am — Harris County JP 1-1 w/Judge Carter — 30 Cases,https://jpwebsite.harriscountytx.gov/WebDockets/GetDocketDetail?date=03/16/2026&court=11&media=screen#0830AM,3/16/2026 8:30am,3/16/2026 9:30am,30,Judge Carter,2026,2026-03,2026-12,2026-03-16,Monday,0,Harris County JP 1-1
Mon 3-16-2026 @ 9:30 am — Harris County JP 1-1 w/Judge Carter — 26 Cases,https://jpwebsite.harriscountytx.gov/WebDockets/GetDocketDetail?date=03/16/2026&court=11&media=screen#0930AM,3/16/2026 9:30am,3/16/2026 10:30am,26,Judge Carter,2026,2026-03,2026-12,2026-03-16,Monday,0,Harris County JP 1-1
Mon 3-16-2026 @ 10:30 am — Harris County JP 1-1 w/Judge Carter — 17 Cases,https://jpwebsite.harriscountytx.gov/WebDockets/GetDocketDetail?date=03/16/2026&court=11&media=screen#1030AM,3/16/2026 10:30am,3/16/2026 11:30am,17,Judge Carter,2026,2026-03,2026-12,2026-03-16,Monday,0,Harris County JP 1-1
Mon 3-16-2026 @ 3:00 pm — Harris County JP 2-1 w/Judge Delgado — 4 Cases,https://jpwebsite.harriscountytx.gov/WebDockets/GetDocketDetail?date=03/16/2026&court=21&media=screen#0300PM,3/16/2026 3:00pm,3/16/2026 8:00am,4,Judge Delgado,2026,2026-03,2026-12,2026-03-16,Monday,0,Harris County JP 2-1
Mon 3-16-2026 @ 8:00 am — Harris County JP 2-1 w/Judge Delgado — 25 Cases,https://jpwebsite.harriscountytx.gov/WebDockets/GetDocketDetail?date=03/16/2026&court=21&media=screen#0800AM,3/16/2026 8:00am,3/16/2026 9:00am,25,Judge Delgado,2026,2026-03,2026-12,2026-03-16,Monday,0,Harris County JP 2-1
Mon 3-16-2026 @ 1:30 pm — Harris County JP 3-2 w/Judge Bates — 13 Cases,https://jpwebsite.harriscountytx.gov/WebDockets/GetDocketDetail?date=03/16/2026&court=32&media=screen#0130PM,3/16/2026 1:30pm,3/16/2026 2:00pm,13,Judge Bates,2026,2026-03,2026-12,2026-03-16,Monday,0,Harris County JP 3-2
Mon 3-16-2026 @ 1:00 pm — Harris County JP 4-1 w/Judge Goodwin — 93 Cases,https://jpwebsite.harriscountytx.gov/WebDockets/GetDocketDetail?date=03/16/2026&court=41&media=screen#0100PM,3/16/2026 1:00pm,3/16/2026 1:30pm,93,Judge Goodwin,2026,2026-03,2026-12,2026-03-16,Monday,0,Harris County JP 4-1
Mon 3-16-2026 @ 9:00 am — Harris County JP 4-1 w/Judge Goodwin — 105 Cases,https://jpwebsite.harriscountytx.gov/WebDockets/GetDocketDetail?date=03/16/2026&court=41&media=screen#0900AM,3/16/2026 9:00am,3/16/2026 9:30am,105,Judge Goodwin,2026,2026-03,2026-12,2026-03-16,Monday,0,Harris County JP 4-1
Mon 3-16-2026 @ 1:00 pm — Harris County JP 5-2 w/Judge Wolfe — 71 Cases,https://jpwebsite.harriscountytx.gov/WebDockets/GetDocketDetail?date=03/16/2026&court=52&media=screen#0100PM,3/16/2026 1:00pm,3/16/2026 1:30pm,71,Judge Wolfe,2026,2026-03,2026-12,2026-03-16,Monday,0,Harris County JP 5-2
Mon 3-16-2026 @ 9:00 am — Harris County JP 6-2 w/Judge Rodriguez — 11 Cases,https://jpwebsite.harriscountytx.gov/WebDockets/GetDocketDetail?date=03/16/2026&court=62&media=screen#0900AM,3/16/2026 9:00am,3/16/2026 10:00am,11,Judge Rodriguez,2026,2026-03,2026-12,2026-03-16,Monday,0,Harris County JP 6-2
Tue 3-17-2026 @ 1:00 pm — Harris County JP 1-2 w/Judge Duble — 12 Cases,https://jpwebsite.harriscountytx.gov/WebDockets/GetDocketDetail?date=03/17/2026&court=12&media=screen#0100PM,3/17/2026 1:00pm,3/17/2026 2:00pm,12,Judge Duble,2026,2026-03,2026-12,2026-03-17,Tuesday,0,Harris County JP 1-2
Tue 3-17-2026 @ 2:00 pm — Harris County JP 1-2 w/Judge Duble — 2 Cases,https://jpwebsite.harriscountytx.gov/WebDockets/GetDocketDetail?date=03/17/2026&court=12&media=screen#0200PM,3/17/2026 2:00pm,3/17/2026 3:00pm,2,Judge Duble,2026,2026-03,2026-12,2026-03-17,Tuesday,0,Harris County JP 1-2
Tue 3-17-2026 @ 10:00 am — Harris County JP 1-2 w/Judge Duble — 7 Cases,https://jpwebsite.harriscountytx.gov/WebDockets/GetDocketDetail?date=03/17/2026&court=12&media=screen#1000AM,3/17/2026 10:00am,3/17/2026 1:00pm,7,Judge Duble,2026,2026-03,2026-12,2026-03-17,Tuesday,0,Harris County JP 1-2
Tue 3-17-2026 @ 8:00 am — Harris County JP 2-1 w/Judge Delgado — 11 Cases,https://jpwebsite.harriscountytx.gov/WebDockets/GetDocketDetail?date=03/17/2026&court=21&media=screen#0800AM,3/17/2026 8:00am,3/17/2026 9:00am,11,Judge Delgado,2026,2026-03,2026-12,2026-03-17,Tuesday,0,Harris County JP 2-1
Tue 3-17-2026 @ 9:00 am — Harris County JP 3-1 w/Judge Stephens — 16 Cases,https://jpwebsite.harriscountytx.gov/WebDockets/GetDocketDetail?date=03/17/2026&court=31&media=screen#0900AM,3/17/2026 9:00am,3/17/2026 10:30am,16,Judge Stephens,2026,2026-03,2026-12,2026-03-17,Tuesday,0,Harris County JP 3-1
Tue 3-17-2026 @ 10:30 am — Harris County JP 3-1 w/Judge Stephens — 29 Cases,https://jpwebsite.harriscountytx.gov/WebDockets/GetDocketDetail?date=03/17/2026&court=31&media=screen#1030AM,3/17/2026 10:30am,3/18/2026 8:30am,29,Judge Stephens,2026,2026-03,2026-12,2026-03-17,Tuesday,0,Harris County JP 3-1
Tue 3-17-2026 @ 9:00 am — Harris County JP 4-1 w/Judge Goodwin — 78 Cases,https://jpwebsite.harriscountytx.gov/WebDockets/GetDocketDetail?date=03/17/2026&court=41&media=screen#0900AM,3/17/2026 9:00am,3/17/2026 9:30am,78,Judge Goodwin,2026,2026-03,2026-12,2026-03-17,Tuesday,0,Harris County JP 4-1
Tue 3-17-2026 @ 1:30 pm — Harris County JP 5-1 w/Judge Lombardino — 38 Cases,https://jpwebsite.harriscountytx.gov/WebDockets/GetDocketDetail?date=03/17/2026&court=51&media=screen#0130PM,3/17/2026 1:30pm,3/17/2026 2:00pm,38,Judge Lombardino,2026,2026-03,2026-12,2026-03-17,Tuesday,0,Harris County JP 5-1
Tue 3-17-2026 @ 9:00 am — Harris County JP 5-2 w/Judge Wolfe — 52 Cases,https://jpwebsite.harriscountytx.gov/WebDockets/GetDocketDetail?date=03/17/2026&court=52&media=screen#0900AM,3/17/2026 9:00am,3/17/2026 9:30am,52,Judge Wolfe,2026,2026-03,2026-12,2026-03-17,Tuesday,0,Harris County JP 5-2
Tue 3-17-2026 @ 2:30 pm — Harris County JP 5-2 w/Judge Wolfe — 115 Cases,https://jpwebsite.harriscountytx.gov/WebDockets/GetDocketDetail?date=03/17/2026&court=52&media=screen#0230PM,3/17/2026 2:30pm,3/17/2026 3:00pm,115,Judge Wolfe,2026,2026-03,2026-12,2026-03-17,Tuesday,0,Harris County JP 5-2
Tue 3-17-2026 @ 11:00 am — Harris County JP 6-2 w/Judge Rodriguez — 1 Cases,https://jpwebsite.harriscountytx.gov/WebDockets/GetDocketDetail?date=03/17/2026&court=62&media=screen#1100AM,3/17/2026 11:00am,3/17/2026 9:00am,1,Judge Rodriguez,2026,2026-03,2026-12,2026-03-17,Tuesday,0,Harris County JP 6-2
Tue 3-17-2026 @ 9:00 am — Harris County JP 7-2 w/Judge Burney — 57 Cases,https://jpwebsite.harriscountytx.gov/WebDockets/GetDocketDetail?date=03/17/2026&court=72&media=screen#0900AM,3/17/2026 9:00am,3/17/2026 11:00am,57,Judge Burney,2026,2026-03,2026-12,2026-03-17,Tuesday,0,Harris County JP 7-2
Tue 3-17-2026 @ 11:00 am — Harris County JP 7-2 w/Judge Burney — 8 Cases,https://jpwebsite.harriscountytx.gov/WebDockets/GetDocketDetail?date=03/17/2026&court=72&media=screen#1100AM,3/17/2026 11:00am,3/17/2026 12:30pm,8,Judge Burney,2026,2026-03,2026-12,2026-03-17,Tuesday,0,Harris County JP 7-2
Wed 3-18-2026 @ 8:30 am — Harris County JP 1-1 w/Judge Carter — 27 Cases,https://jpwebsite.harriscountytx.gov/WebDockets/GetDocketDetail?date=03/18/2026&court=11&media=screen#0830AM,3/18/2026 8:30am,3/18/2026 9:30am,27,Judge Carter,2026,2026-03,2026-12,2026-03-18,Wednesday,0,Harris County JP 1-1
Wed 3-18-2026 @ 10:30 am — Harris County JP 1-1 w/Judge Carter — 26 Cases,https://jpwebsite.harriscountytx.gov/WebDockets/GetDocketDetail?date=03/18/2026&court=11&media=screen#1030AM,3/18/2026 10:30am,3/18/2026 11:30am,26,Judge Carter,2026,2026-03,2026-12,2026-03-18,Wednesday,0,Harris County JP 1-1
Wed 3-18-2026 @ 9:30 am — Harris County JP 1-1 w/Judge Carter — 28 Cases,https://jpwebsite.harriscountytx.gov/WebDockets/GetDocketDetail?date=03/18/2026&court=11&media=screen#0930AM,3/18/2026 9:30am,3/18/2026 10:30am,28,Judge Carter,2026,2026-03,2026-12,2026-03-18,Wednesday,0,Harris County JP 1-1
Wed 3-18-2026 @ 1:30 pm — Harris County JP 5-1 w/Judge Lombardino — 4 Cases,https://jpwebsite.harriscountytx.gov/WebDockets/GetDocketDetail?date=03/18/2026&court=51&media=screen#0130PM,3/18/2026 1:30pm,3/18/2026 2:00pm,4,Judge Lombardino,2026,2026-03,2026-12,2026-03-18,Wednesday,0,Harris County JP 5-1
Wed 3-18-2026 @ 9:00 am — Harris County JP 6-1 w/Judge Treviño — 14 Cases,https://jpwebsite.harriscountytx.gov/WebDockets/GetDocketDetail?date=03/18/2026&court=61&media=screen#0900AM,3/18/2026 9:00am,3/18/2026 1:30pm,14,Judge Treviño,2026,2026-03,2026-12,2026-03-18,Wednesday,0,Harris County JP 6-1
Wed 3-18-2026 @ 1:00 pm — Harris County JP 7-1 w/Judge Adams — 63 Cases,https://jpwebsite.harriscountytx.gov/WebDockets/GetDocketDetail?date=03/18/2026&court=71&media=screen#0100PM,3/18/2026 1:00pm,3/18/2026 1:30pm,63,Judge Adams,2026,2026-03,2026-12,2026-03-18,Wednesday,0,Harris County JP 7-1
Thu 3-19-2026 @ 1:30 pm — Harris County JP 2-1 w/Judge Delgado — 20 Cases,https://jpwebsite.harriscountytx.gov/WebDockets/GetDocketDetail?date=03/19/2026&court=21&media=screen#0130PM,3/19/2026 1:30pm,3/19/2026 2:30pm,20,Judge Delgado,2026,2026-03,2026-12,2026-03-19,Thursday,0,Harris County JP 2-1
Thu 3-19-2026 @ 9:00 am — Harris County JP 2-2 w/Judge Lozano — 17 Cases,https://jpwebsite.harriscountytx.gov/WebDockets/GetDocketDetail?date=03/19/2026&court=22&media=screen#0900AM,3/19/2026 9:00am,3/19/2026 10:00am,17,Judge Lozano,2026,2026-03,2026-12,2026-03-19,Thursday,0,Harris County JP 2-2
Thu 3-19-2026 @ 10:00 am — Harris County JP 2-2 w/Judge Lozano — 4 Cases,https://jpwebsite.harriscountytx.gov/WebDockets/GetDocketDetail?date=03/19/2026&court=22&media=screen#1000AM,3/19/2026 10:00am,3/19/2026 11:00am,4,Judge Lozano,2026,2026-03,2026-12,2026-03-19,Thursday,0,Harris County JP 2-2
Thu 3-19-2026 @ 9:00 am — Harris County JP 4-1 w/Judge Goodwin — 20 Cases,https://jpwebsite.harriscountytx.gov/WebDockets/GetDocketDetail?date=03/19/2026&court=41&media=screen#0900AM,3/19/2026 9:00am,3/19/2026 9:30am,20,Judge Goodwin,2026,2026-03,2026-12,2026-03-19,Thursday,0,Harris County JP 4-1
Thu 3-19-2026 @ 11:00 am — Harris County JP 4-2 w/Judge Korduba — 20 Cases,https://jpwebsite.harriscountytx.gov/WebDockets/GetDocketDetail?date=03/19/2026&court=42&media=screen#1100AM,3/19/2026 11:00am,3/19/2026 1:00pm,20,Judge Korduba,2026,2026-03,2026-12,2026-03-19,Thursday,0,Harris County JP 4-2
Thu 3-19-2026 @ 1:00 pm — Harris County JP 4-2 w/Judge Korduba — 6 Cases,https://jpwebsite.harriscountytx.gov/WebDockets/GetDocketDetail?date=03/19/2026&court=42&media=screen#0100PM,3/19/2026 1:00pm,3/19/2026 2:00pm,6,Judge Korduba,2026,2026-03,2026-12,2026-03-19,Thursday,0,Harris County JP 4-2
Thu 3-19-2026 @ 10:00 am — Harris County JP 4-2 w/Judge Korduba — 38 Cases,https://jpwebsite.harriscountytx.gov/WebDockets/GetDocketDetail?date=03/19/2026&court=42&media=screen#1000AM,3/19/2026 10:00am,3/19/2026 11:00am,38,Judge Korduba,2026,2026-03,2026-12,2026-03-19,Thursday,0,Harris County JP 4-2
Thu 3-19-2026 @ 1:30 pm — Harris County JP 5-1 w/Judge Lombardino — 19 Cases,https://jpwebsite.harriscountytx.gov/WebDockets/GetDocketDetail?date=03/19/2026&court=51&media=screen#0130PM,3/19/2026 1:30pm,3/19/2026 2:00pm,19,Judge Lombardino,2026,2026-03,2026-12,2026-03-19,Thursday,0,Harris County JP 5-1
Thu 3-19-2026 @ 2:30 pm — Harris County JP 5-2 w/Judge Wolfe — 30 Cases,https://jpwebsite.harriscountytx.gov/WebDockets/GetDocketDetail?date=03/19/2026&court=52&media=screen#0230PM,3/19/2026 2:30pm,3/19/2026 3:00pm,30,Judge Wolfe,2026,2026-03,2026-12,2026-03-19,Thursday,0,Harris County JP 5-2
Thu 3-19-2026 @ 9:00 am — Harris County JP 8-1 w/Judge Williamson — 13 Cases,https://jpwebsite.harriscountytx.gov/WebDockets/GetDocketDetail?date=03/19/2026&court=81&media=screen#0900AM,3/19/2026 9:00am,3/19/2026 10:00am,13,Judge Williamson,2026,2026-03,2026-12,2026-03-19,Thursday,0,Harris County JP 8-1
Thu 3-19-2026 @ 2:00 pm — Harris County JP 8-2 w/Judge Ditta — 4 Cases,https://jpwebsite.harriscountytx.gov/WebDockets/GetDocketDetail?date=03/19/2026&court=82&media=screen#0200PM,3/19/2026 2:00pm,3/19/2026 3:00pm,4,Judge Ditta,2026,2026-03,2026-12,2026-03-19,Thursday,0,Harris County JP 8-2
Fri 3-20-2026 @ 9:00 am — Harris County JP 5-1 w/Judge Lombardino — 12 Cases,https://jpwebsite.harriscountytx.gov/WebDockets/GetDocketDetail?date=03/20/2026&court=51&media=screen#0900AM,3/20/2026 9:00am,3/20/2026 9:30am,12,Judge Lombardino,2026,2026-03,2026-12,2026-03-20,Friday,0,Harris County JP 5-1
Fri 3-20-2026 @ 9:00 am — Harris County JP 6-2 w/Judge Rodriguez — 13 Cases,https://jpwebsite.harriscountytx.gov/WebDockets/GetDocketDetail?date=03/20/2026&court=62&media=screen#0900AM,3/20/2026 9:00am,3/20/2026 10:00am,13,Judge Rodriguez,2026,2026-03,2026-12,2026-03-20,Friday,0,Harris County JP 6-2
Mon 3-23-2026 @ 8:30 am — Harris County JP 1-1 w/Judge Carter — 24 Cases,https://jpwebsite.harriscountytx.gov/WebDockets/GetDocketDetail?date=03/23/2026&court=11&media=screen#0830AM,3/23/2026 8:30am,3/23/2026 9:30am,24,Judge Carter,2026,2026-03,2026-13,2026-03-23,Monday,0,Harris County JP 1-1
Mon 3-23-2026 @ 9:30 am — Harris County JP 1-1 w/Judge Carter — 23 Cases,https://jpwebsite.harriscountytx.gov/WebDockets/GetDocketDetail?date=03/23/2026&court=11&media=screen#0930AM,3/23/2026 9:30am,3/23/2026 10:30am,23,Judge Carter,2026,2026-03,2026-13,2026-03-23,Monday,0,Harris County JP 1-1
Mon 3-23-2026 @ 10:30 am — Harris County JP 1-1 w/Judge Carter — 17 Cases,https://jpwebsite.harriscountytx.gov/WebDockets/GetDocketDetail?date=03/23/2026&court=11&media=screen#1030AM,3/23/2026 10:30am,3/23/2026 11:15am,17,Judge Carter,2026,2026-03,2026-13,2026-03-23,Monday,0,Harris County JP 1-1
Mon 3-23-2026 @ 11:15 am — Harris County JP 1-1 w/Judge Carter — 3 Cases,https://jpwebsite.harriscountytx.gov/WebDockets/GetDocketDetail?date=03/23/2026&court=11&media=screen#1115AM,3/23/2026 11:15am,3/23/2026 11:45am,3,Judge Carter,2026,2026-03,2026-13,2026-03-23,Monday,0,Harris County JP 1-1
Mon 3-23-2026 @ 8:00 am — Harris County JP 2-1 w/Judge Delgado — 14 Cases,https://jpwebsite.harriscountytx.gov/WebDockets/GetDocketDetail?date=03/23/2026&court=21&media=screen#0800AM,3/23/2026 8:00am,3/23/2026 9:00am,14,Judge Delgado,2026,2026-03,2026-13,2026-03-23,Monday,0,Harris County JP 2-1
Mon 3-23-2026 @ 2:30 pm — Harris County JP 2-1 w/Judge Delgado — 3 Cases,https://jpwebsite.harriscountytx.gov/WebDockets/GetDocketDetail?date=03/23/2026&court=21&media=screen#0230PM,3/23/2026 2:30pm,3/23/2026 8:00am,3,Judge Delgado,2026,2026-03,2026-13,2026-03-23,Monday,0,Harris County JP 2-1
Mon 3-23-2026 @ 9:00 am — Harris County JP 4-1 w/Judge Goodwin — 27 Cases,https://jpwebsite.harriscountytx.gov/WebDockets/GetDocketDetail?date=03/23/2026&court=41&media=screen#0900AM,3/23/2026 9:00am,3/23/2026 9:30am,27,Judge Goodwin,2026,2026-03,2026-13,2026-03-23,Monday,0,Harris County JP 4-1
Mon 3-23-2026 @ 1:00 pm — Harris County JP 4-1 w/Judge Goodwin — 14 Cases,https://jpwebsite.harriscountytx.gov/WebDockets/GetDocketDetail?date=03/23/2026&court=41&media=screen#0100PM,3/23/2026 1:00pm,3/23/2026 1:30pm,14,Judge Goodwin,2026,2026-03,2026-13,2026-03-23,Monday,0,Harris County JP 4-1
Mon 3-23-2026 @ 1:00 pm — Harris County JP 5-2 w/Judge Wolfe — 49 Cases,https://jpwebsite.harriscountytx.gov/WebDockets/GetDocketDetail?date=03/23/2026&court=52&media=screen#0100PM,3/23/2026 1:00pm,3/23/2026 1:30pm,49,Judge Wolfe,2026,2026-03,2026-13,2026-03-23,Monday,0,Harris County JP 5-2
Mon 3-23-2026 @ 9:00 am — Harris County JP 6-2 w/Judge Rodriguez — 2 Cases,https://jpwebsite.harriscountytx.gov/WebDockets/GetDocketDetail?date=03/23/2026&court=62&media=screen#0900AM,3/23/2026 9:00am,3/24/2026 9:00am,2,Judge Rodriguez,2026,2026-03,2026-13,2026-03-23,Monday,0,Harris County JP 6-2
Tue 3-24-2026 @ 1:00 pm — Harris County JP 1-2 w/Judge Duble — 10 Cases,https://jpwebsite.harriscountytx.gov/WebDockets/GetDocketDetail?date=03/24/2026&court=12&media=screen#0100PM,3/24/2026 1:00pm,3/24/2026 2:00pm,10,Judge Duble,2026,2026-03,2026-13,2026-03-24,Tuesday,0,Harris County JP 1-2
Tue 3-24-2026 @ 10:00 am — Harris County JP 1-2 w/Judge Duble — 1 Cases,https://jpwebsite.harriscountytx.gov/WebDockets/GetDocketDetail?date=03/24/2026&court=12&media=screen#1000AM,3/24/2026 10:00am,3/24/2026 1:00pm,1,Judge Duble,2026,2026-03,2026-13,2026-03-24,Tuesday,0,Harris County JP 1-2
Tue 3-24-2026 @ 8:00 am — Harris County JP 2-1 w/Judge Delgado — 16 Cases,https://jpwebsite.harriscountytx.gov/WebDockets/GetDocketDetail?date=03/24/2026&court=21&media=screen#0800AM,3/24/2026 8:00am,3/24/2026 9:00am,16,Judge Delgado,2026,2026-03,2026-13,2026-03-24,Tuesday,0,Harris County JP 2-1
Tue 3-24-2026 @ 10:30 am — Harris County JP 3-1 w/Judge Stephens — 24 Cases,https://jpwebsite.harriscountytx.gov/WebDockets/GetDocketDetail?date=03/24/2026&court=31&media=screen#1030AM,3/24/2026 10:30am,3/24/2026 11:30am,24,Judge Stephens,2026,2026-03,2026-13,2026-03-24,Tuesday,0,Harris County JP 3-1
Tue 3-24-2026 @ 9:00 am — Harris County JP 3-1 w/Judge Stephens — 22 Cases,https://jpwebsite.harriscountytx.gov/WebDockets/GetDocketDetail?date=03/24/2026&court=31&media=screen#0900AM,3/24/2026 9:00am,3/24/2026 10:30am,22,Judge Stephens,2026,2026-03,2026-13,2026-03-24,Tuesday,0,Harris County JP 3-1
Tue 3-24-2026 @ 9:30 am — Harris County JP 3-2 w/Judge Bates — 9 Cases,https://jpwebsite.harriscountytx.gov/WebDockets/GetDocketDetail?date=03/24/2026&court=32&media=screen#0930AM,3/24/2026 9:30am,3/24/2026 10:30am,9,Judge Bates,2026,2026-03,2026-13,2026-03-24,Tuesday,0,Harris County JP 3-2
Tue 3-24-2026 @ 9:00 am — Harris County JP 4-1 w/Judge Goodwin — 21 Cases,https://jpwebsite.harriscountytx.gov/WebDockets/GetDocketDetail?date=03/24/2026&court=41&media=screen#0900AM,3/24/2026 9:00am,3/24/2026 9:30am,21,Judge Goodwin,2026,2026-03,2026-13,2026-03-24,Tuesday,0,Harris County JP 4-1
Tue 3-24-2026 @ 2:30 pm — Harris County JP 5-2 w/Judge Wolfe — 86 Cases,https://jpwebsite.harriscountytx.gov/WebDockets/GetDocketDetail?date=03/24/2026&court=52&media=screen#0230PM,3/24/2026 2:30pm,3/24/2026 4:00pm,86,Judge Wolfe,2026,2026-03,2026-13,2026-03-24,Tuesday,0,Harris County JP 5-2
Tue 3-24-2026 @ 9:00 am — Harris County JP 7-2 w/Judge Burney — 64 Cases,https://jpwebsite.harriscountytx.gov/WebDockets/GetDocketDetail?date=03/24/2026&court=72&media=screen#0900AM,3/24/2026 9:00am,3/24/2026 10:00am,64,Judge Burney,2026,2026-03,2026-13,2026-03-24,Tuesday,0,Harris County JP 7-2
Tue 3-24-2026 @ 4:00 pm — Harris County JP 5-2 w/Judge Wolfe — 1 Cases,https://jpwebsite.harriscountytx.gov/WebDockets/GetDocketDetail?date=03/24/2026&court=52&media=screen#0400PM,3/24/2026 4:00pm,3/24/2026 4:30pm,1,Judge Wolfe,2026,2026-03,2026-13,2026-03-24,Tuesday,0,Harris County JP 5-2
Wed 3-25-2026 @ 9:30 am — Harris County JP 1-1 w/Judge Carter — 22 Cases,https://jpwebsite.harriscountytx.gov/WebDockets/GetDocketDetail?date=03/25/2026&court=11&media=screen#0930AM,3/25/2026 9:30am,3/25/2026 10:00am,22,Judge Carter,2026,2026-03,2026-13,2026-03-25,Wednesday,0,Harris County JP 1-1
Wed 3-25-2026 @ 8:30 am — Harris County JP 1-1 w/Judge Carter — 27 Cases,https://jpwebsite.harriscountytx.gov/WebDockets/GetDocketDetail?date=03/25/2026&court=11&media=screen#0830AM,3/25/2026 8:30am,3/25/2026 9:30am,27,Judge Carter,2026,2026-03,2026-13,2026-03-25,Wednesday,0,Harris County JP 1-1
Wed 3-25-2026 @ 9:00 am — Harris County JP 6-1 w/Judge Treviño — 18 Cases,https://jpwebsite.harriscountytx.gov/WebDockets/GetDocketDetail?date=03/25/2026&court=61&media=screen#0900AM,3/25/2026 9:00am,3/25/2026 1:30pm,18,Judge Treviño,2026,2026-03,2026-13,2026-03-25,Wednesday,0,Harris County JP 6-1
Wed 3-25-2026 @ 9:00 am — Harris County JP 7-1 w/Judge Adams — 35 Cases,https://jpwebsite.harriscountytx.gov/WebDockets/GetDocketDetail?date=03/25/2026&court=71&media=screen#0900AM,3/25/2026 9:00am,3/25/2026 9:30am,35,Judge Adams,2026,2026-03,2026-13,2026-03-25,Wednesday,0,Harris County JP 7-1
Wed 3-25-2026 @ 9:00 am — Harris County JP 4-1 w/Judge Goodwin — 1 Cases,https://jpwebsite.harriscountytx.gov/WebDockets/GetDocketDetail?date=03/25/2026&court=41&media=screen#0900AM,3/25/2026 9:00am,3/25/2026 9:30am,1,Judge Goodwin,2026,2026-03,2026-13,2026-03-25,Wednesday,0,Harris County JP 4-1
Thu 3-26-2026 @ 10:30 am — Harris County JP 1-1 w/Judge Carter — 24 Cases,https://jpwebsite.harriscountytx.gov/WebDockets/GetDocketDetail?date=03/26/2026&court=11&media=screen#1030AM,3/26/2026 10:30am,3/26/2026 11:00am,24,Judge Carter,2026,2026-03,2026-13,2026-03-26,Thursday,0,Harris County JP 1-1
Thu 3-26-2026 @ 9:30 am — Harris County JP 1-1 w/Judge Carter — 23 Cases,https://jpwebsite.harriscountytx.gov/WebDockets/GetDocketDetail?date=03/26/2026&court=11&media=screen#0930AM,3/26/2026 9:30am,3/26/2026 10:30am,23,Judge Carter,2026,2026-03,2026-13,2026-03-26,Thursday,0,Harris County JP 1-1
Thu 3-26-2026 @ 8:30 am — Harris County JP 1-1 w/Judge Carter — 25 Cases,https://jpwebsite.harriscountytx.gov/WebDockets/GetDocketDetail?date=03/26/2026&court=11&media=screen#0830AM,3/26/2026 8:30am,3/26/2026 9:30am,25,Judge Carter,2026,2026-03,2026-13,2026-03-26,Thursday,0,Harris County JP 1-1
Thu 3-26-2026 @ 8:00 am — Harris County JP 2-1 w/Judge Delgado — 26 Cases,https://jpwebsite.harriscountytx.gov/WebDockets/GetDocketDetail?date=03/26/2026&court=21&media=screen#0800AM,3/26/2026 8:00am,3/26/2026 9:00am,26,Judge Delgado,2026,2026-03,2026-13,2026-03-26,Thursday,0,Harris County JP 2-1
Thu 3-26-2026 @ 10:00 am — Harris County JP 2-2 w/Judge Lozano — 7 Cases,https://jpwebsite.harriscountytx.gov/WebDockets/GetDocketDetail?date=03/26/2026&court=22&media=screen#1000AM,3/26/2026 10:00am,3/26/2026 11:00am,7,Judge Lozano,2026,2026-03,2026-13,2026-03-26,Thursday,0,Harris County JP 2-2
Thu 3-26-2026 @ 9:00 am — Harris County JP 2-2 w/Judge Lozano — 10 Cases,https://jpwebsite.harriscountytx.gov/WebDockets/GetDocketDetail?date=03/26/2026&court=22&media=screen#0900AM,3/26/2026 9:00am,3/26/2026 10:00am,10,Judge Lozano,2026,2026-03,2026-13,2026-03-26,Thursday,0,Harris County JP 2-2
Thu 3-26-2026 @ 9:00 am — Harris County JP 4-1 w/Judge Goodwin — 6 Cases,https://jpwebsite.harriscountytx.gov/WebDockets/GetDocketDetail?date=03/26/2026&court=41&media=screen#0900AM,3/26/2026 9:00am,3/26/2026 9:30am,6,Judge Goodwin,2026,2026-03,2026-13,2026-03-26,Thursday,0,Harris County JP 4-1
Thu 3-26-2026 @ 1:00 pm — Harris County JP 4-2 w/Judge Korduba — 8 Cases,https://jpwebsite.harriscountytx.gov/WebDockets/GetDocketDetail?date=03/26/2026&court=42&media=screen#0100PM,3/26/2026 1:00pm,3/26/2026 2:00pm,8,Judge Korduba,2026,2026-03,2026-13,2026-03-26,Thursday,0,Harris County JP 4-2
Thu 3-26-2026 @ 11:00 am — Harris County JP 4-2 w/Judge Korduba — 6 Cases,https://jpwebsite.harriscountytx.gov/WebDockets/GetDocketDetail?date=03/26/2026&court=42&media=screen#1100AM,3/26/2026 11:00am,3/26/2026 1:00pm,6,Judge Korduba,2026,2026-03,2026-13,2026-03-26,Thursday,0,Harris County JP 4-2
Thu 3-26-2026 @ 10:00 am — Harris County JP 4-2 w/Judge Korduba — 31 Cases,https://jpwebsite.harriscountytx.gov/WebDockets/GetDocketDetail?date=03/26/2026&court=42&media=screen#1000AM,3/26/2026 10:00am,3/26/2026 11:00am,31,Judge Korduba,2026,2026-03,2026-13,2026-03-26,Thursday,0,Harris County JP 4-2
Thu 3-26-2026 @ 1:30 pm — Harris County JP 5-1 w/Judge Lombardino — 45 Cases,https://jpwebsite.harriscountytx.gov/WebDockets/GetDocketDetail?date=03/26/2026&court=51&media=screen#0130PM,3/26/2026 1:30pm,3/26/2026 2:00pm,45,Judge Lombardino,2026,2026-03,2026-13,2026-03-26,Thursday,0,Harris County JP 5-1
Thu 3-26-2026 @ 9:00 am — Harris County JP 8-1 w/Judge Williamson — 50 Cases,https://jpwebsite.harriscountytx.gov/WebDockets/GetDocketDetail?date=03/26/2026&court=81&media=screen#0900AM,3/26/2026 9:00am,3/26/2026 10:00am,50,Judge Williamson,2026,2026-03,2026-13,2026-03-26,Thursday,0,Harris County JP 8-1
Thu 3-26-2026 @ 2:00 pm — Harris County JP 8-2 w/Judge Ditta — 22 Cases,https://jpwebsite.harriscountytx.gov/WebDockets/GetDocketDetail?date=03/26/2026&court=82&media=screen#0200PM,3/26/2026 2:00pm,3/26/2026 5:00pm,22,Judge Ditta,2026,2026-03,2026-13,2026-03-26,Thursday,0,Harris County JP 8-2
Fri 3-27-2026 @ 9:00 am — Harris County JP 5-1 w/Judge Lombardino — 6 Cases,https://jpwebsite.harriscountytx.gov/WebDockets/GetDocketDetail?date=03/27/2026&court=51&media=screen#0900AM,3/27/2026 9:00am,3/27/2026 9:30am,6,Judge Lombardino,2026,2026-03,2026-13,2026-03-27,Friday,0,Harris County JP 5-1
Fri 3-27-2026 @ 9:00 am — Harris County JP 6-2 w/Judge Rodriguez — 12 Cases,https://jpwebsite.harriscountytx.gov/WebDockets/GetDocketDetail?date=03/27/2026&court=62&media=screen#0900AM,3/27/2026 9:00am,3/28/2026 9:00am,12,Judge Rodriguez,2026,2026-03,2026-13,2026-03-27,Friday,0,Harris County JP 6-2
Mon 3-30-2026 @ 8:30 am — Harris County JP 1-1 w/Judge Carter — 11 Cases,https://jpwebsite.harriscountytx.gov/WebDockets/GetDocketDetail?date=03/30/2026&court=11&media=screen#0830AM,3/30/2026 8:30am,3/30/2026 9:30am,11,Judge Carter,2026,2026-03,2026-14,2026-03-30,Monday,0,Harris County JP 1-1
Mon 3-30-2026 @ 9:30 am — Harris County JP 1-1 w/Judge Carter — 21 Cases,https://jpwebsite.harriscountytx.gov/WebDockets/GetDocketDetail?date=03/30/2026&court=11&media=screen#0930AM,3/30/2026 9:30am,3/30/2026 10:30am,21,Judge Carter,2026,2026-03,2026-14,2026-03-30,Monday,0,Harris County JP 1-1
Mon 3-30-2026 @ 11:15 am — Harris County JP 1-1 w/Judge Carter — 3 Cases,https://jpwebsite.harriscountytx.gov/WebDockets/GetDocketDetail?date=03/30/2026&court=11&media=screen#1115AM,3/30/2026 11:15am,3/30/2026 11:45am,3,Judge Carter,2026,2026-03,2026-14,2026-03-30,Monday,0,Harris County JP 1-1
Mon 3-30-2026 @ 10:30 am — Harris County JP 1-1 w/Judge Carter — 14 Cases,https://jpwebsite.harriscountytx.gov/WebDockets/GetDocketDetail?date=03/30/2026&court=11&media=screen#1030AM,3/30/2026 10:30am,3/30/2026 11:15am,14,Judge Carter,2026,2026-03,2026-14,2026-03-30,Monday,0,Harris County JP 1-1
Mon 3-30-2026 @ 9:30 am — Harris County JP 3-2 w/Judge Bates — 33 Cases,https://jpwebsite.harriscountytx.gov/WebDockets/GetDocketDetail?date=03/30/2026&court=32&media=screen#0930AM,3/30/2026 9:30am,3/30/2026 10:00am,33,Judge Bates,2026,2026-03,2026-14,2026-03-30,Monday,0,Harris County JP 3-2
Mon 3-30-2026 @ 1:00 pm — Harris County JP 4-1 w/Judge Goodwin — 27 Cases,https://jpwebsite.harriscountytx.gov/WebDockets/GetDocketDetail?date=03/30/2026&court=41&media=screen#0100PM,3/30/2026 1:00pm,3/30/2026 1:30pm,27,Judge Goodwin,2026,2026-03,2026-14,2026-03-30,Monday,0,Harris County JP 4-1
Mon 3-30-2026 @ 9:00 am — Harris County JP 4-1 w/Judge Goodwin — 61 Cases,https://jpwebsite.harriscountytx.gov/WebDockets/GetDocketDetail?date=03/30/2026&court=41&media=screen#0900AM,3/30/2026 9:00am,3/30/2026 9:30am,61,Judge Goodwin,2026,2026-03,2026-14,2026-03-30,Monday,0,Harris County JP 4-1
Mon 3-30-2026 @ 1:00 pm — Harris County JP 5-2 w/Judge Wolfe — 89 Cases,https://jpwebsite.harriscountytx.gov/WebDockets/GetDocketDetail?date=03/30/2026&court=52&media=screen#0100PM,3/30/2026 1:00pm,3/30/2026 1:30pm,89,Judge Wolfe,2026,2026-03,2026-14,2026-03-30,Monday,0,Harris County JP 5-2
Mon 3-30-2026 @ 9:00 am — Harris County JP 6-2 w/Judge Rodriguez — 5 Cases,https://jpwebsite.harriscountytx.gov/WebDockets/GetDocketDetail?date=03/30/2026&court=62&media=screen#0900AM,3/30/2026 9:00am,3/30/2026 9:00am,5,Judge Rodriguez,2026,2026-03,2026-14,2026-03-30,Monday,0,Harris County JP 6-2
Tue 3-31-2026 @ 9:00 am — Harris County JP 1-1 w/Judge Carter — 21 Cases,https://jpwebsite.harriscountytx.gov/WebDockets/GetDocketDetail?date=03/31/2026&court=11&media=screen#0900AM,3/31/2026 9:00am,3/31/2026 9:30am,21,Judge Carter,2026,2026-03,2026-14,2026-03-31,Tuesday,0,Harris County JP 1-1
Tue 3-31-2026 @ 10:00 am — Harris County JP 1-2 w/Judge Duble — 3 Cases,https://jpwebsite.harriscountytx.gov/WebDockets/GetDocketDetail?date=03/31/2026&court=12&media=screen#1000AM,3/31/2026 10:00am,3/31/2026 12:30pm,3,Judge Duble,2026,2026-03,2026-14,2026-03-31,Tuesday,0,Harris County JP 1-2
Tue 3-31-2026 @ 2:00 pm — Harris County JP 1-2 w/Judge Duble — 3 Cases,https://jpwebsite.harriscountytx.gov/WebDockets/GetDocketDetail?date=03/31/2026&court=12&media=screen#0200PM,3/31/2026 2:00pm,3/31/2026 4:30pm,3,Judge Duble,2026,2026-03,2026-14,2026-03-31,Tuesday,0,Harris County JP 1-2
Tue 3-31-2026 @ 1:00 pm — Harris County JP 1-2 w/Judge Duble — 9 Cases,https://jpwebsite.harriscountytx.gov/WebDockets/GetDocketDetail?date=03/31/2026&court=12&media=screen#0100PM,3/31/2026 1:00pm,3/31/2026 2:00pm,9,Judge Duble,2026,2026-03,2026-14,2026-03-31,Tuesday,0,Harris County JP 1-2
Tue 3-31-2026 @ 8:00 am — Harris County JP 2-1 w/Judge Delgado — 12 Cases,https://jpwebsite.harriscountytx.gov/WebDockets/GetDocketDetail?date=03/31/2026&court=21&media=screen#0800AM,3/31/2026 8:00am,3/31/2026 9:00am,12,Judge Delgado,2026,2026-03,2026-14,2026-03-31,Tuesday,0,Harris County JP 2-1
Tue 3-31-2026 @ 9:00 am — Harris County JP 2-1 w/Judge Delgado — 15 Cases,https://jpwebsite.harriscountytx.gov/WebDockets/GetDocketDetail?date=03/31/2026&court=21&media=screen#0900AM,3/31/2026 9:00am,3/31/2026 10:00am,15,Judge Delgado,2026,2026-03,2026-14,2026-03-31,Tuesday,0,Harris County JP 2-1
Tue 3-31-2026 @ 10:30 am — Harris County JP 3-1 w/Judge Stephens — 43 Cases,https://jpwebsite.harriscountytx.gov/WebDockets/GetDocketDetail?date=03/31/2026&court=31&media=screen#1030AM,3/31/2026 10:30am,3/31/2026 11:00am,43,Judge Stephens,2026,2026-03,2026-14,2026-03-31,Tuesday,0,Harris County JP 3-1
Tue 3-31-2026 @ 9:00 am — Harris County JP 3-1 w/Judge Stephens — 19 Cases,https://jpwebsite.harriscountytx.gov/WebDockets/GetDocketDetail?date=03/31/2026&court=31&media=screen#0900AM,3/31/2026 9:00am,3/31/2026 10:30am,19,Judge Stephens,2026,2026-03,2026-14,2026-03-31,Tuesday,0,Harris County JP 3-1
Tue 3-31-2026 @ 9:00 am — Harris County JP 4-1 w/Judge Goodwin — 21 Cases,https://jpwebsite.harriscountytx.gov/WebDockets/GetDocketDetail?date=03/31/2026&court=41&media=screen#0900AM,3/31/2026 9:00am,3/31/2026 9:30am,21,Judge Goodwin,2026,2026-03,2026-14,2026-03-31,Tuesday,0,Harris County JP 4-1
Tue 3-31-2026 @ 1:30 pm — Harris County JP 5-1 w/Judge Lombardino — 118 Cases,https://jpwebsite.harriscountytx.gov/WebDockets/GetDocketDetail?date=03/31/2026&court=51&media=screen#0130PM,3/31/2026 1:30pm,3/31/2026 2:00pm,118,Judge Lombardino,2026,2026-03,2026-14,2026-03-31,Tuesday,0,Harris County JP 5-1
Tue 3-31-2026 @ 2:30 pm — Harris County JP 5-2 w/Judge Wolfe — 84 Cases,https://jpwebsite.harriscountytx.gov/WebDockets/GetDocketDetail?date=03/31/2026&court=52&media=screen#0230PM,3/31/2026 2:30pm,3/31/2026 3:00pm,84,Judge Wolfe,2026,2026-03,2026-14,2026-03-31,Tuesday,0,Harris County JP 5-2
Tue 3-31-2026 @ 9:00 am — Harris County JP 7-2 w/Judge Burney — 51 Cases,https://jpwebsite.harriscountytx.gov/WebDockets/GetDocketDetail?date=03/31/2026&court=72&media=screen#0900AM,3/31/2026 9:00am,3/31/2026 11:00am,51,Judge Burney,2026,2026-03,2026-14,2026-03-31,Tuesday,0,Harris County JP 7-2
Tue 3-31-2026 @ 11:00 am — Harris County JP 7-2 w/Judge Burney — 9 Cases,https://jpwebsite.harriscountytx.gov/WebDockets/GetDocketDetail?date=03/31/2026&court=72&media=screen#1100AM,3/31/2026 11:00am,4/1/2026 8:30am,9,Judge Burney,2026,2026-03,2026-14,2026-03-31,Tuesday,0,Harris County JP 7-2
Wed 4-1-2026 @ 10:30 am — Harris County JP 1-1 w/Judge Carter — 17 Cases,https://jpwebsite.harriscountytx.gov/WebDockets/GetDocketDetail?date=04/01/2026&court=11&media=screen#1030AM,4/1/2026 10:30am,4/1/2026 11:00am,17,Judge Carter,2026,2026-04,2026-14,2026-04-01,Wednesday,0,Harris County JP 1-1
Wed 4-1-2026 @ 8:30 am — Harris County JP 1-1 w/Judge Carter — 20 Cases,https://jpwebsite.harriscountytx.gov/WebDockets/GetDocketDetail?date=04/01/2026&court=11&media=screen#0830AM,4/1/2026 8:30am,4/1/2026 9:30am,20,Judge Carter,2026,2026-04,2026-14,2026-04-01,Wednesday,0,Harris County JP 1-1
Wed 4-1-2026 @ 9:30 am — Harris County JP 1-1 w/Judge Carter — 17 Cases,https://jpwebsite.harriscountytx.gov/WebDockets/GetDocketDetail?date=04/01/2026&court=11&media=screen#0930AM,4/1/2026 9:30am,4/1/2026 10:30am,17,Judge Carter,2026,2026-04,2026-14,2026-04-01,Wednesday,0,Harris County JP 1-1
Wed 4-1-2026 @ 9:00 am — Harris County JP 4-1 w/Judge Goodwin — 3 Cases,https://jpwebsite.harriscountytx.gov/WebDockets/GetDocketDetail?date=04/01/2026&court=41&media=screen#0900AM,4/1/2026 9:00am,4/1/2026 9:30am,3,Judge Goodwin,2026,2026-04,2026-14,2026-04-01,Wednesday,0,Harris County JP 4-1
Wed 4-1-2026 @ 9:00 am — Harris County JP 6-1 w/Judge Treviño — 21 Cases,https://jpwebsite.harriscountytx.gov/WebDockets/GetDocketDetail?date=04/01/2026&court=61&media=screen#0900AM,4/1/2026 9:00am,4/1/2026 12:30pm,21,Judge Treviño,2026,2026-04,2026-14,2026-04-01,Wednesday,0,Harris County JP 6-1
Wed 4-1-2026 @ 9:00 am — Harris County JP 7-1 w/Judge Adams — 60 Cases,https://jpwebsite.harriscountytx.gov/WebDockets/GetDocketDetail?date=04/01/2026&court=71&media=screen#0900AM,4/1/2026 9:00am,4/1/2026 9:30am,60,Judge Adams,2026,2026-04,2026-14,2026-04-01,Wednesday,0,Harris County JP 7-1
Wed 4-1-2026 @ 9:00 am — Harris County JP 6-2 w/Judge Rodriguez — 8 Cases,https://jpwebsite.harriscountytx.gov/WebDockets/GetDocketDetail?date=04/01/2026&court=62&media=screen#0900AM,4/1/2026 9:00am,4/3/2026 9:00am,8,Judge Rodriguez,2026,2026-04,2026-14,2026-04-01,Wednesday,0,Harris County JP 6-2
Thu 4-2-2026 @ 12:00 pm — Harris County JP 1-2 w/Judge Duble — 1 Cases,https://jpwebsite.harriscountytx.gov/WebDockets/GetDocketDetail?date=04/02/2026&court=12&media=screen#1200PM,4/2/2026 12:00pm,4/2/2026 12:30pm,1,Judge Duble,2026,2026-04,2026-14,2026-04-02,Thursday,0,Harris County JP 1-2
Thu 4-2-2026 @ 9:00 am — Harris County JP 2-2 w/Judge Lozano — 15 Cases,https://jpwebsite.harriscountytx.gov/WebDockets/GetDocketDetail?date=04/02/2026&court=22&media=screen#0900AM,4/2/2026 9:00am,4/2/2026 10:00am,15,Judge Lozano,2026,2026-04,2026-14,2026-04-02,Thursday,0,Harris County JP 2-2
Thu 4-2-2026 @ 10:00 am — Harris County JP 2-2 w/Judge Lozano — 12 Cases,https://jpwebsite.harriscountytx.gov/WebDockets/GetDocketDetail?date=04/02/2026&court=22&media=screen#1000AM,4/2/2026 10:00am,4/2/2026 11:00am,12,Judge Lozano,2026,2026-04,2026-14,2026-04-02,Thursday,0,Harris County JP 2-2
Thu 4-2-2026 @ 9:00 am — Harris County JP 4-1 w/Judge Goodwin — 28 Cases,https://jpwebsite.harriscountytx.gov/WebDockets/GetDocketDetail?date=04/02/2026&court=41&media=screen#0900AM,4/2/2026 9:00am,4/2/2026 9:30am,28,Judge Goodwin,2026,2026-04,2026-14,2026-04-02,Thursday,0,Harris County JP 4-1
Thu 4-2-2026 @ 1:30 pm — Harris County JP 5-1 w/Judge Lombardino — 26 Cases,https://jpwebsite.harriscountytx.gov/WebDockets/GetDocketDetail?date=04/02/2026&court=51&media=screen#0130PM,4/2/2026 1:30pm,4/2/2026 2:00pm,26,Judge Lombardino,2026,2026-04,2026-14,2026-04-02,Thursday,0,Harris County JP 5-1
Thu 4-2-2026 @ 2:30 pm — Harris County JP 5-2 w/Judge Wolfe — 83 Cases,https://jpwebsite.harriscountytx.gov/WebDockets/GetDocketDetail?date=04/02/2026&court=52&media=screen#0230PM,4/2/2026 2:30pm,4/2/2026 3:00pm,83,Judge Wolfe,2026,2026-04,2026-14,2026-04-02,Thursday,0,Harris County JP 5-2
Thu 4-2-2026 @ 9:00 am — Harris County JP 8-1 w/Judge Williamson — 39 Cases,https://jpwebsite.harriscountytx.gov/WebDockets/GetDocketDetail?date=04/02/2026&court=81&media=screen#0900AM,4/2/2026 9:00am,4/5/2026 10:00am,39,Judge Williamson,2026,2026-04,2026-14,2026-04-02,Thursday,0,Harris County JP 8-1
Thu 4-2-2026 @ 2:00 pm — Harris County JP 8-2 w/Judge Ditta — 21 Cases,https://jpwebsite.harriscountytx.gov/WebDockets/GetDocketDetail?date=04/02/2026&court=82&media=screen#0200PM,4/2/2026 2:00pm,4/2/2026 6:30pm,21,Judge Ditta,2026,2026-04,2026-14,2026-04-02,Thursday,0,Harris County JP 8-2
Thu 4-2-2026 @ 12:30 pm — Harris County JP 1-2 w/Judge Duble — 1 Cases,https://jpwebsite.harriscountytx.gov/WebDockets/GetDocketDetail?date=04/02/2026&court=12&media=screen#1230PM,4/2/2026 12:30pm,4/2/2026 3:00pm,1,Judge Duble,2026,2026-04,2026-14,2026-04-02,Thursday,0,Harris County JP 1-2
Mon 4-6-2026 @ 9:30 am — Harris County JP 1-1 w/Judge Carter — 20 Cases,https://jpwebsite.harriscountytx.gov/WebDockets/GetDocketDetail?date=04/06/2026&court=11&media=screen#0930AM,4/6/2026 9:30am,4/6/2026 10:30am,20,Judge Carter,2026,2026-04,2026-15,2026-04-06,Monday,0,Harris County JP 1-1
Mon 4-6-2026 @ 10:30 am — Harris County JP 1-1 w/Judge Carter — 17 Cases,https://jpwebsite.harriscountytx.gov/WebDockets/GetDocketDetail?date=04/06/2026&court=11&media=screen#1030AM,4/6/2026 10:30am,4/6/2026 11:15am,17,Judge Carter,2026,2026-04,2026-15,2026-04-06,Monday,0,Harris County JP 1-1
Mon 4-6-2026 @ 11:15 am — Harris County JP 1-1 w/Judge Carter — 6 Cases,https://jpwebsite.harriscountytx.gov/WebDockets/GetDocketDetail?date=04/06/2026&court=11&media=screen#1115AM,4/6/2026 11:15am,4/6/2026 11:45am,6,Judge Carter,2026,2026-04,2026-15,2026-04-06,Monday,0,Harris County JP 1-1
Mon 4-6-2026 @ 8:30 am — Harris County JP 1-1 w/Judge Carter — 22 Cases,https://jpwebsite.harriscountytx.gov/WebDockets/GetDocketDetail?date=04/06/2026&court=11&media=screen#0830AM,4/6/2026 8:30am,4/6/2026 9:30am,22,Judge Carter,2026,2026-04,2026-15,2026-04-06,Monday,0,Harris County JP 1-1
Mon 4-6-2026 @ 8:00 am — Harris County JP 2-1 w/Judge Delgado — 17 Cases,https://jpwebsite.harriscountytx.gov/WebDockets/GetDocketDetail?date=04/06/2026&court=21&media=screen#0800AM,4/6/2026 8:00am,4/6/2026 8:30am,17,Judge Delgado,2026,2026-04,2026-15,2026-04-06,Monday,0,Harris County JP 2-1
Mon 4-6-2026 @ 9:00 am — Harris County JP 4-1 w/Judge Goodwin — 91 Cases,https://jpwebsite.harriscountytx.gov/WebDockets/GetDocketDetail?date=04/06/2026&court=41&media=screen#0900AM,4/6/2026 9:00am,4/6/2026 9:30am,91,Judge Goodwin,2026,2026-04,2026-15,2026-04-06,Monday,0,Harris County JP 4-1
Mon 4-6-2026 @ 1:00 pm — Harris County JP 4-1 w/Judge Goodwin — 41 Cases,https://jpwebsite.harriscountytx.gov/WebDockets/GetDocketDetail?date=04/06/2026&court=41&media=screen#0100PM,4/6/2026 1:00pm,4/6/2026 1:30pm,41,Judge Goodwin,2026,2026-04,2026-15,2026-04-06,Monday,0,Harris County JP 4-1
Mon 4-6-2026 @ 9:00 am — Harris County JP 6-2 w/Judge Rodriguez — 20 Cases,https://jpwebsite.harriscountytx.gov/WebDockets/GetDocketDetail?date=04/06/2026&court=62&media=screen#0900AM,4/6/2026 9:00am,4/6/2026 1:00pm,20,Judge Rodriguez,2026,2026-04,2026-15,2026-04-06,Monday,0,Harris County JP 6-2
Mon 4-6-2026 @ 1:00 pm — Harris County JP 5-2 w/Judge Wolfe — 107 Cases,https://jpwebsite.harriscountytx.gov/WebDockets/GetDocketDetail?date=04/06/2026&court=52&media=screen#0100PM,4/6/2026 1:00pm,4/6/2026 1:30pm,107,Judge Wolfe,2026,2026-04,2026-15,2026-04-06,Monday,0,Harris County JP 5-2
Mon 4-6-2026 @ 2:30 pm — Harris County JP 2-1 w/Judge Delgado — 1 Cases,https://jpwebsite.harriscountytx.gov/WebDockets/GetDocketDetail?date=04/06/2026&court=21&media=screen#0230PM,4/6/2026 2:30pm,4/6/2026 8:00am,1,Judge Delgado,2026,2026-04,2026-15,2026-04-06,Monday,0,Harris County JP 2-1
Mon 4-6-2026 @ 1:00 pm — Harris County JP 6-2 w/Judge Rodriguez — 1 Cases,https://jpwebsite.harriscountytx.gov/WebDockets/GetDocketDetail?date=04/06/2026&court=62&media=screen#0100PM,4/6/2026 1:00pm,4/7/2026 1:00pm,1,Judge Rodriguez,2026,2026-04,2026-15,2026-04-06,Monday,0,Harris County JP 6-2
Tue 4-7-2026 @ 10:00 am — Harris County JP 1-2 w/Judge Duble — 6 Cases,https://jpwebsite.harriscountytx.gov/WebDockets/GetDocketDetail?date=04/07/2026&court=12&media=screen#1000AM,4/7/2026 10:00am,4/7/2026 1:00pm,6,Judge Duble,2026,2026-04,2026-15,2026-04-07,Tuesday,0,Harris County JP 1-2
Tue 4-7-2026 @ 1:00 pm — Harris County JP 1-2 w/Judge Duble — 8 Cases,https://jpwebsite.harriscountytx.gov/WebDockets/GetDocketDetail?date=04/07/2026&court=12&media=screen#0100PM,4/7/2026 1:00pm,4/7/2026 2:00pm,8,Judge Duble,2026,2026-04,2026-15,2026-04-07,Tuesday,0,Harris County JP 1-2
Tue 4-7-2026 @ 8:00 am — Harris County JP 2-1 w/Judge Delgado — 11 Cases,https://jpwebsite.harriscountytx.gov/WebDockets/GetDocketDetail?date=04/07/2026&court=21&media=screen#0800AM,4/7/2026 8:00am,4/7/2026 8:30am,11,Judge Delgado,2026,2026-04,2026-15,2026-04-07,Tuesday,0,Harris County JP 2-1
Tue 4-7-2026 @ 9:00 am — Harris County JP 3-1 w/Judge Stephens — 28 Cases,https://jpwebsite.harriscountytx.gov/WebDockets/GetDocketDetail?date=04/07/2026&court=31&media=screen#0900AM,4/7/2026 9:00am,4/7/2026 10:30am,28,Judge Stephens,2026,2026-04,2026-15,2026-04-07,Tuesday,0,Harris County JP 3-1
Tue 4-7-2026 @ 10:30 am — Harris County JP 3-1 w/Judge Stephens — 29 Cases,https://jpwebsite.harriscountytx.gov/WebDockets/GetDocketDetail?date=04/07/2026&court=31&media=screen#1030AM,4/7/2026 10:30am,4/7/2026 12:00pm,29,Judge Stephens,2026,2026-04,2026-15,2026-04-07,Tuesday,0,Harris County JP 3-1
Tue 4-7-2026 @ 1:00 pm — Harris County JP 3-2 w/Judge Bates — 21 Cases,https://jpwebsite.harriscountytx.gov/WebDockets/GetDocketDetail?date=04/07/2026&court=32&media=screen#0100PM,4/7/2026 1:00pm,4/7/2026 5:30pm,21,Judge Bates,2026,2026-04,2026-15,2026-04-07,Tuesday,0,Harris County JP 3-2
Tue 4-7-2026 @ 9:00 am — Harris County JP 4-1 w/Judge Goodwin — 36 Cases,https://jpwebsite.harriscountytx.gov/WebDockets/GetDocketDetail?date=04/07/2026&court=41&media=screen#0900AM,4/7/2026 9:00am,4/7/2026 9:30am,36,Judge Goodwin,2026,2026-04,2026-15,2026-04-07,Tuesday,0,Harris County JP 4-1
Tue 4-7-2026 @ 10:00 am — Harris County JP 4-2 w/Judge Korduba — 47 Cases,https://jpwebsite.harriscountytx.gov/WebDockets/GetDocketDetail?date=04/07/2026&court=42&media=screen#1000AM,4/7/2026 10:00am,4/7/2026 11:00am,47,Judge Korduba,2026,2026-04,2026-15,2026-04-07,Tuesday,0,Harris County JP 4-2
Tue 4-7-2026 @ 11:00 am — Harris County JP 4-2 w/Judge Korduba — 6 Cases,https://jpwebsite.harriscountytx.gov/WebDockets/GetDocketDetail?date=04/07/2026&court=42&media=screen#1100AM,4/7/2026 11:00am,4/7/2026 1:00pm,6,Judge Korduba,2026,2026-04,2026-15,2026-04-07,Tuesday,0,Harris County JP 4-2
Tue 4-7-2026 @ 1:00 pm — Harris County JP 4-2 w/Judge Korduba — 13 Cases,https://jpwebsite.harriscountytx.gov/WebDockets/GetDocketDetail?date=04/07/2026&court=42&media=screen#0100PM,4/7/2026 1:00pm,4/7/2026 2:00pm,13,Judge Korduba,2026,2026-04,2026-15,2026-04-07,Tuesday,0,Harris County JP 4-2
Tue 4-7-2026 @ 1:30 pm — Harris County JP 5-1 w/Judge Lombardino — 87 Cases,https://jpwebsite.harriscountytx.gov/WebDockets/GetDocketDetail?date=04/07/2026&court=51&media=screen#0130PM,4/7/2026 1:30pm,4/7/2026 2:00pm,87,Judge Lombardino,2026,2026-04,2026-15,2026-04-07,Tuesday,0,Harris County JP 5-1
Tue 4-7-2026 @ 9:00 am — Harris County JP 7-2 w/Judge Burney — 65 Cases,https://jpwebsite.harriscountytx.gov/WebDockets/GetDocketDetail?date=04/07/2026&court=72&media=screen#0900AM,4/7/2026 9:00am,4/8/2026 8:30am,65,Judge Burney,2026,2026-04,2026-15,2026-04-07,Tuesday,0,Harris County JP 7-2
Tue 4-7-2026 @ 9:00 am — Harris County JP 1-1 w/Judge Carter — 22 Cases,https://jpwebsite.harriscountytx.gov/WebDockets/GetDocketDetail?date=04/07/2026&court=11&media=screen#0900AM,4/7/2026 9:00am,4/7/2026 9:30am,22,Judge Carter,2026,2026-04,2026-15,2026-04-07,Tuesday,0,Harris County JP 1-1
Tue 4-7-2026 @ 2:00 pm — Harris County JP 1-2 w/Judge Duble — 11 Cases,https://jpwebsite.harriscountytx.gov/WebDockets/GetDocketDetail?date=04/07/2026&court=12&media=screen#0200PM,4/7/2026 2:00pm,4/7/2026 2:30pm,11,Judge Duble,2026,2026-04,2026-15,2026-04-07,Tuesday,0,Harris County JP 1-2
Tue 4-7-2026 @ 2:30 pm — Harris County JP 5-2 w/Judge Wolfe — 92 Cases,https://jpwebsite.harriscountytx.gov/WebDockets/GetDocketDetail?date=04/07/2026&court=52&media=screen#0230PM,4/7/2026 2:30pm,4/7/2026 3:00pm,92,Judge Wolfe,2026,2026-04,2026-15,2026-04-07,Tuesday,0,Harris County JP 5-2
Tue 4-7-2026 @ 2:30 pm — Harris County JP 2-1 w/Judge Delgado — 6 Cases,https://jpwebsite.harriscountytx.gov/WebDockets/GetDocketDetail?date=04/07/2026&court=21&media=screen#0230PM,4/7/2026 2:30pm,4/7/2026 8:00am,6,Judge Delgado,2026,2026-04,2026-15,2026-04-07,Tuesday,0,Harris County JP 2-1
Wed 4-8-2026 @ 8:30 am — Harris County JP 1-1 w/Judge Carter — 26 Cases,https://jpwebsite.harriscountytx.gov/WebDockets/GetDocketDetail?date=04/08/2026&court=11&media=screen#0830AM,4/8/2026 8:30am,4/8/2026 9:30am,26,Judge Carter,2026,2026-04,2026-15,2026-04-08,Wednesday,0,Harris County JP 1-1
Wed 4-8-2026 @ 9:00 am — Harris County JP 6-1 w/Judge Treviño — 21 Cases,https://jpwebsite.harriscountytx.gov/WebDockets/GetDocketDetail?date=04/08/2026&court=61&media=screen#0900AM,4/8/2026 9:00am,4/8/2026 1:30pm,21,Judge Treviño,2026,2026-04,2026-15,2026-04-08,Wednesday,0,Harris County JP 6-1
Wed 4-8-2026 @ 9:00 am — Harris County JP 7-1 w/Judge Adams — 68 Cases,https://jpwebsite.harriscountytx.gov/WebDockets/GetDocketDetail?date=04/08/2026&court=71&media=screen#0900AM,4/8/2026 9:00am,4/8/2026 9:30am,68,Judge Adams,2026,2026-04,2026-15,2026-04-08,Wednesday,0,Harris County JP 7-1
Wed 4-8-2026 @ 10:30 am — Harris County JP 1-1 w/Judge Carter — 16 Cases,https://jpwebsite.harriscountytx.gov/WebDockets/GetDocketDetail?date=04/08/2026&court=11&media=screen#1030AM,4/8/2026 10:30am,4/8/2026 11:00am,16,Judge Carter,2026,2026-04,2026-15,2026-04-08,Wednesday,0,Harris County JP 1-1
Wed 4-8-2026 @ 9:30 am — Harris County JP 1-1 w/Judge Carter — 27 Cases,https://jpwebsite.harriscountytx.gov/WebDockets/GetDocketDetail?date=04/08/2026&court=11&media=screen#0930AM,4/8/2026 9:30am,4/8/2026 10:30am,27,Judge Carter,2026,2026-04,2026-15,2026-04-08,Wednesday,0,Harris County JP 1-1
Wed 4-8-2026 @ 8:00 am — Harris County JP 2-1 w/Judge Delgado — 15 Cases,https://jpwebsite.harriscountytx.gov/WebDockets/GetDocketDetail?date=04/08/2026&court=21&media=screen#0800AM,4/8/2026 8:00am,4/8/2026 8:30am,15,Judge Delgado,2026,2026-04,2026-15,2026-04-08,Wednesday,0,Harris County JP 2-1
Thu 4-9-2026 @ 9:00 am — Harris County JP 4-1 w/Judge Goodwin — 6 Cases,https://jpwebsite.harriscountytx.gov/WebDockets/GetDocketDetail?date=04/09/2026&court=41&media=screen#0900AM,4/9/2026 9:00am,4/9/2026 9:30am,6,Judge Goodwin,2026,2026-04,2026-15,2026-04-09,Thursday,0,Harris County JP 4-1
Thu 4-9-2026 @ 8:00 am — Harris County JP 2-1 w/Judge Delgado — 19 Cases,https://jpwebsite.harriscountytx.gov/WebDockets/GetDocketDetail?date=04/09/2026&court=21&media=screen#0800AM,4/9/2026 8:00am,4/9/2026 8:30am,19,Judge Delgado,2026,2026-04,2026-15,2026-04-09,Thursday,0,Harris County JP 2-1
Thu 4-9-2026 @ 9:00 am — Harris County JP 2-2 w/Judge Lozano — 19 Cases,https://jpwebsite.harriscountytx.gov/WebDockets/GetDocketDetail?date=04/09/2026&court=22&media=screen#0900AM,4/9/2026 9:00am,4/9/2026 10:00am,19,Judge Lozano,2026,2026-04,2026-15,2026-04-09,Thursday,0,Harris County JP 2-2
Thu 4-9-2026 @ 10:00 am — Harris County JP 2-2 w/Judge Lozano — 14 Cases,https://jpwebsite.harriscountytx.gov/WebDockets/GetDocketDetail?date=04/09/2026&court=22&media=screen#1000AM,4/9/2026 10:00am,4/9/2026 11:00am,14,Judge Lozano,2026,2026-04,2026-15,2026-04-09,Thursday,0,Harris County JP 2-2
Thu 4-9-2026 @ 9:00 am — Harris County JP 8-1 w/Judge Williamson — 20 Cases,https://jpwebsite.harriscountytx.gov/WebDockets/GetDocketDetail?date=04/09/2026&court=81&media=screen#0900AM,4/9/2026 9:00am,4/9/2026 10:00am,20,Judge Williamson,2026,2026-04,2026-15,2026-04-09,Thursday,0,Harris County JP 8-1
Thu 4-9-2026 @ 2:00 pm — Harris County JP 8-2 w/Judge Ditta — 14 Cases,https://jpwebsite.harriscountytx.gov/WebDockets/GetDocketDetail?date=04/09/2026&court=82&media=screen#0200PM,4/9/2026 2:00pm,4/9/2026 3:00pm,14,Judge Ditta,2026,2026-04,2026-15,2026-04-09,Thursday,0,Harris County JP 8-2
Thu 4-9-2026 @ 2:30 pm — Harris County JP 5-2 w/Judge Wolfe — 79 Cases,https://jpwebsite.harriscountytx.gov/WebDockets/GetDocketDetail?date=04/09/2026&court=52&media=screen#0230PM,4/9/2026 2:30pm,4/9/2026 3:00pm,79,Judge Wolfe,2026,2026-04,2026-15,2026-04-09,Thursday,0,Harris County JP 5-2
Fri 4-10-2026 @ 1:00 pm — Harris County JP 1-1 w/Judge Carter — 1 Cases,https://jpwebsite.harriscountytx.gov/WebDockets/GetDocketDetail?date=04/10/2026&court=11&media=screen#0100PM,4/10/2026 1:00pm,4/10/2026 1:30pm,1,Judge Carter,2026,2026-04,2026-15,2026-04-10,Friday,0,Harris County JP 1-1
Fri 4-10-2026 @ 9:00 am — Harris County JP 5-1 w/Judge Lombardino — 9 Cases,https://jpwebsite.harriscountytx.gov/WebDockets/GetDocketDetail?date=04/10/2026&court=51&media=screen#0900AM,4/10/2026 9:00am,4/10/2026 9:30am,9,Judge Lombardino,2026,2026-04,2026-15,2026-04-10,Friday,0,Harris County JP 5-1
Fri 4-10-2026 @ 9:00 am — Harris County JP 6-2 w/Judge Rodriguez — 8 Cases,https://jpwebsite.harriscountytx.gov/WebDockets/GetDocketDetail?date=04/10/2026&court=62&media=screen#0900AM,4/10/2026 9:00am,4/11/2026 9:00am,8,Judge Rodriguez,2026,2026-04,2026-15,2026-04-10,Friday,0,Harris County JP 6-2
Fri 4-10-2026 @ 9:00 am — Harris County JP 4-1 w/Judge Goodwin — 1 Cases,https://jpwebsite.harriscountytx.gov/WebDockets/GetDocketDetail?date=04/10/2026&court=41&media=screen#0900AM,4/10/2026 9:00am,4/10/2026 9:30am,1,Judge Goodwin,2026,2026-04,2026-15,2026-04-10,Friday,0,Harris County JP 4-1
Mon 4-13-2026 @ 8:30 am — Harris County JP 1-1 w/Judge Carter — 25 Cases,https://jpwebsite.harriscountytx.gov/WebDockets/GetDocketDetail?date=04/13/2026&court=11&media=screen#0830AM,4/13/2026 8:30am,4/13/2026 9:30am,25,Judge Carter,2026,2026-04,2026-16,2026-04-13,Monday,0,Harris County JP 1-1
Mon 4-13-2026 @ 8:00 am — Harris County JP 2-1 w/Judge Delgado — 17 Cases,https://jpwebsite.harriscountytx.gov/WebDockets/GetDocketDetail?date=04/13/2026&court=21&media=screen#0800AM,4/13/2026 8:00am,4/13/2026 9:00am,17,Judge Delgado,2026,2026-04,2026-16,2026-04-13,Monday,0,Harris County JP 2-1
Mon 4-13-2026 @ 1:30 pm — Harris County JP 3-2 w/Judge Bates — 12 Cases,https://jpwebsite.harriscountytx.gov/WebDockets/GetDocketDetail?date=04/13/2026&court=32&media=screen#0130PM,4/13/2026 1:30pm,4/13/2026 2:00pm,12,Judge Bates,2026,2026-04,2026-16,2026-04-13,Monday,0,Harris County JP 3-2
Mon 4-13-2026 @ 9:00 am — Harris County JP 4-1 w/Judge Goodwin — 58 Cases,https://jpwebsite.harriscountytx.gov/WebDockets/GetDocketDetail?date=04/13/2026&court=41&media=screen#0900AM,4/13/2026 9:00am,4/13/2026 9:30am,58,Judge Goodwin,2026,2026-04,2026-16,2026-04-13,Monday,0,Harris County JP 4-1
Mon 4-13-2026 @ 10:30 am — Harris County JP 1-1 w/Judge Carter — 19 Cases,https://jpwebsite.harriscountytx.gov/WebDockets/GetDocketDetail?date=04/13/2026&court=11&media=screen#1030AM,4/13/2026 10:30am,4/13/2026 11:15am,19,Judge Carter,2026,2026-04,2026-16,2026-04-13,Monday,0,Harris County JP 1-1
Mon 4-13-2026 @ 9:30 am — Harris County JP 1-1 w/Judge Carter — 22 Cases,https://jpwebsite.harriscountytx.gov/WebDockets/GetDocketDetail?date=04/13/2026&court=11&media=screen#0930AM,4/13/2026 9:30am,4/13/2026 10:30am,22,Judge Carter,2026,2026-04,2026-16,2026-04-13,Monday,0,Harris County JP 1-1
Mon 4-13-2026 @ 11:15 am — Harris County JP 1-1 w/Judge Carter — 7 Cases,https://jpwebsite.harriscountytx.gov/WebDockets/GetDocketDetail?date=04/13/2026&court=11&media=screen#1115AM,4/13/2026 11:15am,4/13/2026 11:45am,7,Judge Carter,2026,2026-04,2026-16,2026-04-13,Monday,0,Harris County JP 1-1
Mon 4-13-2026 @ 1:00 pm — Harris County JP 4-1 w/Judge Goodwin — 13 Cases,https://jpwebsite.harriscountytx.gov/WebDockets/GetDocketDetail?date=04/13/2026&court=41&media=screen#0100PM,4/13/2026 1:00pm,4/13/2026 1:30pm,13,Judge Goodwin,2026,2026-04,2026-16,2026-04-13,Monday,0,Harris County JP 4-1
Mon 4-13-2026 @ 1:00 pm — Harris County JP 5-2 w/Judge Wolfe — 101 Cases,https://jpwebsite.harriscountytx.gov/WebDockets/GetDocketDetail?date=04/13/2026&court=52&media=screen#0100PM,4/13/2026 1:00pm,4/13/2026 1:30pm,101,Judge Wolfe,2026,2026-04,2026-16,2026-04-13,Monday,0,Harris County JP 5-2
Mon 4-13-2026 @ 9:00 am — Harris County JP 6-2 w/Judge Rodriguez — 7 Cases,https://jpwebsite.harriscountytx.gov/WebDockets/GetDocketDetail?date=04/13/2026&court=62&media=screen#0900AM,4/13/2026 9:00am,4/13/2026 9:00am,7,Judge Rodriguez,2026,2026-04,2026-16,2026-04-13,Monday,0,Harris County JP 6-2
Mon 4-13-2026 @ 2:30 pm — Harris County JP 2-1 w/Judge Delgado — 2 Cases,https://jpwebsite.harriscountytx.gov/WebDockets/GetDocketDetail?date=04/13/2026&court=21&media=screen#0230PM,4/13/2026 2:30pm,4/13/2026 3:30pm,2,Judge Delgado,2026,2026-04,2026-16,2026-04-13,Monday,0,Harris County JP 2-1
Mon 4-13-2026 @ 9:30 am — Harris County JP 8-1 w/Judge Williamson — 2 Cases,https://jpwebsite.harriscountytx.gov/WebDockets/GetDocketDetail?date=04/13/2026&court=81&media=screen#0930AM,4/13/2026 9:30am,4/13/2026 10:30am,2,Judge Williamson,2026,2026-04,2026-16,2026-04-13,Monday,0,Harris County JP 8-1
Tue 4-14-2026 @ 11:00 am — Harris County JP 4-2 w/Judge Korduba — 7 Cases,https://jpwebsite.harriscountytx.gov/WebDockets/GetDocketDetail?date=04/14/2026&court=42&media=screen#1100AM,4/14/2026 11:00am,4/14/2026 1:00pm,7,Judge Korduba,2026,2026-04,2026-16,2026-04-14,Tuesday,0,Harris County JP 4-2
Tue 4-14-2026 @ 1:00 pm — Harris County JP 4-2 w/Judge Korduba — 16 Cases,https://jpwebsite.harriscountytx.gov/WebDockets/GetDocketDetail?date=04/14/2026&court=42&media=screen#0100PM,4/14/2026 1:00pm,4/14/2026 2:00pm,16,Judge Korduba,2026,2026-04,2026-16,2026-04-14,Tuesday,0,Harris County JP 4-2
Tue 4-14-2026 @ 10:00 am — Harris County JP 4-2 w/Judge Korduba — 43 Cases,https://jpwebsite.harriscountytx.gov/WebDockets/GetDocketDetail?date=04/14/2026&court=42&media=screen#1000AM,4/14/2026 10:00am,4/14/2026 11:00am,43,Judge Korduba,2026,2026-04,2026-16,2026-04-14,Tuesday,0,Harris County JP 4-2
Tue 4-14-2026 @ 9:00 am — Harris County JP 7-2 w/Judge Burney — 57 Cases,https://jpwebsite.harriscountytx.gov/WebDockets/GetDocketDetail?date=04/14/2026&court=72&media=screen#0900AM,4/14/2026 9:00am,4/15/2026 9:00am,57,Judge Burney,2026,2026-04,2026-16,2026-04-14,Tuesday,0,Harris County JP 7-2
Tue 4-14-2026 @ 9:00 am — Harris County JP 4-1 w/Judge Goodwin — 39 Cases,https://jpwebsite.harriscountytx.gov/WebDockets/GetDocketDetail?date=04/14/2026&court=41&media=screen#0900AM,4/14/2026 9:00am,4/14/2026 9:30am,39,Judge Goodwin,2026,2026-04,2026-16,2026-04-14,Tuesday,0,Harris County JP 4-1
Tue 4-14-2026 @ 1:30 pm — Harris County JP 5-1 w/Judge Lombardino — 39 Cases,https://jpwebsite.harriscountytx.gov/WebDockets/GetDocketDetail?date=04/14/2026&court=51&media=screen#0130PM,4/14/2026 1:30pm,4/14/2026 8:30am,39,Judge Lombardino,2026,2026-04,2026-16,2026-04-14,Tuesday,0,Harris County JP 5-1
Tue 4-14-2026 @ 8:30 am — Harris County JP 1-1 w/Judge Carter — 23 Cases,https://jpwebsite.harriscountytx.gov/WebDockets/GetDocketDetail?date=04/14/2026&court=11&media=screen#0830AM,4/14/2026 8:30am,4/14/2026 9:30am,23,Judge Carter,2026,2026-04,2026-16,2026-04-14,Tuesday,0,Harris County JP 1-1
Tue 4-14-2026 @ 10:30 am — Harris County JP 1-1 w/Judge Carter — 13 Cases,https://jpwebsite.harriscountytx.gov/WebDockets/GetDocketDetail?date=04/14/2026&court=11&media=screen#1030AM,4/14/2026 10:30am,4/14/2026 11:00am,13,Judge Carter,2026,2026-04,2026-16,2026-04-14,Tuesday,0,Harris County JP 1-1
Tue 4-14-2026 @ 9:30 am — Harris County JP 1-1 w/Judge Carter — 17 Cases,https://jpwebsite.harriscountytx.gov/WebDockets/GetDocketDetail?date=04/14/2026&court=11&media=screen#0930AM,4/14/2026 9:30am,4/14/2026 10:30am,17,Judge Carter,2026,2026-04,2026-16,2026-04-14,Tuesday,0,Harris County JP 1-1
Tue 4-14-2026 @ 10:00 am — Harris County JP 1-2 w/Judge Duble — 6 Cases,https://jpwebsite.harriscountytx.gov/WebDockets/GetDocketDetail?date=04/14/2026&court=12&media=screen#1000AM,4/14/2026 10:00am,4/14/2026 1:00pm,6,Judge Duble,2026,2026-04,2026-16,2026-04-14,Tuesday,0,Harris County JP 1-2
Tue 4-14-2026 @ 1:00 pm — Harris County JP 1-2 w/Judge Duble — 12 Cases,https://jpwebsite.harriscountytx.gov/WebDockets/GetDocketDetail?date=04/14/2026&court=12&media=screen#0100PM,4/14/2026 1:00pm,4/14/2026 2:00pm,12,Judge Duble,2026,2026-04,2026-16,2026-04-14,Tuesday,0,Harris County JP 1-2
Tue 4-14-2026 @ 9:00 am — Harris County JP 3-1 w/Judge Stephens — 18 Cases,https://jpwebsite.harriscountytx.gov/WebDockets/GetDocketDetail?date=04/14/2026&court=31&media=screen#0900AM,4/14/2026 9:00am,4/14/2026 10:30am,18,Judge Stephens,2026,2026-04,2026-16,2026-04-14,Tuesday,0,Harris County JP 3-1
Tue 4-14-2026 @ 10:30 am — Harris County JP 3-1 w/Judge Stephens — 25 Cases,https://jpwebsite.harriscountytx.gov/WebDockets/GetDocketDetail?date=04/14/2026&court=31&media=screen#1030AM,4/14/2026 10:30am,4/14/2026 11:30am,25,Judge Stephens,2026,2026-04,2026-16,2026-04-14,Tuesday,0,Harris County JP 3-1
Tue 4-14-2026 @ 2:30 pm — Harris County JP 5-2 w/Judge Wolfe — 76 Cases,https://jpwebsite.harriscountytx.gov/WebDockets/GetDocketDetail?date=04/14/2026&court=52&media=screen#0230PM,4/14/2026 2:30pm,4/14/2026 3:00pm,76,Judge Wolfe,2026,2026-04,2026-16,2026-04-14,Tuesday,0,Harris County JP 5-2
Wed 4-15-2026 @ 9:30 am — Harris County JP 1-1 w/Judge Carter — 23 Cases,https://jpwebsite.harriscountytx.gov/WebDockets/GetDocketDetail?date=04/15/2026&court=11&media=screen#0930AM,4/15/2026 9:30am,4/15/2026 10:30am,23,Judge Carter,2026,2026-04,2026-16,2026-04-15,Wednesday,0,Harris County JP 1-1
Wed 4-15-2026 @ 8:30 am — Harris County JP 1-1 w/Judge Carter — 23 Cases,https://jpwebsite.harriscountytx.gov/WebDockets/GetDocketDetail?date=04/15/2026&court=11&media=screen#0830AM,4/15/2026 8:30am,4/15/2026 9:30am,23,Judge Carter,2026,2026-04,2026-16,2026-04-15,Wednesday,0,Harris County JP 1-1
Wed 4-15-2026 @ 8:00 am — Harris County JP 2-1 w/Judge Delgado — 15 Cases,https://jpwebsite.harriscountytx.gov/WebDockets/GetDocketDetail?date=04/15/2026&court=21&media=screen#0800AM,4/15/2026 8:00am,4/15/2026 9:00am,15,Judge Delgado,2026,2026-04,2026-16,2026-04-15,Wednesday,0,Harris County JP 2-1
Wed 4-15-2026 @ 9:00 am — Harris County JP 4-1 w/Judge Goodwin — 7 Cases,https://jpwebsite.harriscountytx.gov/WebDockets/GetDocketDetail?date=04/15/2026&court=41&media=screen#0900AM,4/15/2026 9:00am,4/15/2026 9:30am,7,Judge Goodwin,2026,2026-04,2026-16,2026-04-15,Wednesday,0,Harris County JP 4-1
Wed 4-15-2026 @ 8:30 am — Harris County JP 5-1 w/Judge Lombardino — 30 Cases,https://jpwebsite.harriscountytx.gov/WebDockets/GetDocketDetail?date=04/15/2026&court=51&media=screen#0830AM,4/15/2026 8:30am,4/15/2026 9:00am,30,Judge Lombardino,2026,2026-04,2026-16,2026-04-15,Wednesday,0,Harris County JP 5-1
Wed 4-15-2026 @ 9:00 am — Harris County JP 6-1 w/Judge Treviño — 28 Cases,https://jpwebsite.harriscountytx.gov/WebDockets/GetDocketDetail?date=04/15/2026&court=61&media=screen#0900AM,4/15/2026 9:00am,4/15/2026 1:30pm,28,Judge Treviño,2026,2026-04,2026-16,2026-04-15,Wednesday,0,Harris County JP 6-1
Wed 4-15-2026 @ 9:00 am — Harris County JP 7-1 w/Judge Adams — 34 Cases,https://jpwebsite.harriscountytx.gov/WebDockets/GetDocketDetail?date=04/15/2026&court=71&media=screen#0900AM,4/15/2026 9:00am,4/15/2026 9:30am,34,Judge Adams,2026,2026-04,2026-16,2026-04-15,Wednesday,0,Harris County JP 7-1
Wed 4-15-2026 @ 10:30 am — Harris County JP 1-1 w/Judge Carter — 3 Cases,https://jpwebsite.harriscountytx.gov/WebDockets/GetDocketDetail?date=04/15/2026&court=11&media=screen#1030AM,4/15/2026 10:30am,4/15/2026 11:00am,3,Judge Carter,2026,2026-04,2026-16,2026-04-15,Wednesday,0,Harris County JP 1-1
Wed 4-15-2026 @ 2:30 pm — Harris County JP 2-1 w/Judge Delgado — 3 Cases,https://jpwebsite.harriscountytx.gov/WebDockets/GetDocketDetail?date=04/15/2026&court=21&media=screen#0230PM,4/15/2026 2:30pm,4/15/2026 8:00am,3,Judge Delgado,2026,2026-04,2026-16,2026-04-15,Wednesday,0,Harris County JP 2-1
Thu 4-16-2026 @ 8:00 am — Harris County JP 2-1 w/Judge Delgado — 12 Cases,https://jpwebsite.harriscountytx.gov/WebDockets/GetDocketDetail?date=04/16/2026&court=21&media=screen#0800AM,4/16/2026 8:00am,4/16/2026 9:00am,12,Judge Delgado,2026,2026-04,2026-16,2026-04-16,Thursday,0,Harris County JP 2-1
Thu 4-16-2026 @ 9:00 am — Harris County JP 2-2 w/Judge Lozano — 11 Cases,https://jpwebsite.harriscountytx.gov/WebDockets/GetDocketDetail?date=04/16/2026&court=22&media=screen#0900AM,4/16/2026 9:00am,4/16/2026 10:00am,11,Judge Lozano,2026,2026-04,2026-16,2026-04-16,Thursday,0,Harris County JP 2-2
Thu 4-16-2026 @ 9:00 am — Harris County JP 4-1 w/Judge Goodwin — 13 Cases,https://jpwebsite.harriscountytx.gov/WebDockets/GetDocketDetail?date=04/16/2026&court=41&media=screen#0900AM,4/16/2026 9:00am,4/16/2026 9:30am,13,Judge Goodwin,2026,2026-04,2026-16,2026-04-16,Thursday,0,Harris County JP 4-1
Thu 4-16-2026 @ 2:30 pm — Harris County JP 5-2 w/Judge Wolfe — 55 Cases,https://jpwebsite.harriscountytx.gov/WebDockets/GetDocketDetail?date=04/16/2026&court=52&media=screen#0230PM,4/16/2026 2:30pm,4/16/2026 3:00pm,55,Judge Wolfe,2026,2026-04,2026-16,2026-04-16,Thursday,0,Harris County JP 5-2
Thu 4-16-2026 @ 9:00 am — Harris County JP 8-1 w/Judge Williamson — 14 Cases,https://jpwebsite.harriscountytx.gov/WebDockets/GetDocketDetail?date=04/16/2026&court=81&media=screen#0900AM,4/16/2026 9:00am,4/16/2026 10:00am,14,Judge Williamson,2026,2026-04,2026-16,2026-04-16,Thursday,0,Harris County JP 8-1
Thu 4-16-2026 @ 2:00 pm — Harris County JP 8-2 w/Judge Ditta — 18 Cases,https://jpwebsite.harriscountytx.gov/WebDockets/GetDocketDetail?date=04/16/2026&court=82&media=screen#0200PM,4/16/2026 2:00pm,4/16/2026 3:00pm,18,Judge Ditta,2026,2026-04,2026-16,2026-04-16,Thursday,0,Harris County JP 8-2
Thu 4-16-2026 @ 10:00 am — Harris County JP 2-2 w/Judge Lozano — 9 Cases,https://jpwebsite.harriscountytx.gov/WebDockets/GetDocketDetail?date=04/16/2026&court=22&media=screen#1000AM,4/16/2026 10:00am,4/16/2026 11:00am,9,Judge Lozano,2026,2026-04,2026-16,2026-04-16,Thursday,0,Harris County JP 2-2
Fri 4-17-2026 @ 9:00 am — Harris County JP 4-1 w/Judge Goodwin — 4 Cases,https://jpwebsite.harriscountytx.gov/WebDockets/GetDocketDetail?date=04/17/2026&court=41&media=screen#0900AM,4/17/2026 9:00am,4/17/2026 9:30am,4,Judge Goodwin,2026,2026-04,2026-16,2026-04-17,Friday,0,Harris County JP 4-1
Fri 4-17-2026 @ 9:00 am — Harris County JP 5-1 w/Judge Lombardino — 10 Cases,https://jpwebsite.harriscountytx.gov/WebDockets/GetDocketDetail?date=04/17/2026&court=51&media=screen#0900AM,4/17/2026 9:00am,4/17/2026 9:30am,10,Judge Lombardino,2026,2026-04,2026-16,2026-04-17,Friday,0,Harris County JP 5-1
Fri 4-17-2026 @ 9:00 am — Harris County JP 6-2 w/Judge Rodriguez — 16 Cases,https://jpwebsite.harriscountytx.gov/WebDockets/GetDocketDetail?date=04/17/2026&court=62&media=screen#0900AM,4/17/2026 9:00am,4/21/2026 9:00am,16,Judge Rodriguez,2026,2026-04,2026-16,2026-04-17,Friday,0,Harris County JP 6-2
Mon 4-20-2026 @ 9:00 am — Harris County JP 4-1 w/Judge Goodwin — 76 Cases,https://jpwebsite.harriscountytx.gov/WebDockets/GetDocketDetail?date=04/20/2026&court=41&media=screen#0900AM,4/20/2026 9:00am,4/20/2026 9:30am,76,Judge Goodwin,2026,2026-04,2026-17,2026-04-20,Monday,0,Harris County JP 4-1
Mon 4-20-2026 @ 9:30 am — Harris County JP 1-1 w/Judge Carter — 17 Cases,https://jpwebsite.harriscountytx.gov/WebDockets/GetDocketDetail?date=04/20/2026&court=11&media=screen#0930AM,4/20/2026 9:30am,4/20/2026 10:30am,17,Judge Carter,2026,2026-04,2026-17,2026-04-20,Monday,0,Harris County JP 1-1
Mon 4-20-2026 @ 8:30 am — Harris County JP 1-1 w/Judge Carter — 21 Cases,https://jpwebsite.harriscountytx.gov/WebDockets/GetDocketDetail?date=04/20/2026&court=11&media=screen#0830AM,4/20/2026 8:30am,4/20/2026 9:30am,21,Judge Carter,2026,2026-04,2026-17,2026-04-20,Monday,0,Harris County JP 1-1
Mon 4-20-2026 @ 10:30 am — Harris County JP 1-1 w/Judge Carter — 4 Cases,https://jpwebsite.harriscountytx.gov/WebDockets/GetDocketDetail?date=04/20/2026&court=11&media=screen#1030AM,4/20/2026 10:30am,4/20/2026 11:00am,4,Judge Carter,2026,2026-04,2026-17,2026-04-20,Monday,0,Harris County JP 1-1
Mon 4-20-2026 @ 8:00 am — Harris County JP 2-1 w/Judge Delgado — 16 Cases,https://jpwebsite.harriscountytx.gov/WebDockets/GetDocketDetail?date=04/20/2026&court=21&media=screen#0800AM,4/20/2026 8:00am,4/20/2026 9:00am,16,Judge Delgado,2026,2026-04,2026-17,2026-04-20,Monday,0,Harris County JP 2-1
Mon 4-20-2026 @ 1:00 pm — Harris County JP 4-1 w/Judge Goodwin — 6 Cases,https://jpwebsite.harriscountytx.gov/WebDockets/GetDocketDetail?date=04/20/2026&court=41&media=screen#0100PM,4/20/2026 1:00pm,4/20/2026 1:30pm,6,Judge Goodwin,2026,2026-04,2026-17,2026-04-20,Monday,0,Harris County JP 4-1
Mon 4-20-2026 @ 1:00 pm — Harris County JP 5-2 w/Judge Wolfe — 112 Cases,https://jpwebsite.harriscountytx.gov/WebDockets/GetDocketDetail?date=04/20/2026&court=52&media=screen#0100PM,4/20/2026 1:00pm,4/20/2026 1:30pm,112,Judge Wolfe,2026,2026-04,2026-17,2026-04-20,Monday,0,Harris County JP 5-2
Tue 4-21-2026 @ 10:00 am — Harris County JP 1-2 w/Judge Duble — 10 Cases,https://jpwebsite.harriscountytx.gov/WebDockets/GetDocketDetail?date=04/21/2026&court=12&media=screen#1000AM,4/21/2026 10:00am,4/21/2026 1:00pm,10,Judge Duble,2026,2026-04,2026-17,2026-04-21,Tuesday,0,Harris County JP 1-2
Tue 4-21-2026 @ 1:00 pm — Harris County JP 1-2 w/Judge Duble — 3 Cases,https://jpwebsite.harriscountytx.gov/WebDockets/GetDocketDetail?date=04/21/2026&court=12&media=screen#0100PM,4/21/2026 1:00pm,4/21/2026 1:30pm,3,Judge Duble,2026,2026-04,2026-17,2026-04-21,Tuesday,0,Harris County JP 1-2
Tue 4-21-2026 @ 9:00 am — Harris County JP 3-1 w/Judge Stephens — 21 Cases,https://jpwebsite.harriscountytx.gov/WebDockets/GetDocketDetail?date=04/21/2026&court=31&media=screen#0900AM,4/21/2026 9:00am,4/21/2026 10:30am,21,Judge Stephens,2026,2026-04,2026-17,2026-04-21,Tuesday,0,Harris County JP 3-1
Tue 4-21-2026 @ 10:30 am — Harris County JP 3-1 w/Judge Stephens — 12 Cases,https://jpwebsite.harriscountytx.gov/WebDockets/GetDocketDetail?date=04/21/2026&court=31&media=screen#1030AM,4/21/2026 10:30am,4/21/2026 11:00am,12,Judge Stephens,2026,2026-04,2026-17,2026-04-21,Tuesday,0,Harris County JP 3-1
Tue 4-21-2026 @ 9:30 am — Harris County JP 3-2 w/Judge Bates — 4 Cases,https://jpwebsite.harriscountytx.gov/WebDockets/GetDocketDetail?date=04/21/2026&court=32&media=screen#0930AM,4/21/2026 9:30am,4/24/2026 9:00am,4,Judge Bates,2026,2026-04,2026-17,2026-04-21,Tuesday,0,Harris County JP 3-2
Tue 4-21-2026 @ 9:00 am — Harris County JP 4-1 w/Judge Goodwin — 43 Cases,https://jpwebsite.harriscountytx.gov/WebDockets/GetDocketDetail?date=04/21/2026&court=41&media=screen#0900AM,4/21/2026 9:00am,4/21/2026 9:30am,43,Judge Goodwin,2026,2026-04,2026-17,2026-04-21,Tuesday,0,Harris County JP 4-1
Tue 4-21-2026 @ 11:00 am — Harris County JP 4-2 w/Judge Korduba — 10 Cases,https://jpwebsite.harriscountytx.gov/WebDockets/GetDocketDetail?date=04/21/2026&court=42&media=screen#1100AM,4/21/2026 11:00am,4/21/2026 12:00pm,10,Judge Korduba,2026,2026-04,2026-17,2026-04-21,Tuesday,0,Harris County JP 4-2
Tue 4-21-2026 @ 1:00 pm — Harris County JP 4-2 w/Judge Korduba — 11 Cases,https://jpwebsite.harriscountytx.gov/WebDockets/GetDocketDetail?date=04/21/2026&court=42&media=screen#0100PM,4/21/2026 1:00pm,4/21/2026 2:00pm,11,Judge Korduba,2026,2026-04,2026-17,2026-04-21,Tuesday,0,Harris County JP 4-2
Tue 4-21-2026 @ 10:00 am — Harris County JP 4-2 w/Judge Korduba — 54 Cases,https://jpwebsite.harriscountytx.gov/WebDockets/GetDocketDetail?date=04/21/2026&court=42&media=screen#1000AM,4/21/2026 10:00am,4/21/2026 11:00am,54,Judge Korduba,2026,2026-04,2026-17,2026-04-21,Tuesday,0,Harris County JP 4-2
Tue 4-21-2026 @ 1:30 pm — Harris County JP 5-1 w/Judge Lombardino — 30 Cases,https://jpwebsite.harriscountytx.gov/WebDockets/GetDocketDetail?date=04/21/2026&court=51&media=screen#0130PM,4/21/2026 1:30pm,4/21/2026 8:30am,30,Judge Lombardino,2026,2026-04,2026-17,2026-04-21,Tuesday,0,Harris County JP 5-1
Tue 4-21-2026 @ 9:00 am — Harris County JP 7-2 w/Judge Burney — 31 Cases,https://jpwebsite.harriscountytx.gov/WebDockets/GetDocketDetail?date=04/21/2026&court=72&media=screen#0900AM,4/21/2026 9:00am,4/22/2026 8:30am,31,Judge Burney,2026,2026-04,2026-17,2026-04-21,Tuesday,0,Harris County JP 7-2
Tue 4-21-2026 @ 8:00 am — Harris County JP 2-1 w/Judge Delgado — 12 Cases,https://jpwebsite.harriscountytx.gov/WebDockets/GetDocketDetail?date=04/21/2026&court=21&media=screen#0800AM,4/21/2026 8:00am,4/21/2026 9:00am,12,Judge Delgado,2026,2026-04,2026-17,2026-04-21,Tuesday,0,Harris County JP 2-1
Tue 4-21-2026 @ 2:30 pm — Harris County JP 5-2 w/Judge Wolfe — 97 Cases,https://jpwebsite.harriscountytx.gov/WebDockets/GetDocketDetail?date=04/21/2026&court=52&media=screen#0230PM,4/21/2026 2:30pm,4/21/2026 3:00pm,97,Judge Wolfe,2026,2026-04,2026-17,2026-04-21,Tuesday,0,Harris County JP 5-2
Wed 4-22-2026 @ 9:00 am — Harris County JP 7-1 w/Judge Adams — 41 Cases,https://jpwebsite.harriscountytx.gov/WebDockets/GetDocketDetail?date=04/22/2026&court=71&media=screen#0900AM,4/22/2026 9:00am,4/22/2026 9:30am,41,Judge Adams,2026,2026-04,2026-17,2026-04-22,Wednesday,0,Harris County JP 7-1
Wed 4-22-2026 @ 8:30 am — Harris County JP 1-1 w/Judge Carter — 23 Cases,https://jpwebsite.harriscountytx.gov/WebDockets/GetDocketDetail?date=04/22/2026&court=11&media=screen#0830AM,4/22/2026 8:30am,4/22/2026 9:30am,23,Judge Carter,2026,2026-04,2026-17,2026-04-22,Wednesday,0,Harris County JP 1-1
Wed 4-22-2026 @ 8:30 am — Harris County JP 5-1 w/Judge Lombardino — 10 Cases,https://jpwebsite.harriscountytx.gov/WebDockets/GetDocketDetail?date=04/22/2026&court=51&media=screen#0830AM,4/22/2026 8:30am,4/22/2026 9:00am,10,Judge Lombardino,2026,2026-04,2026-17,2026-04-22,Wednesday,0,Harris County JP 5-1
Wed 4-22-2026 @ 9:00 am — Harris County JP 6-1 w/Judge Treviño — 9 Cases,https://jpwebsite.harriscountytx.gov/WebDockets/GetDocketDetail?date=04/22/2026&court=61&media=screen#0900AM,4/22/2026 9:00am,4/22/2026 1:30pm,9,Judge Treviño,2026,2026-04,2026-17,2026-04-22,Wednesday,0,Harris County JP 6-1
Wed 4-22-2026 @ 9:30 am — Harris County JP 1-1 w/Judge Carter — 24 Cases,https://jpwebsite.harriscountytx.gov/WebDockets/GetDocketDetail?date=04/22/2026&court=11&media=screen#0930AM,4/22/2026 9:30am,4/22/2026 10:00am,24,Judge Carter,2026,2026-04,2026-17,2026-04-22,Wednesday,0,Harris County JP 1-1
Wed 4-22-2026 @ 9:00 am — Harris County JP 4-1 w/Judge Goodwin — 1 Cases,https://jpwebsite.harriscountytx.gov/WebDockets/GetDocketDetail?date=04/22/2026&court=41&media=screen#0900AM,4/22/2026 9:00am,4/22/2026 9:30am,1,Judge Goodwin,2026,2026-04,2026-17,2026-04-22,Wednesday,0,Harris County JP 4-1
Wed 4-22-2026 @ 1:00 pm — Harris County JP 6-2 w/Judge Rodriguez — 1 Cases,https://jpwebsite.harriscountytx.gov/WebDockets/GetDocketDetail?date=04/22/2026&court=62&media=screen#0100PM,4/22/2026 1:00pm,4/24/2026 1:00pm,1,Judge Rodriguez,2026,2026-04,2026-17,2026-04-22,Wednesday,0,Harris County JP 6-2
Thu 4-23-2026 @ 8:30 am — Harris County JP 2-1 w/Judge Delgado — 11 Cases,https://jpwebsite.harriscountytx.gov/WebDockets/GetDocketDetail?date=04/23/2026&court=21&media=screen#0830AM,4/23/2026 8:30am,4/23/2026 9:30am,11,Judge Delgado,2026,2026-04,2026-17,2026-04-23,Thursday,0,Harris County JP 2-1
Thu 4-23-2026 @ 10:00 am — Harris County JP 2-2 w/Judge Lozano — 10 Cases,https://jpwebsite.harriscountytx.gov/WebDockets/GetDocketDetail?date=04/23/2026&court=22&media=screen#1000AM,4/23/2026 10:00am,4/23/2026 11:00am,10,Judge Lozano,2026,2026-04,2026-17,2026-04-23,Thursday,0,Harris County JP 2-2
Thu 4-23-2026 @ 9:00 am — Harris County JP 4-1 w/Judge Goodwin — 21 Cases,https://jpwebsite.harriscountytx.gov/WebDockets/GetDocketDetail?date=04/23/2026&court=41&media=screen#0900AM,4/23/2026 9:00am,4/23/2026 9:30am,21,Judge Goodwin,2026,2026-04,2026-17,2026-04-23,Thursday,0,Harris County JP 4-1
Thu 4-23-2026 @ 8:30 am — Harris County JP 4-2 w/Judge Korduba — 16 Cases,https://jpwebsite.harriscountytx.gov/WebDockets/GetDocketDetail?date=04/23/2026&court=42&media=screen#0830AM,4/23/2026 8:30am,4/23/2026 9:30am,16,Judge Korduba,2026,2026-04,2026-17,2026-04-23,Thursday,0,Harris County JP 4-2
Thu 4-23-2026 @ 9:00 am — Harris County JP 8-1 w/Judge Williamson — 21 Cases,https://jpwebsite.harriscountytx.gov/WebDockets/GetDocketDetail?date=04/23/2026&court=81&media=screen#0900AM,4/23/2026 9:00am,4/23/2026 1:30pm,21,Judge Williamson,2026,2026-04,2026-17,2026-04-23,Thursday,0,Harris County JP 8-1
Thu 4-23-2026 @ 2:00 pm — Harris County JP 8-2 w/Judge Ditta — 21 Cases,https://jpwebsite.harriscountytx.gov/WebDockets/GetDocketDetail?date=04/23/2026&court=82&media=screen#0200PM,4/23/2026 2:00pm,4/23/2026 2:30pm,21,Judge Ditta,2026,2026-04,2026-17,2026-04-23,Thursday,0,Harris County JP 8-2
Fri 4-24-2026 @ 9:00 am — Harris County JP 5-1 w/Judge Lombardino — 7 Cases,https://jpwebsite.harriscountytx.gov/WebDockets/GetDocketDetail?date=04/24/2026&court=51&media=screen#0900AM,4/24/2026 9:00am,4/24/2026 9:30am,7,Judge Lombardino,2026,2026-04,2026-17,2026-04-24,Friday,0,Harris County JP 5-1
Fri 4-24-2026 @ 9:00 am — Harris County JP 6-2 w/Judge Rodriguez — 6 Cases,https://jpwebsite.harriscountytx.gov/WebDockets/GetDocketDetail?date=04/24/2026&court=62&media=screen#0900AM,4/24/2026 9:00am,4/26/2026 9:00am,6,Judge Rodriguez,2026,2026-04,2026-17,2026-04-24,Friday,0,Harris County JP 6-2
Mon 4-27-2026 @ 11:15 am — Harris County JP 1-1 w/Judge Carter — 3 Cases,https://jpwebsite.harriscountytx.gov/WebDockets/GetDocketDetail?date=04/27/2026&court=11&media=screen#1115AM,4/27/2026 11:15am,4/27/2026 11:45am,3,Judge Carter,2026,2026-04,2026-18,2026-04-27,Monday,0,Harris County JP 1-1
Mon 4-27-2026 @ 8:30 am — Harris County JP 1-1 w/Judge Carter — 19 Cases,https://jpwebsite.harriscountytx.gov/WebDockets/GetDocketDetail?date=04/27/2026&court=11&media=screen#0830AM,4/27/2026 8:30am,4/27/2026 9:30am,19,Judge Carter,2026,2026-04,2026-18,2026-04-27,Monday,0,Harris County JP 1-1
Mon 4-27-2026 @ 1:00 pm — Harris County JP 4-1 w/Judge Goodwin — 7 Cases,https://jpwebsite.harriscountytx.gov/WebDockets/GetDocketDetail?date=04/27/2026&court=41&media=screen#0100PM,4/27/2026 1:00pm,4/27/2026 1:30pm,7,Judge Goodwin,2026,2026-04,2026-18,2026-04-27,Monday,0,Harris County JP 4-1
Mon 4-27-2026 @ 9:00 am — Harris County JP 4-1 w/Judge Goodwin — 54 Cases,https://jpwebsite.harriscountytx.gov/WebDockets/GetDocketDetail?date=04/27/2026&court=41&media=screen#0900AM,4/27/2026 9:00am,4/27/2026 9:30am,54,Judge Goodwin,2026,2026-04,2026-18,2026-04-27,Monday,0,Harris County JP 4-1
Mon 4-27-2026 @ 9:30 am — Harris County JP 1-1 w/Judge Carter — 18 Cases,https://jpwebsite.harriscountytx.gov/WebDockets/GetDocketDetail?date=04/27/2026&court=11&media=screen#0930AM,4/27/2026 9:30am,4/27/2026 11:15am,18,Judge Carter,2026,2026-04,2026-18,2026-04-27,Monday,0,Harris County JP 1-1
Mon 4-27-2026 @ 8:00 am — Harris County JP 2-1 w/Judge Delgado — 18 Cases,https://jpwebsite.harriscountytx.gov/WebDockets/GetDocketDetail?date=04/27/2026&court=21&media=screen#0800AM,4/27/2026 8:00am,4/27/2026 9:00am,18,Judge Delgado,2026,2026-04,2026-18,2026-04-27,Monday,0,Harris County JP 2-1
Tue 4-28-2026 @ 9:00 am — Harris County JP 3-1 w/Judge Stephens — 36 Cases,https://jpwebsite.harriscountytx.gov/WebDockets/GetDocketDetail?date=04/28/2026&court=31&media=screen#0900AM,4/28/2026 9:00am,4/28/2026 10:30am,36,Judge Stephens,2026,2026-04,2026-18,2026-04-28,Tuesday,0,Harris County JP 3-1
Tue 4-28-2026 @ 10:00 am — Harris County JP 1-2 w/Judge Duble — 1 Cases,https://jpwebsite.harriscountytx.gov/WebDockets/GetDocketDetail?date=04/28/2026&court=12&media=screen#1000AM,4/28/2026 10:00am,4/28/2026 1:00pm,1,Judge Duble,2026,2026-04,2026-18,2026-04-28,Tuesday,0,Harris County JP 1-2
Tue 4-28-2026 @ 1:00 pm — Harris County JP 1-2 w/Judge Duble — 5 Cases,https://jpwebsite.harriscountytx.gov/WebDockets/GetDocketDetail?date=04/28/2026&court=12&media=screen#0100PM,4/28/2026 1:00pm,4/28/2026 3:30pm,5,Judge Duble,2026,2026-04,2026-18,2026-04-28,Tuesday,0,Harris County JP 1-2
Tue 4-28-2026 @ 9:00 am — Harris County JP 4-1 w/Judge Goodwin — 41 Cases,https://jpwebsite.harriscountytx.gov/WebDockets/GetDocketDetail?date=04/28/2026&court=41&media=screen#0900AM,4/28/2026 9:00am,4/28/2026 9:30am,41,Judge Goodwin,2026,2026-04,2026-18,2026-04-28,Tuesday,0,Harris County JP 4-1
Tue 4-28-2026 @ 11:00 am — Harris County JP 4-2 w/Judge Korduba — 20 Cases,https://jpwebsite.harriscountytx.gov/WebDockets/GetDocketDetail?date=04/28/2026&court=42&media=screen#1100AM,4/28/2026 11:00am,4/28/2026 1:00pm,20,Judge Korduba,2026,2026-04,2026-18,2026-04-28,Tuesday,0,Harris County JP 4-2
Tue 4-28-2026 @ 1:00 pm — Harris County JP 4-2 w/Judge Korduba — 6 Cases,https://jpwebsite.harriscountytx.gov/WebDockets/GetDocketDetail?date=04/28/2026&court=42&media=screen#0100PM,4/28/2026 1:00pm,4/28/2026 1:30pm,6,Judge Korduba,2026,2026-04,2026-18,2026-04-28,Tuesday,0,Harris County JP 4-2
Tue 4-28-2026 @ 10:00 am — Harris County JP 4-2 w/Judge Korduba — 37 Cases,https://jpwebsite.harriscountytx.gov/WebDockets/GetDocketDetail?date=04/28/2026&court=42&media=screen#1000AM,4/28/2026 10:00am,4/28/2026 11:00am,37,Judge Korduba,2026,2026-04,2026-18,2026-04-28,Tuesday,0,Harris County JP 4-2
Tue 4-28-2026 @ 1:30 pm — Harris County JP 5-1 w/Judge Lombardino — 52 Cases,https://jpwebsite.harriscountytx.gov/WebDockets/GetDocketDetail?date=04/28/2026&court=51&media=screen#0130PM,4/28/2026 1:30pm,4/28/2026 8:30am,52,Judge Lombardino,2026,2026-04,2026-18,2026-04-28,Tuesday,0,Harris County JP 5-1
Tue 4-28-2026 @ 9:00 am — Harris County JP 7-2 w/Judge Burney — 47 Cases,https://jpwebsite.harriscountytx.gov/WebDockets/GetDocketDetail?date=04/28/2026&court=72&media=screen#0900AM,4/28/2026 9:00am,4/28/2026 11:00am,47,Judge Burney,2026,2026-04,2026-18,2026-04-28,Tuesday,0,Harris County JP 7-2
Tue 4-28-2026 @ 9:30 am — Harris County JP 1-2 w/Judge Duble — 12 Cases,https://jpwebsite.harriscountytx.gov/WebDockets/GetDocketDetail?date=04/28/2026&court=12&media=screen#0930AM,4/28/2026 9:30am,4/28/2026 10:00am,12,Judge Duble,2026,2026-04,2026-18,2026-04-28,Tuesday,0,Harris County JP 1-2
Tue 4-28-2026 @ 10:30 am — Harris County JP 3-1 w/Judge Stephens — 25 Cases,https://jpwebsite.harriscountytx.gov/WebDockets/GetDocketDetail?date=04/28/2026&court=31&media=screen#1030AM,4/28/2026 10:30am,4/28/2026 11:30am,25,Judge Stephens,2026,2026-04,2026-18,2026-04-28,Tuesday,0,Harris County JP 3-1
Tue 4-28-2026 @ 8:00 am — Harris County JP 2-1 w/Judge Delgado — 27 Cases,https://jpwebsite.harriscountytx.gov/WebDockets/GetDocketDetail?date=04/28/2026&court=21&media=screen#0800AM,4/28/2026 8:00am,4/28/2026 9:00am,27,Judge Delgado,2026,2026-04,2026-18,2026-04-28,Tuesday,0,Harris County JP 2-1
Tue 4-28-2026 @ 11:00 am — Harris County JP 7-2 w/Judge Burney — 21 Cases,https://jpwebsite.harriscountytx.gov/WebDockets/GetDocketDetail?date=04/28/2026&court=72&media=screen#1100AM,4/28/2026 11:00am,4/28/2026 1:00pm,21,Judge Burney,2026,2026-04,2026-18,2026-04-28,Tuesday,0,Harris County JP 7-2
Wed 4-29-2026 @ 9:00 am — Harris County JP 3-1 w/Judge Stephens — 1 Cases,https://jpwebsite.harriscountytx.gov/WebDockets/GetDocketDetail?date=04/29/2026&court=31&media=screen#0900AM,4/29/2026 9:00am,4/29/2026 10:00am,1,Judge Stephens,2026,2026-04,2026-18,2026-04-29,Wednesday,0,Harris County JP 3-1
Wed 4-29-2026 @ 2:30 pm — Harris County JP 5-2 w/Judge Wolfe — 1 Cases,https://jpwebsite.harriscountytx.gov/WebDockets/GetDocketDetail?date=04/29/2026&court=52&media=screen#0230PM,4/29/2026 2:30pm,4/29/2026 3:00pm,1,Judge Wolfe,2026,2026-04,2026-18,2026-04-29,Wednesday,0,Harris County JP 5-2
Wed 4-29-2026 @ 9:00 am — Harris County JP 6-1 w/Judge Treviño — 22 Cases,https://jpwebsite.harriscountytx.gov/WebDockets/GetDocketDetail?date=04/29/2026&court=61&media=screen#0900AM,4/29/2026 9:00am,4/29/2026 1:30pm,22,Judge Treviño,2026,2026-04,2026-18,2026-04-29,Wednesday,0,Harris County JP 6-1
Wed 4-29-2026 @ 9:00 am — Harris County JP 7-1 w/Judge Adams — 63 Cases,https://jpwebsite.harriscountytx.gov/WebDockets/GetDocketDetail?date=04/29/2026&court=71&media=screen#0900AM,4/29/2026 9:00am,4/29/2026 9:30am,63,Judge Adams,2026,2026-04,2026-18,2026-04-29,Wednesday,0,Harris County JP 7-1
Wed 4-29-2026 @ 8:30 am — Harris County JP 1-1 w/Judge Carter — 24 Cases,https://jpwebsite.harriscountytx.gov/WebDockets/GetDocketDetail?date=04/29/2026&court=11&media=screen#0830AM,4/29/2026 8:30am,4/29/2026 9:30am,24,Judge Carter,2026,2026-04,2026-18,2026-04-29,Wednesday,0,Harris County JP 1-1
Wed 4-29-2026 @ 8:30 am — Harris County JP 5-1 w/Judge Lombardino — 77 Cases,https://jpwebsite.harriscountytx.gov/WebDockets/GetDocketDetail?date=04/29/2026&court=51&media=screen#0830AM,4/29/2026 8:30am,4/29/2026 9:00am,77,Judge Lombardino,2026,2026-04,2026-18,2026-04-29,Wednesday,0,Harris County JP 5-1
Wed 4-29-2026 @ 9:30 am — Harris County JP 1-1 w/Judge Carter — 24 Cases,https://jpwebsite.harriscountytx.gov/WebDockets/GetDocketDetail?date=04/29/2026&court=11&media=screen#0930AM,4/29/2026 9:30am,4/29/2026 10:00am,24,Judge Carter,2026,2026-04,2026-18,2026-04-29,Wednesday,0,Harris County JP 1-1
Wed 4-29-2026 @ 8:00 am — Harris County JP 2-1 w/Judge Delgado — 17 Cases,https://jpwebsite.harriscountytx.gov/WebDockets/GetDocketDetail?date=04/29/2026&court=21&media=screen#0800AM,4/29/2026 8:00am,4/29/2026 9:00am,17,Judge Delgado,2026,2026-04,2026-18,2026-04-29,Wednesday,0,Harris County JP 2-1
Thu 4-30-2026 @ 9:00 am — Harris County JP 2-2 w/Judge Lozano — 9 Cases,https://jpwebsite.harriscountytx.gov/WebDockets/GetDocketDetail?date=04/30/2026&court=22&media=screen#0900AM,4/30/2026 9:00am,4/30/2026 10:00am,9,Judge Lozano,2026,2026-04,2026-18,2026-04-30,Thursday,0,Harris County JP 2-2
Thu 4-30-2026 @ 9:00 am — Harris County JP 5-2 w/Judge Wolfe — 51 Cases,https://jpwebsite.harriscountytx.gov/WebDockets/GetDocketDetail?date=04/30/2026&court=52&media=screen#0900AM,4/30/2026 9:00am,4/30/2026 9:30am,51,Judge Wolfe,2026,2026-04,2026-18,2026-04-30,Thursday,0,Harris County JP 5-2
Thu 4-30-2026 @ 8:30 am — Harris County JP 1-1 w/Judge Carter — 26 Cases,https://jpwebsite.harriscountytx.gov/WebDockets/GetDocketDetail?date=04/30/2026&court=11&media=screen#0830AM,4/30/2026 8:30am,4/30/2026 9:30am,26,Judge Carter,2026,2026-04,2026-18,2026-04-30,Thursday,0,Harris County JP 1-1
Thu 4-30-2026 @ 9:30 am — Harris County JP 1-1 w/Judge Carter — 23 Cases,https://jpwebsite.harriscountytx.gov/WebDockets/GetDocketDetail?date=04/30/2026&court=11&media=screen#0930AM,4/30/2026 9:30am,4/30/2026 10:30am,23,Judge Carter,2026,2026-04,2026-18,2026-04-30,Thursday,0,Harris County JP 1-1
Thu 4-30-2026 @ 10:30 am — Harris County JP 1-1 w/Judge Carter — 17 Cases,https://jpwebsite.harriscountytx.gov/WebDockets/GetDocketDetail?date=04/30/2026&court=11&media=screen#1030AM,4/30/2026 10:30am,4/30/2026 11:00am,17,Judge Carter,2026,2026-04,2026-18,2026-04-30,Thursday,0,Harris County JP 1-1
Thu 4-30-2026 @ 10:00 am — Harris County JP 2-2 w/Judge Lozano — 15 Cases,https://jpwebsite.harriscountytx.gov/WebDockets/GetDocketDetail?date=04/30/2026&court=22&media=screen#1000AM,4/30/2026 10:00am,5/1/2026 10:00am,15,Judge Lozano,2026,2026-04,2026-18,2026-04-30,Thursday,0,Harris County JP 2-2
Thu 4-30-2026 @ 9:00 am — Harris County JP 4-1 w/Judge Goodwin — 6 Cases,https://jpwebsite.harriscountytx.gov/WebDockets/GetDocketDetail?date=04/30/2026&court=41&media=screen#0900AM,4/30/2026 9:00am,4/30/2026 9:30am,6,Judge Goodwin,2026,2026-04,2026-18,2026-04-30,Thursday,0,Harris County JP 4-1
Thu 4-30-2026 @ 1:00 pm — Harris County JP 5-2 w/Judge Wolfe — 81 Cases,https://jpwebsite.harriscountytx.gov/WebDockets/GetDocketDetail?date=04/30/2026&court=52&media=screen#0100PM,4/30/2026 1:00pm,4/30/2026 1:30pm,81,Judge Wolfe,2026,2026-04,2026-18,2026-04-30,Thursday,0,Harris County JP 5-2
Thu 4-30-2026 @ 9:00 am — Harris County JP 8-1 w/Judge Williamson — 67 Cases,https://jpwebsite.harriscountytx.gov/WebDockets/GetDocketDetail?date=04/30/2026&court=81&media=screen#0900AM,4/30/2026 9:00am,4/30/2026 10:00am,67,Judge Williamson,2026,2026-04,2026-18,2026-04-30,Thursday,0,Harris County JP 8-1
Thu 4-30-2026 @ 2:00 pm — Harris County JP 8-2 w/Judge Ditta — 48 Cases,https://jpwebsite.harriscountytx.gov/WebDockets/GetDocketDetail?date=04/30/2026&court=82&media=screen#0200PM,4/30/2026 2:00pm,5/1/2026 9:00am,48,Judge Ditta,2026,2026-04,2026-18,2026-04-30,Thursday,0,Harris County JP 8-2
Fri 5-1-2026 @ 9:00 am — Harris County JP 4-1 w/Judge Goodwin — 6 Cases,https://jpwebsite.harriscountytx.gov/WebDockets/GetDocketDetail?date=05/01/2026&court=41&media=screen#0900AM,5/1/2026 9:00am,5/1/2026 9:30am,6,Judge Goodwin,2026,2026-05,2026-18,2026-05-01,Friday,0,Harris County JP 4-1
Fri 5-1-2026 @ 12:00 pm — Harris County JP 3-2 w/Judge Bates — 15 Cases,https://jpwebsite.harriscountytx.gov/WebDockets/GetDocketDetail?date=05/01/2026&court=32&media=screen#1200PM,5/1/2026 12:00pm,5/1/2026 2:30pm,15,Judge Bates,2026,2026-05,2026-18,2026-05-01,Friday,0,Harris County JP 3-2
Fri 5-1-2026 @ 9:00 am — Harris County JP 5-1 w/Judge Lombardino — 5 Cases,https://jpwebsite.harriscountytx.gov/WebDockets/GetDocketDetail?date=05/01/2026&court=51&media=screen#0900AM,5/1/2026 9:00am,5/1/2026 9:30am,5,Judge Lombardino,2026,2026-05,2026-18,2026-05-01,Friday,0,Harris County JP 5-1
Fri 5-1-2026 @ 9:00 am — Harris County JP 6-2 w/Judge Rodriguez — 14 Cases,https://jpwebsite.harriscountytx.gov/WebDockets/GetDocketDetail?date=05/01/2026&court=62&media=screen#0900AM,5/1/2026 9:00am,5/3/2026 9:00am,14,Judge Rodriguez,2026,2026-05,2026-18,2026-05-01,Friday,0,Harris County JP 6-2
Mon 5-4-2026 @ 11:15 am — Harris County JP 1-1 w/Judge Carter — 9 Cases,https://jpwebsite.harriscountytx.gov/WebDockets/GetDocketDetail?date=05/04/2026&court=11&media=screen#1115AM,5/4/2026 11:15am,5/4/2026 11:45am,9,Judge Carter,2026,2026-05,2026-19,2026-05-04,Monday,0,Harris County JP 1-1
Mon 5-4-2026 @ 9:00 am — Harris County JP 4-1 w/Judge Goodwin — 73 Cases,https://jpwebsite.harriscountytx.gov/WebDockets/GetDocketDetail?date=05/04/2026&court=41&media=screen#0900AM,5/4/2026 9:00am,5/4/2026 9:30am,73,Judge Goodwin,2026,2026-05,2026-19,2026-05-04,Monday,0,Harris County JP 4-1
Mon 5-4-2026 @ 1:30 pm — Harris County JP 3-2 w/Judge Bates — 28 Cases,https://jpwebsite.harriscountytx.gov/WebDockets/GetDocketDetail?date=05/04/2026&court=32&media=screen#0130PM,5/4/2026 1:30pm,5/4/2026 2:30pm,28,Judge Bates,2026,2026-05,2026-19,2026-05-04,Monday,0,Harris County JP 3-2
Mon 5-4-2026 @ 9:30 am — Harris County JP 1-1 w/Judge Carter — 19 Cases,https://jpwebsite.harriscountytx.gov/WebDockets/GetDocketDetail?date=05/04/2026&court=11&media=screen#0930AM,5/4/2026 9:30am,5/4/2026 10:30am,19,Judge Carter,2026,2026-05,2026-19,2026-05-04,Monday,0,Harris County JP 1-1
Mon 5-4-2026 @ 8:30 am — Harris County JP 1-1 w/Judge Carter — 20 Cases,https://jpwebsite.harriscountytx.gov/WebDockets/GetDocketDetail?date=05/04/2026&court=11&media=screen#0830AM,5/4/2026 8:30am,5/4/2026 9:30am,20,Judge Carter,2026,2026-05,2026-19,2026-05-04,Monday,0,Harris County JP 1-1
Mon 5-4-2026 @ 10:30 am — Harris County JP 1-1 w/Judge Carter — 20 Cases,https://jpwebsite.harriscountytx.gov/WebDockets/GetDocketDetail?date=05/04/2026&court=11&media=screen#1030AM,5/4/2026 10:30am,5/4/2026 11:15am,20,Judge Carter,2026,2026-05,2026-19,2026-05-04,Monday,0,Harris County JP 1-1
Mon 5-4-2026 @ 8:00 am — Harris County JP 2-1 w/Judge Delgado — 22 Cases,https://jpwebsite.harriscountytx.gov/WebDockets/GetDocketDetail?date=05/04/2026&court=21&media=screen#0800AM,5/4/2026 8:00am,5/4/2026 9:00am,22,Judge Delgado,2026,2026-05,2026-19,2026-05-04,Monday,0,Harris County JP 2-1
Mon 5-4-2026 @ 1:00 pm — Harris County JP 4-1 w/Judge Goodwin — 25 Cases,https://jpwebsite.harriscountytx.gov/WebDockets/GetDocketDetail?date=05/04/2026&court=41&media=screen#0100PM,5/4/2026 1:00pm,5/4/2026 1:30pm,25,Judge Goodwin,2026,2026-05,2026-19,2026-05-04,Monday,0,Harris County JP 4-1
Mon 5-4-2026 @ 1:00 pm — Harris County JP 5-2 w/Judge Wolfe — 117 Cases,https://jpwebsite.harriscountytx.gov/WebDockets/GetDocketDetail?date=05/04/2026&court=52&media=screen#0100PM,5/4/2026 1:00pm,5/4/2026 1:30pm,117,Judge Wolfe,2026,2026-05,2026-19,2026-05-04,Monday,0,Harris County JP 5-2
Mon 5-4-2026 @ 9:00 am — Harris County JP 6-2 w/Judge Rodriguez — 20 Cases,https://jpwebsite.harriscountytx.gov/WebDockets/GetDocketDetail?date=05/04/2026&court=62&media=screen#0900AM,5/4/2026 9:00am,5/4/2026 9:00am,20,Judge Rodriguez,2026,2026-05,2026-19,2026-05-04,Monday,0,Harris County JP 6-2
Tue 5-5-2026 @ 9:00 am — Harris County JP 4-1 w/Judge Goodwin — 33 Cases,https://jpwebsite.harriscountytx.gov/WebDockets/GetDocketDetail?date=05/05/2026&court=41&media=screen#0900AM,5/5/2026 9:00am,5/5/2026 9:30am,33,Judge Goodwin,2026,2026-05,2026-19,2026-05-05,Tuesday,0,Harris County JP 4-1
Tue 5-5-2026 @ 9:00 am — Harris County JP 1-1 w/Judge Carter — 25 Cases,https://jpwebsite.harriscountytx.gov/WebDockets/GetDocketDetail?date=05/05/2026&court=11&media=screen#0900AM,5/5/2026 9:00am,5/5/2026 9:30am,25,Judge Carter,2026,2026-05,2026-19,2026-05-05,Tuesday,0,Harris County JP 1-1
Tue 5-5-2026 @ 2:30 pm — Harris County JP 5-2 w/Judge Wolfe — 1 Cases,https://jpwebsite.harriscountytx.gov/WebDockets/GetDocketDetail?date=05/05/2026&court=52&media=screen#0230PM,5/5/2026 2:30pm,5/5/2026 3:00pm,1,Judge Wolfe,2026,2026-05,2026-19,2026-05-05,Tuesday,0,Harris County JP 5-2
Tue 5-5-2026 @ 9:30 am — Harris County JP 1-2 w/Judge Duble — 16 Cases,https://jpwebsite.harriscountytx.gov/WebDockets/GetDocketDetail?date=05/05/2026&court=12&media=screen#0930AM,5/5/2026 9:30am,5/5/2026 1:00pm,16,Judge Duble,2026,2026-05,2026-19,2026-05-05,Tuesday,0,Harris County JP 1-2
Tue 5-5-2026 @ 8:00 am — Harris County JP 2-1 w/Judge Delgado — 21 Cases,https://jpwebsite.harriscountytx.gov/WebDockets/GetDocketDetail?date=05/05/2026&court=21&media=screen#0800AM,5/5/2026 8:00am,5/5/2026 9:00am,21,Judge Delgado,2026,2026-05,2026-19,2026-05-05,Tuesday,0,Harris County JP 2-1
Tue 5-5-2026 @ 9:00 am — Harris County JP 3-1 w/Judge Stephens — 36 Cases,https://jpwebsite.harriscountytx.gov/WebDockets/GetDocketDetail?date=05/05/2026&court=31&media=screen#0900AM,5/5/2026 9:00am,5/5/2026 10:30am,36,Judge Stephens,2026,2026-05,2026-19,2026-05-05,Tuesday,0,Harris County JP 3-1
Tue 5-5-2026 @ 10:30 am — Harris County JP 3-1 w/Judge Stephens — 32 Cases,https://jpwebsite.harriscountytx.gov/WebDockets/GetDocketDetail?date=05/05/2026&court=31&media=screen#1030AM,5/5/2026 10:30am,5/5/2026 12:30pm,32,Judge Stephens,2026,2026-05,2026-19,2026-05-05,Tuesday,0,Harris County JP 3-1
Tue 5-5-2026 @ 1:00 pm — Harris County JP 5-2 w/Judge Wolfe — 95 Cases,https://jpwebsite.harriscountytx.gov/WebDockets/GetDocketDetail?date=05/05/2026&court=52&media=screen#0100PM,5/5/2026 1:00pm,5/5/2026 1:30pm,95,Judge Wolfe,2026,2026-05,2026-19,2026-05-05,Tuesday,0,Harris County JP 5-2
Tue 5-5-2026 @ 11:00 am — Harris County JP 7-2 w/Judge Burney — 26 Cases,https://jpwebsite.harriscountytx.gov/WebDockets/GetDocketDetail?date=05/05/2026&court=72&media=screen#1100AM,5/5/2026 11:00am,5/5/2026 12:00pm,26,Judge Burney,2026,2026-05,2026-19,2026-05-05,Tuesday,0,Harris County JP 7-2
Tue 5-5-2026 @ 9:00 am — Harris County JP 7-2 w/Judge Burney — 61 Cases,https://jpwebsite.harriscountytx.gov/WebDockets/GetDocketDetail?date=05/05/2026&court=72&media=screen#0900AM,5/5/2026 9:00am,5/5/2026 11:00am,61,Judge Burney,2026,2026-05,2026-19,2026-05-05,Tuesday,0,Harris County JP 7-2
Tue 5-5-2026 @ 1:00 pm — Harris County JP 1-2 w/Judge Duble — 4 Cases,https://jpwebsite.harriscountytx.gov/WebDockets/GetDocketDetail?date=05/05/2026&court=12&media=screen#0100PM,5/5/2026 1:00pm,5/5/2026 1:30pm,4,Judge Duble,2026,2026-05,2026-19,2026-05-05,Tuesday,0,Harris County JP 1-2
Wed 5-6-2026 @ 9:30 am — Harris County JP 1-1 w/Judge Carter — 28 Cases,https://jpwebsite.harriscountytx.gov/WebDockets/GetDocketDetail?date=05/06/2026&court=11&media=screen#0930AM,5/6/2026 9:30am,5/6/2026 10:30am,28,Judge Carter,2026,2026-05,2026-19,2026-05-06,Wednesday,0,Harris County JP 1-1
Wed 5-6-2026 @ 8:30 am — Harris County JP 1-1 w/Judge Carter — 25 Cases,https://jpwebsite.harriscountytx.gov/WebDockets/GetDocketDetail?date=05/06/2026&court=11&media=screen#0830AM,5/6/2026 8:30am,5/6/2026 9:30am,25,Judge Carter,2026,2026-05,2026-19,2026-05-06,Wednesday,0,Harris County JP 1-1
Wed 5-6-2026 @ 8:30 am — Harris County JP 5-1 w/Judge Lombardino — 72 Cases,https://jpwebsite.harriscountytx.gov/WebDockets/GetDocketDetail?date=05/06/2026&court=51&media=screen#0830AM,5/6/2026 8:30am,5/6/2026 9:00am,72,Judge Lombardino,2026,2026-05,2026-19,2026-05-06,Wednesday,0,Harris County JP 5-1
Wed 5-6-2026 @ 9:00 am — Harris County JP 6-1 w/Judge Treviño — 31 Cases,https://jpwebsite.harriscountytx.gov/WebDockets/GetDocketDetail?date=05/06/2026&court=61&media=screen#0900AM,5/6/2026 9:00am,5/6/2026 12:45pm,31,Judge Treviño,2026,2026-05,2026-19,2026-05-06,Wednesday,0,Harris County JP 6-1
Wed 5-6-2026 @ 9:00 am — Harris County JP 7-1 w/Judge Adams — 59 Cases,https://jpwebsite.harriscountytx.gov/WebDockets/GetDocketDetail?date=05/06/2026&court=71&media=screen#0900AM,5/6/2026 9:00am,5/6/2026 9:30am,59,Judge Adams,2026,2026-05,2026-19,2026-05-06,Wednesday,0,Harris County JP 7-1
Wed 5-6-2026 @ 10:30 am — Harris County JP 1-1 w/Judge Carter — 25 Cases,https://jpwebsite.harriscountytx.gov/WebDockets/GetDocketDetail?date=05/06/2026&court=11&media=screen#1030AM,5/6/2026 10:30am,5/6/2026 11:00am,25,Judge Carter,2026,2026-05,2026-19,2026-05-06,Wednesday,0,Harris County JP 1-1
Wed 5-6-2026 @ 8:00 am — Harris County JP 2-1 w/Judge Delgado — 15 Cases,https://jpwebsite.harriscountytx.gov/WebDockets/GetDocketDetail?date=05/06/2026&court=21&media=screen#0800AM,5/6/2026 8:00am,5/6/2026 9:00am,15,Judge Delgado,2026,2026-05,2026-19,2026-05-06,Wednesday,0,Harris County JP 2-1
Wed 5-6-2026 @ 9:00 am — Harris County JP 4-1 w/Judge Goodwin — 2 Cases,https://jpwebsite.harriscountytx.gov/WebDockets/GetDocketDetail?date=05/06/2026&court=41&media=screen#0900AM,5/6/2026 9:00am,5/6/2026 9:30am,2,Judge Goodwin,2026,2026-05,2026-19,2026-05-06,Wednesday,0,Harris County JP 4-1
Thu 5-7-2026 @ 9:00 am — Harris County JP 2-2 w/Judge Lozano — 9 Cases,https://jpwebsite.harriscountytx.gov/WebDockets/GetDocketDetail?date=05/07/2026&court=22&media=screen#0900AM,5/7/2026 9:00am,5/7/2026 10:00am,9,Judge Lozano,2026,2026-05,2026-19,2026-05-07,Thursday,0,Harris County JP 2-2
Thu 5-7-2026 @ 9:00 am — Harris County JP 4-1 w/Judge Goodwin — 17 Cases,https://jpwebsite.harriscountytx.gov/WebDockets/GetDocketDetail?date=05/07/2026&court=41&media=screen#0900AM,5/7/2026 9:00am,5/7/2026 9:30am,17,Judge Goodwin,2026,2026-05,2026-19,2026-05-07,Thursday,0,Harris County JP 4-1
Thu 5-7-2026 @ 11:00 am — Harris County JP 4-2 w/Judge Korduba — 8 Cases,https://jpwebsite.harriscountytx.gov/WebDockets/GetDocketDetail?date=05/07/2026&court=42&media=screen#1100AM,5/7/2026 11:00am,5/7/2026 1:00pm,8,Judge Korduba,2026,2026-05,2026-19,2026-05-07,Thursday,0,Harris County JP 4-2
Thu 5-7-2026 @ 10:00 am — Harris County JP 4-2 w/Judge Korduba — 28 Cases,https://jpwebsite.harriscountytx.gov/WebDockets/GetDocketDetail?date=05/07/2026&court=42&media=screen#1000AM,5/7/2026 10:00am,5/7/2026 11:00am,28,Judge Korduba,2026,2026-05,2026-19,2026-05-07,Thursday,0,Harris County JP 4-2
Thu 5-7-2026 @ 1:00 pm — Harris County JP 4-2 w/Judge Korduba — 14 Cases,https://jpwebsite.harriscountytx.gov/WebDockets/GetDocketDetail?date=05/07/2026&court=42&media=screen#0100PM,5/7/2026 1:00pm,5/7/2026 2:00pm,14,Judge Korduba,2026,2026-05,2026-19,2026-05-07,Thursday,0,Harris County JP 4-2
Thu 5-7-2026 @ 1:30 pm — Harris County JP 5-1 w/Judge Lombardino — 26 Cases,https://jpwebsite.harriscountytx.gov/WebDockets/GetDocketDetail?date=05/07/2026&court=51&media=screen#0130PM,5/7/2026 1:30pm,5/7/2026 2:00pm,26,Judge Lombardino,2026,2026-05,2026-19,2026-05-07,Thursday,0,Harris County JP 5-1
Thu 5-7-2026 @ 2:00 pm — Harris County JP 8-2 w/Judge Ditta — 6 Cases,https://jpwebsite.harriscountytx.gov/WebDockets/GetDocketDetail?date=05/07/2026&court=82&media=screen#0200PM,5/7/2026 2:00pm,5/7/2026 6:30pm,6,Judge Ditta,2026,2026-05,2026-19,2026-05-07,Thursday,0,Harris County JP 8-2
Thu 5-7-2026 @ 8:00 am — Harris County JP 2-1 w/Judge Delgado — 19 Cases,https://jpwebsite.harriscountytx.gov/WebDockets/GetDocketDetail?date=05/07/2026&court=21&media=screen#0800AM,5/7/2026 8:00am,5/7/2026 9:00am,19,Judge Delgado,2026,2026-05,2026-19,2026-05-07,Thursday,0,Harris County JP 2-1
Thu 5-7-2026 @ 10:00 am — Harris County JP 2-2 w/Judge Lozano — 12 Cases,https://jpwebsite.harriscountytx.gov/WebDockets/GetDocketDetail?date=05/07/2026&court=22&media=screen#1000AM,5/7/2026 10:00am,5/7/2026 11:00am,12,Judge Lozano,2026,2026-05,2026-19,2026-05-07,Thursday,0,Harris County JP 2-2
Thu 5-7-2026 @ 2:30 pm — Harris County JP 5-2 w/Judge Wolfe — 82 Cases,https://jpwebsite.harriscountytx.gov/WebDockets/GetDocketDetail?date=05/07/2026&court=52&media=screen#0230PM,5/7/2026 2:30pm,5/7/2026 3:00pm,82,Judge Wolfe,2026,2026-05,2026-19,2026-05-07,Thursday,0,Harris County JP 5-2
Thu 5-7-2026 @ 12:00 pm — Harris County JP 7-1 w/Judge Adams — 1 Cases,https://jpwebsite.harriscountytx.gov/WebDockets/GetDocketDetail?date=05/07/2026&court=71&media=screen#1200PM,5/7/2026 12:00pm,5/7/2026 12:30pm,1,Judge Adams,2026,2026-05,2026-19,2026-05-07,Thursday,0,Harris County JP 7-1
Thu 5-7-2026 @ 9:00 am — Harris County JP 8-1 w/Judge Williamson — 51 Cases,https://jpwebsite.harriscountytx.gov/WebDockets/GetDocketDetail?date=05/07/2026&court=81&media=screen#0900AM,5/7/2026 9:00am,5/7/2026 10:00am,51,Judge Williamson,2026,2026-05,2026-19,2026-05-07,Thursday,0,Harris County JP 8-1
Fri 5-8-2026 @ 9:00 am — Harris County JP 6-2 w/Judge Rodriguez — 19 Cases,https://jpwebsite.harriscountytx.gov/WebDockets/GetDocketDetail?date=05/08/2026&court=62&media=screen#0900AM,5/8/2026 9:00am,5/12/2026 9:00am,19,Judge Rodriguez,2026,2026-05,2026-19,2026-05-08,Friday,0,Harris County JP 6-2
Fri 5-8-2026 @ 9:00 am — Harris County JP 5-1 w/Judge Lombardino — 7 Cases,https://jpwebsite.harriscountytx.gov/WebDockets/GetDocketDetail?date=05/08/2026&court=51&media=screen#0900AM,5/8/2026 9:00am,5/8/2026 9:30am,7,Judge Lombardino,2026,2026-05,2026-19,2026-05-08,Friday,0,Harris County JP 5-1
Mon 5-11-2026 @ 11:15 am — Harris County JP 1-1 w/Judge Carter — 6 Cases,https://jpwebsite.harriscountytx.gov/WebDockets/GetDocketDetail?date=05/11/2026&court=11&media=screen#1115AM,5/11/2026 11:15am,5/11/2026 11:45am,6,Judge Carter,2026,2026-05,2026-20,2026-05-11,Monday,0,Harris County JP 1-1
Mon 5-11-2026 @ 9:00 am — Harris County JP 4-1 w/Judge Goodwin — 92 Cases,https://jpwebsite.harriscountytx.gov/WebDockets/GetDocketDetail?date=05/11/2026&court=41&media=screen#0900AM,5/11/2026 9:00am,5/11/2026 9:30am,92,Judge Goodwin,2026,2026-05,2026-20,2026-05-11,Monday,0,Harris County JP 4-1
Mon 5-11-2026 @ 9:30 am — Harris County JP 3-2 w/Judge Bates — 25 Cases,https://jpwebsite.harriscountytx.gov/WebDockets/GetDocketDetail?date=05/11/2026&court=32&media=screen#0930AM,5/11/2026 9:30am,5/11/2026 10:30am,25,Judge Bates,2026,2026-05,2026-20,2026-05-11,Monday,0,Harris County JP 3-2
Mon 5-11-2026 @ 1:00 pm — Harris County JP 4-1 w/Judge Goodwin — 14 Cases,https://jpwebsite.harriscountytx.gov/WebDockets/GetDocketDetail?date=05/11/2026&court=41&media=screen#0100PM,5/11/2026 1:00pm,5/11/2026 1:30pm,14,Judge Goodwin,2026,2026-05,2026-20,2026-05-11,Monday,0,Harris County JP 4-1
Mon 5-11-2026 @ 8:30 am — Harris County JP 1-1 w/Judge Carter — 24 Cases,https://jpwebsite.harriscountytx.gov/WebDockets/GetDocketDetail?date=05/11/2026&court=11&media=screen#0830AM,5/11/2026 8:30am,5/11/2026 9:30am,24,Judge Carter,2026,2026-05,2026-20,2026-05-11,Monday,0,Harris County JP 1-1
Mon 5-11-2026 @ 9:30 am — Harris County JP 1-1 w/Judge Carter — 24 Cases,https://jpwebsite.harriscountytx.gov/WebDockets/GetDocketDetail?date=05/11/2026&court=11&media=screen#0930AM,5/11/2026 9:30am,5/11/2026 10:30am,24,Judge Carter,2026,2026-05,2026-20,2026-05-11,Monday,0,Harris County JP 1-1
Mon 5-11-2026 @ 10:30 am — Harris County JP 1-1 w/Judge Carter — 17 Cases,https://jpwebsite.harriscountytx.gov/WebDockets/GetDocketDetail?date=05/11/2026&court=11&media=screen#1030AM,5/11/2026 10:30am,5/11/2026 11:15am,17,Judge Carter,2026,2026-05,2026-20,2026-05-11,Monday,0,Harris County JP 1-1
Mon 5-11-2026 @ 8:00 am — Harris County JP 2-1 w/Judge Delgado — 19 Cases,https://jpwebsite.harriscountytx.gov/WebDockets/GetDocketDetail?date=05/11/2026&court=21&media=screen#0800AM,5/11/2026 8:00am,5/11/2026 9:00am,19,Judge Delgado,2026,2026-05,2026-20,2026-05-11,Monday,0,Harris County JP 2-1
Mon 5-11-2026 @ 2:30 pm — Harris County JP 2-1 w/Judge Delgado — 1 Cases,https://jpwebsite.harriscountytx.gov/WebDockets/GetDocketDetail?date=05/11/2026&court=21&media=screen#0230PM,5/11/2026 2:30pm,5/11/2026 3:30pm,1,Judge Delgado,2026,2026-05,2026-20,2026-05-11,Monday,0,Harris County JP 2-1
Mon 5-11-2026 @ 1:00 pm — Harris County JP 5-2 w/Judge Wolfe — 107 Cases,https://jpwebsite.harriscountytx.gov/WebDockets/GetDocketDetail?date=05/11/2026&court=52&media=screen#0100PM,5/11/2026 1:00pm,5/11/2026 1:30pm,107,Judge Wolfe,2026,2026-05,2026-20,2026-05-11,Monday,0,Harris County JP 5-2
Mon 5-11-2026 @ 9:00 am — Harris County JP 6-2 w/Judge Rodriguez — 4 Cases,https://jpwebsite.harriscountytx.gov/WebDockets/GetDocketDetail?date=05/11/2026&court=62&media=screen#0900AM,5/11/2026 9:00am,5/12/2026 9:00am,4,Judge Rodriguez,2026,2026-05,2026-20,2026-05-11,Monday,0,Harris County JP 6-2
Tue 5-12-2026 @ 10:00 am — Harris County JP 1-2 w/Judge Duble — 1 Cases,https://jpwebsite.harriscountytx.gov/WebDockets/GetDocketDetail?date=05/12/2026&court=12&media=screen#1000AM,5/12/2026 10:00am,5/12/2026 1:00pm,1,Judge Duble,2026,2026-05,2026-20,2026-05-12,Tuesday,0,Harris County JP 1-2
Tue 5-12-2026 @ 9:00 am — Harris County JP 7-2 w/Judge Burney — 55 Cases,https://jpwebsite.harriscountytx.gov/WebDockets/GetDocketDetail?date=05/12/2026&court=72&media=screen#0900AM,5/12/2026 9:00am,5/12/2026 11:00am,55,Judge Burney,2026,2026-05,2026-20,2026-05-12,Tuesday,0,Harris County JP 7-2
Tue 5-12-2026 @ 10:30 am — Harris County JP 1-1 w/Judge Carter — 17 Cases,https://jpwebsite.harriscountytx.gov/WebDockets/GetDocketDetail?date=05/12/2026&court=11&media=screen#1030AM,5/12/2026 10:30am,5/12/2026 11:00am,17,Judge Carter,2026,2026-05,2026-20,2026-05-12,Tuesday,0,Harris County JP 1-1
Tue 5-12-2026 @ 9:00 am — Harris County JP 4-1 w/Judge Goodwin — 48 Cases,https://jpwebsite.harriscountytx.gov/WebDockets/GetDocketDetail?date=05/12/2026&court=41&media=screen#0900AM,5/12/2026 9:00am,5/12/2026 9:30am,48,Judge Goodwin,2026,2026-05,2026-20,2026-05-12,Tuesday,0,Harris County JP 4-1
Tue 5-12-2026 @ 1:00 pm — Harris County JP 5-2 w/Judge Wolfe — 30 Cases,https://jpwebsite.harriscountytx.gov/WebDockets/GetDocketDetail?date=05/12/2026&court=52&media=screen#0100PM,5/12/2026 1:00pm,5/12/2026 1:30pm,30,Judge Wolfe,2026,2026-05,2026-20,2026-05-12,Tuesday,0,Harris County JP 5-2
Tue 5-12-2026 @ 9:30 am — Harris County JP 1-1 w/Judge Carter — 20 Cases,https://jpwebsite.harriscountytx.gov/WebDockets/GetDocketDetail?date=05/12/2026&court=11&media=screen#0930AM,5/12/2026 9:30am,5/12/2026 10:30am,20,Judge Carter,2026,2026-05,2026-20,2026-05-12,Tuesday,0,Harris County JP 1-1
Tue 5-12-2026 @ 8:30 am — Harris County JP 1-1 w/Judge Carter — 16 Cases,https://jpwebsite.harriscountytx.gov/WebDockets/GetDocketDetail?date=05/12/2026&court=11&media=screen#0830AM,5/12/2026 8:30am,5/12/2026 9:30am,16,Judge Carter,2026,2026-05,2026-20,2026-05-12,Tuesday,0,Harris County JP 1-1
Tue 5-12-2026 @ 9:30 am — Harris County JP 1-2 w/Judge Duble — 11 Cases,https://jpwebsite.harriscountytx.gov/WebDockets/GetDocketDetail?date=05/12/2026&court=12&media=screen#0930AM,5/12/2026 9:30am,5/12/2026 10:00am,11,Judge Duble,2026,2026-05,2026-20,2026-05-12,Tuesday,0,Harris County JP 1-2
Tue 5-12-2026 @ 1:00 pm — Harris County JP 1-2 w/Judge Duble — 2 Cases,https://jpwebsite.harriscountytx.gov/WebDockets/GetDocketDetail?date=05/12/2026&court=12&media=screen#0100PM,5/12/2026 1:00pm,5/12/2026 2:00pm,2,Judge Duble,2026,2026-05,2026-20,2026-05-12,Tuesday,0,Harris County JP 1-2
Tue 5-12-2026 @ 9:00 am — Harris County JP 3-1 w/Judge Stephens — 38 Cases,https://jpwebsite.harriscountytx.gov/WebDockets/GetDocketDetail?date=05/12/2026&court=31&media=screen#0900AM,5/12/2026 9:00am,5/12/2026 10:30am,38,Judge Stephens,2026,2026-05,2026-20,2026-05-12,Tuesday,0,Harris County JP 3-1
Tue 5-12-2026 @ 10:30 am — Harris County JP 3-1 w/Judge Stephens — 28 Cases,https://jpwebsite.harriscountytx.gov/WebDockets/GetDocketDetail?date=05/12/2026&court=31&media=screen#1030AM,5/12/2026 10:30am,5/12/2026 11:00am,28,Judge Stephens,2026,2026-05,2026-20,2026-05-12,Tuesday,0,Harris County JP 3-1
Tue 5-12-2026 @ 11:00 am — Harris County JP 4-2 w/Judge Korduba — 8 Cases,https://jpwebsite.harriscountytx.gov/WebDockets/GetDocketDetail?date=05/12/2026&court=42&media=screen#1100AM,5/12/2026 11:00am,5/12/2026 1:00pm,8,Judge Korduba,2026,2026-05,2026-20,2026-05-12,Tuesday,0,Harris County JP 4-2
Tue 5-12-2026 @ 1:00 pm — Harris County JP 4-2 w/Judge Korduba — 17 Cases,https://jpwebsite.harriscountytx.gov/WebDockets/GetDocketDetail?date=05/12/2026&court=42&media=screen#0100PM,5/12/2026 1:00pm,5/12/2026 2:00pm,17,Judge Korduba,2026,2026-05,2026-20,2026-05-12,Tuesday,0,Harris County JP 4-2
Tue 5-12-2026 @ 10:00 am — Harris County JP 4-2 w/Judge Korduba — 24 Cases,https://jpwebsite.harriscountytx.gov/WebDockets/GetDocketDetail?date=05/12/2026&court=42&media=screen#1000AM,5/12/2026 10:00am,5/12/2026 11:00am,24,Judge Korduba,2026,2026-05,2026-20,2026-05-12,Tuesday,0,Harris County JP 4-2
Tue 5-12-2026 @ 1:30 pm — Harris County JP 5-1 w/Judge Lombardino — 29 Cases,https://jpwebsite.harriscountytx.gov/WebDockets/GetDocketDetail?date=05/12/2026&court=51&media=screen#0130PM,5/12/2026 1:30pm,5/12/2026 8:30am,29,Judge Lombardino,2026,2026-05,2026-20,2026-05-12,Tuesday,0,Harris County JP 5-1
Tue 5-12-2026 @ 11:00 am — Harris County JP 7-2 w/Judge Burney — 11 Cases,https://jpwebsite.harriscountytx.gov/WebDockets/GetDocketDetail?date=05/12/2026&court=72&media=screen#1100AM,5/12/2026 11:00am,5/12/2026 11:30am,11,Judge Burney,2026,2026-05,2026-20,2026-05-12,Tuesday,0,Harris County JP 7-2
Wed 5-13-2026 @ 8:30 am — Harris County JP 1-1 w/Judge Carter — 16 Cases,https://jpwebsite.harriscountytx.gov/WebDockets/GetDocketDetail?date=05/13/2026&court=11&media=screen#0830AM,5/13/2026 8:30am,5/13/2026 9:30am,16,Judge Carter,2026,2026-05,2026-20,2026-05-13,Wednesday,0,Harris County JP 1-1
Wed 5-13-2026 @ 8:30 am — Harris County JP 5-1 w/Judge Lombardino — 72 Cases,https://jpwebsite.harriscountytx.gov/WebDockets/GetDocketDetail?date=05/13/2026&court=51&media=screen#0830AM,5/13/2026 8:30am,5/13/2026 9:00am,72,Judge Lombardino,2026,2026-05,2026-20,2026-05-13,Wednesday,0,Harris County JP 5-1
Wed 5-13-2026 @ 9:30 am — Harris County JP 1-1 w/Judge Carter — 14 Cases,https://jpwebsite.harriscountytx.gov/WebDockets/GetDocketDetail?date=05/13/2026&court=11&media=screen#0930AM,5/13/2026 9:30am,5/13/2026 10:30am,14,Judge Carter,2026,2026-05,2026-20,2026-05-13,Wednesday,0,Harris County JP 1-1
Wed 5-13-2026 @ 10:30 am — Harris County JP 1-1 w/Judge Carter — 16 Cases,https://jpwebsite.harriscountytx.gov/WebDockets/GetDocketDetail?date=05/13/2026&court=11&media=screen#1030AM,5/13/2026 10:30am,5/13/2026 11:00am,16,Judge Carter,2026,2026-05,2026-20,2026-05-13,Wednesday,0,Harris County JP 1-1
Wed 5-13-2026 @ 8:00 am — Harris County JP 2-1 w/Judge Delgado — 19 Cases,https://jpwebsite.harriscountytx.gov/WebDockets/GetDocketDetail?date=05/13/2026&court=21&media=screen#0800AM,5/13/2026 8:00am,5/13/2026 9:00am,19,Judge Delgado,2026,2026-05,2026-20,2026-05-13,Wednesday,0,Harris County JP 2-1
Wed 5-13-2026 @ 9:00 am — Harris County JP 4-1 w/Judge Goodwin — 1 Cases,https://jpwebsite.harriscountytx.gov/WebDockets/GetDocketDetail?date=05/13/2026&court=41&media=screen#0900AM,5/13/2026 9:00am,5/13/2026 9:30am,1,Judge Goodwin,2026,2026-05,2026-20,2026-05-13,Wednesday,0,Harris County JP 4-1
Wed 5-13-2026 @ 9:00 am — Harris County JP 6-1 w/Judge Treviño — 14 Cases,https://jpwebsite.harriscountytx.gov/WebDockets/GetDocketDetail?date=05/13/2026&court=61&media=screen#0900AM,5/13/2026 9:00am,5/13/2026 12:45pm,14,Judge Treviño,2026,2026-05,2026-20,2026-05-13,Wednesday,0,Harris County JP 6-1
Wed 5-13-2026 @ 2:30 pm — Harris County JP 7-1 w/Judge Adams — 52 Cases,https://jpwebsite.harriscountytx.gov/WebDockets/GetDocketDetail?date=05/13/2026&court=71&media=screen#0230PM,5/13/2026 2:30pm,5/13/2026 3:00pm,52,Judge Adams,2026,2026-05,2026-20,2026-05-13,Wednesday,0,Harris County JP 7-1
Wed 5-13-2026 @ 9:00 am — Harris County JP 7-1 w/Judge Adams — 70 Cases,https://jpwebsite.harriscountytx.gov/WebDockets/GetDocketDetail?date=05/13/2026&court=71&media=screen#0900AM,5/13/2026 9:00am,5/13/2026 2:30pm,70,Judge Adams,2026,2026-05,2026-20,2026-05-13,Wednesday,0,Harris County JP 7-1
Thu 5-14-2026 @ 9:00 am — Harris County JP 4-1 w/Judge Goodwin — 5 Cases,https://jpwebsite.harriscountytx.gov/WebDockets/GetDocketDetail?date=05/14/2026&court=41&media=screen#0900AM,5/14/2026 9:00am,5/14/2026 9:30am,5,Judge Goodwin,2026,2026-05,2026-20,2026-05-14,Thursday,0,Harris County JP 4-1
Thu 5-14-2026 @ 8:00 am — Harris County JP 2-1 w/Judge Delgado — 15 Cases,https://jpwebsite.harriscountytx.gov/WebDockets/GetDocketDetail?date=05/14/2026&court=21&media=screen#0800AM,5/14/2026 8:00am,5/14/2026 9:00am,15,Judge Delgado,2026,2026-05,2026-20,2026-05-14,Thursday,0,Harris County JP 2-1
Thu 5-14-2026 @ 9:00 am — Harris County JP 2-2 w/Judge Lozano — 10 Cases,https://jpwebsite.harriscountytx.gov/WebDockets/GetDocketDetail?date=05/14/2026&court=22&media=screen#0900AM,5/14/2026 9:00am,5/14/2026 10:00am,10,Judge Lozano,2026,2026-05,2026-20,2026-05-14,Thursday,0,Harris County JP 2-2
Thu 5-14-2026 @ 10:00 am — Harris County JP 2-2 w/Judge Lozano — 3 Cases,https://jpwebsite.harriscountytx.gov/WebDockets/GetDocketDetail?date=05/14/2026&court=22&media=screen#1000AM,5/14/2026 10:00am,5/14/2026 11:00am,3,Judge Lozano,2026,2026-05,2026-20,2026-05-14,Thursday,0,Harris County JP 2-2
Thu 5-14-2026 @ 2:30 pm — Harris County JP 5-2 w/Judge Wolfe — 95 Cases,https://jpwebsite.harriscountytx.gov/WebDockets/GetDocketDetail?date=05/14/2026&court=52&media=screen#0230PM,5/14/2026 2:30pm,5/14/2026 3:00pm,95,Judge Wolfe,2026,2026-05,2026-20,2026-05-14,Thursday,0,Harris County JP 5-2
Thu 5-14-2026 @ 9:00 am — Harris County JP 6-2 w/Judge Rodriguez — 2 Cases,https://jpwebsite.harriscountytx.gov/WebDockets/GetDocketDetail?date=05/14/2026&court=62&media=screen#0900AM,5/14/2026 9:00am,5/14/2026 9:00am,2,Judge Rodriguez,2026,2026-05,2026-20,2026-05-14,Thursday,0,Harris County JP 6-2
Thu 5-14-2026 @ 9:00 am — Harris County JP 8-1 w/Judge Williamson — 18 Cases,https://jpwebsite.harriscountytx.gov/WebDockets/GetDocketDetail?date=05/14/2026&court=81&media=screen#0900AM,5/14/2026 9:00am,5/14/2026 10:00am,18,Judge Williamson,2026,2026-05,2026-20,2026-05-14,Thursday,0,Harris County JP 8-1
Thu 5-14-2026 @ 2:00 pm — Harris County JP 8-2 w/Judge Ditta — 8 Cases,https://jpwebsite.harriscountytx.gov/WebDockets/GetDocketDetail?date=05/14/2026&court=82&media=screen#0200PM,5/14/2026 2:00pm,5/14/2026 2:30pm,8,Judge Ditta,2026,2026-05,2026-20,2026-05-14,Thursday,0,Harris County JP 8-2
Fri 5-15-2026 @ 9:00 am — Harris County JP 5-1 w/Judge Lombardino — 11 Cases,https://jpwebsite.harriscountytx.gov/WebDockets/GetDocketDetail?date=05/15/2026&court=51&media=screen#0900AM,5/15/2026 9:00am,5/15/2026 9:30am,11,Judge Lombardino,2026,2026-05,2026-20,2026-05-15,Friday,0,Harris County JP 5-1
Fri 5-15-2026 @ 9:00 am — Harris County JP 6-2 w/Judge Rodriguez — 9 Cases,https://jpwebsite.harriscountytx.gov/WebDockets/GetDocketDetail?date=05/15/2026&court=62&media=screen#0900AM,5/15/2026 9:00am,5/16/2026 9:00am,9,Judge Rodriguez,2026,2026-05,2026-20,2026-05-15,Friday,0,Harris County JP 6-2
Mon 5-18-2026 @ 9:00 am — Harris County JP 4-1 w/Judge Goodwin — 109 Cases,https://jpwebsite.harriscountytx.gov/WebDockets/GetDocketDetail?date=05/18/2026&court=41&media=screen#0900AM,5/18/2026 9:00am,5/18/2026 9:30am,109,Judge Goodwin,2026,2026-05,2026-21,2026-05-18,Monday,0,Harris County JP 4-1
Mon 5-18-2026 @ 8:30 am — Harris County JP 1-1 w/Judge Carter — 32 Cases,https://jpwebsite.harriscountytx.gov/WebDockets/GetDocketDetail?date=05/18/2026&court=11&media=screen#0830AM,5/18/2026 8:30am,5/18/2026 9:30am,32,Judge Carter,2026,2026-05,2026-21,2026-05-18,Monday,0,Harris County JP 1-1
Mon 5-18-2026 @ 10:30 am — Harris County JP 1-1 w/Judge Carter — 35 Cases,https://jpwebsite.harriscountytx.gov/WebDockets/GetDocketDetail?date=05/18/2026&court=11&media=screen#1030AM,5/18/2026 10:30am,5/18/2026 11:00am,35,Judge Carter,2026,2026-05,2026-21,2026-05-18,Monday,0,Harris County JP 1-1
Mon 5-18-2026 @ 9:30 am — Harris County JP 1-1 w/Judge Carter — 34 Cases,https://jpwebsite.harriscountytx.gov/WebDockets/GetDocketDetail?date=05/18/2026&court=11&media=screen#0930AM,5/18/2026 9:30am,5/18/2026 10:30am,34,Judge Carter,2026,2026-05,2026-21,2026-05-18,Monday,0,Harris County JP 1-1
Mon 5-18-2026 @ 2:30 pm — Harris County JP 2-1 w/Judge Delgado — 1 Cases,https://jpwebsite.harriscountytx.gov/WebDockets/GetDocketDetail?date=05/18/2026&court=21&media=screen#0230PM,5/18/2026 2:30pm,5/18/2026 8:00am,1,Judge Delgado,2026,2026-05,2026-21,2026-05-18,Monday,0,Harris County JP 2-1
Mon 5-18-2026 @ 8:00 am — Harris County JP 2-1 w/Judge Delgado — 20 Cases,https://jpwebsite.harriscountytx.gov/WebDockets/GetDocketDetail?date=05/18/2026&court=21&media=screen#0800AM,5/18/2026 8:00am,5/18/2026 9:00am,20,Judge Delgado,2026,2026-05,2026-21,2026-05-18,Monday,0,Harris County JP 2-1
Mon 5-18-2026 @ 1:00 pm — Harris County JP 4-1 w/Judge Goodwin — 20 Cases,https://jpwebsite.harriscountytx.gov/WebDockets/GetDocketDetail?date=05/18/2026&court=41&media=screen#0100PM,5/18/2026 1:00pm,5/18/2026 1:30pm,20,Judge Goodwin,2026,2026-05,2026-21,2026-05-18,Monday,0,Harris County JP 4-1
Mon 5-18-2026 @ 1:00 pm — Harris County JP 5-2 w/Judge Wolfe — 98 Cases,https://jpwebsite.harriscountytx.gov/WebDockets/GetDocketDetail?date=05/18/2026&court=52&media=screen#0100PM,5/18/2026 1:00pm,5/18/2026 1:30pm,98,Judge Wolfe,2026,2026-05,2026-21,2026-05-18,Monday,0,Harris County JP 5-2
Mon 5-18-2026 @ 9:00 am — Harris County JP 6-2 w/Judge Rodriguez — 5 Cases,https://jpwebsite.harriscountytx.gov/WebDockets/GetDocketDetail?date=05/18/2026&court=62&media=screen#0900AM,5/18/2026 9:00am,5/20/2026 9:00am,5,Judge Rodriguez,2026,2026-05,2026-21,2026-05-18,Monday,0,Harris County JP 6-2
Mon 5-18-2026 @ 9:00 am — Harris County JP 8-1 w/Judge Williamson — 20 Cases,https://jpwebsite.harriscountytx.gov/WebDockets/GetDocketDetail?date=05/18/2026&court=81&media=screen#0900AM,5/18/2026 9:00am,5/18/2026 1:00pm,20,Judge Williamson,2026,2026-05,2026-21,2026-05-18,Monday,0,Harris County JP 8-1
Tue 5-19-2026 @ 2:30 pm — Harris County JP 5-2 w/Judge Wolfe — 100 Cases,https://jpwebsite.harriscountytx.gov/WebDockets/GetDocketDetail?date=05/19/2026&court=52&media=screen#0230PM,5/19/2026 2:30pm,5/19/2026 3:00pm,100,Judge Wolfe,2026,2026-05,2026-21,2026-05-19,Tuesday,0,Harris County JP 5-2
Tue 5-19-2026 @ 9:00 am — Harris County JP 4-1 w/Judge Goodwin — 105 Cases,https://jpwebsite.harriscountytx.gov/WebDockets/GetDocketDetail?date=05/19/2026&court=41&media=screen#0900AM,5/19/2026 9:00am,5/19/2026 9:30am,105,Judge Goodwin,2026,2026-05,2026-21,2026-05-19,Tuesday,0,Harris County JP 4-1
Tue 5-19-2026 @ 9:30 am — Harris County JP 1-2 w/Judge Duble — 5 Cases,https://jpwebsite.harriscountytx.gov/WebDockets/GetDocketDetail?date=05/19/2026&court=12&media=screen#0930AM,5/19/2026 9:30am,5/19/2026 1:00pm,5,Judge Duble,2026,2026-05,2026-21,2026-05-19,Tuesday,0,Harris County JP 1-2
Tue 5-19-2026 @ 2:00 pm — Harris County JP 1-2 w/Judge Duble — 1 Cases,https://jpwebsite.harriscountytx.gov/WebDockets/GetDocketDetail?date=05/19/2026&court=12&media=screen#0200PM,5/19/2026 2:00pm,5/19/2026 2:30pm,1,Judge Duble,2026,2026-05,2026-21,2026-05-19,Tuesday,0,Harris County JP 1-2
Tue 5-19-2026 @ 1:00 pm — Harris County JP 1-2 w/Judge Duble — 4 Cases,https://jpwebsite.harriscountytx.gov/WebDockets/GetDocketDetail?date=05/19/2026&court=12&media=screen#0100PM,5/19/2026 1:00pm,5/19/2026 2:00pm,4,Judge Duble,2026,2026-05,2026-21,2026-05-19,Tuesday,0,Harris County JP 1-2
Tue 5-19-2026 @ 8:00 am — Harris County JP 2-1 w/Judge Delgado — 15 Cases,https://jpwebsite.harriscountytx.gov/WebDockets/GetDocketDetail?date=05/19/2026&court=21&media=screen#0800AM,5/19/2026 8:00am,5/19/2026 9:00am,15,Judge Delgado,2026,2026-05,2026-21,2026-05-19,Tuesday,0,Harris County JP 2-1
Tue 5-19-2026 @ 10:30 am — Harris County JP 3-1 w/Judge Stephens — 33 Cases,https://jpwebsite.harriscountytx.gov/WebDockets/GetDocketDetail?date=05/19/2026&court=31&media=screen#1030AM,5/19/2026 10:30am,5/19/2026 11:30am,33,Judge Stephens,2026,2026-05,2026-21,2026-05-19,Tuesday,0,Harris County JP 3-1
Tue 5-19-2026 @ 9:00 am — Harris County JP 3-1 w/Judge Stephens — 29 Cases,https://jpwebsite.harriscountytx.gov/WebDockets/GetDocketDetail?date=05/19/2026&court=31&media=screen#0900AM,5/19/2026 9:00am,5/19/2026 10:30am,29,Judge Stephens,2026,2026-05,2026-21,2026-05-19,Tuesday,0,Harris County JP 3-1
Tue 5-19-2026 @ 1:00 pm — Harris County JP 4-2 w/Judge Korduba — 26 Cases,https://jpwebsite.harriscountytx.gov/WebDockets/GetDocketDetail?date=05/19/2026&court=42&media=screen#0100PM,5/19/2026 1:00pm,5/19/2026 2:00pm,26,Judge Korduba,2026,2026-05,2026-21,2026-05-19,Tuesday,0,Harris County JP 4-2
Tue 5-19-2026 @ 10:00 am — Harris County JP 4-2 w/Judge Korduba — 17 Cases,https://jpwebsite.harriscountytx.gov/WebDockets/GetDocketDetail?date=05/19/2026&court=42&media=screen#1000AM,5/19/2026 10:00am,5/19/2026 11:00am,17,Judge Korduba,2026,2026-05,2026-21,2026-05-19,Tuesday,0,Harris County JP 4-2
Tue 5-19-2026 @ 11:00 am — Harris County JP 4-2 w/Judge Korduba — 16 Cases,https://jpwebsite.harriscountytx.gov/WebDockets/GetDocketDetail?date=05/19/2026&court=42&media=screen#1100AM,5/19/2026 11:00am,5/19/2026 12:00pm,16,Judge Korduba,2026,2026-05,2026-21,2026-05-19,Tuesday,0,Harris County JP 4-2
Tue 5-19-2026 @ 1:30 pm — Harris County JP 5-1 w/Judge Lombardino — 77 Cases,https://jpwebsite.harriscountytx.gov/WebDockets/GetDocketDetail?date=05/19/2026&court=51&media=screen#0130PM,5/19/2026 1:30pm,5/19/2026 2:00pm,77,Judge Lombardino,2026,2026-05,2026-21,2026-05-19,Tuesday,0,Harris County JP 5-1
Tue 5-19-2026 @ 9:00 am — Harris County JP 7-2 w/Judge Burney — 73 Cases,https://jpwebsite.harriscountytx.gov/WebDockets/GetDocketDetail?date=05/19/2026&court=72&media=screen#0900AM,5/19/2026 9:00am,5/19/2026 11:00am,73,Judge Burney,2026,2026-05,2026-21,2026-05-19,Tuesday,0,Harris County JP 7-2
Tue 5-19-2026 @ 11:00 am — Harris County JP 7-2 w/Judge Burney — 10 Cases,https://jpwebsite.harriscountytx.gov/WebDockets/GetDocketDetail?date=05/19/2026&court=72&media=screen#1100AM,5/19/2026 11:00am,5/19/2026 12:00pm,10,Judge Burney,2026,2026-05,2026-21,2026-05-19,Tuesday,0,Harris County JP 7-2
Wed 5-20-2026 @ 8:30 am — Harris County JP 1-1 w/Judge Carter — 29 Cases,https://jpwebsite.harriscountytx.gov/WebDockets/GetDocketDetail?date=05/20/2026&court=11&media=screen#0830AM,5/20/2026 8:30am,5/20/2026 9:30am,29,Judge Carter,2026,2026-05,2026-21,2026-05-20,Wednesday,0,Harris County JP 1-1
Wed 5-20-2026 @ 10:30 am — Harris County JP 1-1 w/Judge Carter — 24 Cases,https://jpwebsite.harriscountytx.gov/WebDockets/GetDocketDetail?date=05/20/2026&court=11&media=screen#1030AM,5/20/2026 10:30am,5/20/2026 11:00am,24,Judge Carter,2026,2026-05,2026-21,2026-05-20,Wednesday,0,Harris County JP 1-1
Wed 5-20-2026 @ 9:30 am — Harris County JP 1-1 w/Judge Carter — 31 Cases,https://jpwebsite.harriscountytx.gov/WebDockets/GetDocketDetail?date=05/20/2026&court=11&media=screen#0930AM,5/20/2026 9:30am,5/20/2026 10:30am,31,Judge Carter,2026,2026-05,2026-21,2026-05-20,Wednesday,0,Harris County JP 1-1
Wed 5-20-2026 @ 9:30 am — Harris County JP 3-2 w/Judge Bates — 17 Cases,https://jpwebsite.harriscountytx.gov/WebDockets/GetDocketDetail?date=05/20/2026&court=32&media=screen#0930AM,5/20/2026 9:30am,5/20/2026 10:00am,17,Judge Bates,2026,2026-05,2026-21,2026-05-20,Wednesday,0,Harris County JP 3-2
Wed 5-20-2026 @ 9:00 am — Harris County JP 6-1 w/Judge Treviño — 18 Cases,https://jpwebsite.harriscountytx.gov/WebDockets/GetDocketDetail?date=05/20/2026&court=61&media=screen#0900AM,5/20/2026 9:00am,5/20/2026 10:30am,18,Judge Treviño,2026,2026-05,2026-21,2026-05-20,Wednesday,0,Harris County JP 6-1
Wed 5-20-2026 @ 9:00 am — Harris County JP 7-1 w/Judge Adams — 51 Cases,https://jpwebsite.harriscountytx.gov/WebDockets/GetDocketDetail?date=05/20/2026&court=71&media=screen#0900AM,5/20/2026 9:00am,5/20/2026 9:30am,51,Judge Adams,2026,2026-05,2026-21,2026-05-20,Wednesday,0,Harris County JP 7-1
Wed 5-20-2026 @ 9:00 am — Harris County JP 4-1 w/Judge Goodwin — 1 Cases,https://jpwebsite.harriscountytx.gov/WebDockets/GetDocketDetail?date=05/20/2026&court=41&media=screen#0900AM,5/20/2026 9:00am,5/20/2026 9:30am,1,Judge Goodwin,2026,2026-05,2026-21,2026-05-20,Wednesday,0,Harris County JP 4-1
Thu 5-21-2026 @ 8:00 am — Harris County JP 2-1 w/Judge Delgado — 21 Cases,https://jpwebsite.harriscountytx.gov/WebDockets/GetDocketDetail?date=05/21/2026&court=21&media=screen#0800AM,5/21/2026 8:00am,5/21/2026 9:00am,21,Judge Delgado,2026,2026-05,2026-21,2026-05-21,Thursday,0,Harris County JP 2-1
Thu 5-21-2026 @ 9:00 am — Harris County JP 2-2 w/Judge Lozano — 12 Cases,https://jpwebsite.harriscountytx.gov/WebDockets/GetDocketDetail?date=05/21/2026&court=22&media=screen#0900AM,5/21/2026 9:00am,5/21/2026 10:00am,12,Judge Lozano,2026,2026-05,2026-21,2026-05-21,Thursday,0,Harris County JP 2-2
Thu 5-21-2026 @ 9:00 am — Harris County JP 4-1 w/Judge Goodwin — 28 Cases,https://jpwebsite.harriscountytx.gov/WebDockets/GetDocketDetail?date=05/21/2026&court=41&media=screen#0900AM,5/21/2026 9:00am,5/21/2026 9:30am,28,Judge Goodwin,2026,2026-05,2026-21,2026-05-21,Thursday,0,Harris County JP 4-1
Thu 5-21-2026 @ 2:30 pm — Harris County JP 5-2 w/Judge Wolfe — 88 Cases,https://jpwebsite.harriscountytx.gov/WebDockets/GetDocketDetail?date=05/21/2026&court=52&media=screen#0230PM,5/21/2026 2:30pm,5/21/2026 3:00pm,88,Judge Wolfe,2026,2026-05,2026-21,2026-05-21,Thursday,0,Harris County JP 5-2
Thu 5-21-2026 @ 2:00 pm — Harris County JP 8-2 w/Judge Ditta — 26 Cases,https://jpwebsite.harriscountytx.gov/WebDockets/GetDocketDetail?date=05/21/2026&court=82&media=screen#0200PM,5/21/2026 2:00pm,5/21/2026 2:30pm,26,Judge Ditta,2026,2026-05,2026-21,2026-05-21,Thursday,0,Harris County JP 8-2
Fri 5-22-2026 @ 9:00 am — Harris County JP 5-1 w/Judge Lombardino — 6 Cases,https://jpwebsite.harriscountytx.gov/WebDockets/GetDocketDetail?date=05/22/2026&court=51&media=screen#0900AM,5/22/2026 9:00am,5/22/2026 9:30am,6,Judge Lombardino,2026,2026-05,2026-21,2026-05-22,Friday,0,Harris County JP 5-1
Fri 5-22-2026 @ 9:00 am — Harris County JP 6-2 w/Judge Rodriguez — 5 Cases,https://jpwebsite.harriscountytx.gov/WebDockets/GetDocketDetail?date=05/22/2026&court=62&media=screen#0900AM,5/22/2026 9:00am,5/24/2026 9:00am,5,Judge Rodriguez,2026,2026-05,2026-21,2026-05-22,Friday,0,Harris County JP 6-2
Tue 5-26-2026 @ 9:30 am — Harris County JP 1-2 w/Judge Duble — 10 Cases,https://jpwebsite.harriscountytx.gov/WebDockets/GetDocketDetail?date=05/26/2026&court=12&media=screen#0930AM,5/26/2026 9:30am,5/26/2026 1:00pm,10,Judge Duble,2026,2026-05,2026-22,2026-05-26,Tuesday,0,Harris County JP 1-2
Tue 5-26-2026 @ 8:00 am — Harris County JP 2-1 w/Judge Delgado — 23 Cases,https://jpwebsite.harriscountytx.gov/WebDockets/GetDocketDetail?date=05/26/2026&court=21&media=screen#0800AM,5/26/2026 8:00am,5/26/2026 10:00am,23,Judge Delgado,2026,2026-05,2026-22,2026-05-26,Tuesday,0,Harris County JP 2-1
Tue 5-26-2026 @ 9:00 am — Harris County JP 3-1 w/Judge Stephens — 25 Cases,https://jpwebsite.harriscountytx.gov/WebDockets/GetDocketDetail?date=05/26/2026&court=31&media=screen#0900AM,5/26/2026 9:00am,5/26/2026 10:30am,25,Judge Stephens,2026,2026-05,2026-22,2026-05-26,Tuesday,0,Harris County JP 3-1
Tue 5-26-2026 @ 10:30 am — Harris County JP 3-1 w/Judge Stephens — 43 Cases,https://jpwebsite.harriscountytx.gov/WebDockets/GetDocketDetail?date=05/26/2026&court=31&media=screen#1030AM,5/26/2026 10:30am,5/26/2026 12:00pm,43,Judge Stephens,2026,2026-05,2026-22,2026-05-26,Tuesday,0,Harris County JP 3-1
Tue 5-26-2026 @ 1:00 pm — Harris County JP 4-1 w/Judge Goodwin — 14 Cases,https://jpwebsite.harriscountytx.gov/WebDockets/GetDocketDetail?date=05/26/2026&court=41&media=screen#0100PM,5/26/2026 1:00pm,5/26/2026 1:30pm,14,Judge Goodwin,2026,2026-05,2026-22,2026-05-26,Tuesday,0,Harris County JP 4-1
Tue 5-26-2026 @ 9:00 am — Harris County JP 4-1 w/Judge Goodwin — 64 Cases,https://jpwebsite.harriscountytx.gov/WebDockets/GetDocketDetail?date=05/26/2026&court=41&media=screen#0900AM,5/26/2026 9:00am,5/26/2026 9:30am,64,Judge Goodwin,2026,2026-05,2026-22,2026-05-26,Tuesday,0,Harris County JP 4-1
Tue 5-26-2026 @ 11:00 am — Harris County JP 4-2 w/Judge Korduba — 24 Cases,https://jpwebsite.harriscountytx.gov/WebDockets/GetDocketDetail?date=05/26/2026&court=42&media=screen#1100AM,5/26/2026 11:00am,5/26/2026 1:00pm,24,Judge Korduba,2026,2026-05,2026-22,2026-05-26,Tuesday,0,Harris County JP 4-2
Tue 5-26-2026 @ 1:00 pm — Harris County JP 4-2 w/Judge Korduba — 15 Cases,https://jpwebsite.harriscountytx.gov/WebDockets/GetDocketDetail?date=05/26/2026&court=42&media=screen#0100PM,5/26/2026 1:00pm,5/26/2026 2:00pm,15,Judge Korduba,2026,2026-05,2026-22,2026-05-26,Tuesday,0,Harris County JP 4-2
Tue 5-26-2026 @ 10:00 am — Harris County JP 4-2 w/Judge Korduba — 46 Cases,https://jpwebsite.harriscountytx.gov/WebDockets/GetDocketDetail?date=05/26/2026&court=42&media=screen#1000AM,5/26/2026 10:00am,5/26/2026 11:00am,46,Judge Korduba,2026,2026-05,2026-22,2026-05-26,Tuesday,0,Harris County JP 4-2
Tue 5-26-2026 @ 1:00 pm — Harris County JP 5-2 w/Judge Wolfe — 143 Cases,https://jpwebsite.harriscountytx.gov/WebDockets/GetDocketDetail?date=05/26/2026&court=52&media=screen#0100PM,5/26/2026 1:00pm,5/26/2026 1:30pm,143,Judge Wolfe,2026,2026-05,2026-22,2026-05-26,Tuesday,0,Harris County JP 5-2
Tue 5-26-2026 @ 9:00 am — Harris County JP 7-2 w/Judge Burney — 58 Cases,https://jpwebsite.harriscountytx.gov/WebDockets/GetDocketDetail?date=05/26/2026&court=72&media=screen#0900AM,5/26/2026 9:00am,5/27/2026 8:30am,58,Judge Burney,2026,2026-05,2026-22,2026-05-26,Tuesday,0,Harris County JP 7-2
Tue 5-26-2026 @ 1:00 pm — Harris County JP 1-2 w/Judge Duble — 1 Cases,https://jpwebsite.harriscountytx.gov/WebDockets/GetDocketDetail?date=05/26/2026&court=12&media=screen#0100PM,5/26/2026 1:00pm,5/26/2026 2:00pm,1,Judge Duble,2026,2026-05,2026-22,2026-05-26,Tuesday,0,Harris County JP 1-2
Wed 5-27-2026 @ 9:00 am — Harris County JP 7-1 w/Judge Adams — 70 Cases,https://jpwebsite.harriscountytx.gov/WebDockets/GetDocketDetail?date=05/27/2026&court=71&media=screen#0900AM,5/27/2026 9:00am,5/27/2026 9:30am,70,Judge Adams,2026,2026-05,2026-22,2026-05-27,Wednesday,0,Harris County JP 7-1
Wed 5-27-2026 @ 10:30 am — Harris County JP 1-1 w/Judge Carter — 32 Cases,https://jpwebsite.harriscountytx.gov/WebDockets/GetDocketDetail?date=05/27/2026&court=11&media=screen#1030AM,5/27/2026 10:30am,5/27/2026 11:00am,32,Judge Carter,2026,2026-05,2026-22,2026-05-27,Wednesday,0,Harris County JP 1-1
Wed 5-27-2026 @ 9:00 am — Harris County JP 4-1 w/Judge Goodwin — 53 Cases,https://jpwebsite.harriscountytx.gov/WebDockets/GetDocketDetail?date=05/27/2026&court=41&media=screen#0900AM,5/27/2026 9:00am,5/27/2026 9:30am,53,Judge Goodwin,2026,2026-05,2026-22,2026-05-27,Wednesday,0,Harris County JP 4-1
Wed 5-27-2026 @ 8:30 am — Harris County JP 5-1 w/Judge Lombardino — 58 Cases,https://jpwebsite.harriscountytx.gov/WebDockets/GetDocketDetail?date=05/27/2026&court=51&media=screen#0830AM,5/27/2026 8:30am,5/27/2026 9:00am,58,Judge Lombardino,2026,2026-05,2026-22,2026-05-27,Wednesday,0,Harris County JP 5-1
Wed 5-27-2026 @ 9:00 am — Harris County JP 6-1 w/Judge Treviño — 19 Cases,https://jpwebsite.harriscountytx.gov/WebDockets/GetDocketDetail?date=05/27/2026&court=61&media=screen#0900AM,5/27/2026 9:00am,5/28/2026 10:00am,19,Judge Treviño,2026,2026-05,2026-22,2026-05-27,Wednesday,0,Harris County JP 6-1
Wed 5-27-2026 @ 8:00 am — Harris County JP 2-1 w/Judge Delgado — 19 Cases,https://jpwebsite.harriscountytx.gov/WebDockets/GetDocketDetail?date=05/27/2026&court=21&media=screen#0800AM,5/27/2026 8:00am,5/27/2026 10:00am,19,Judge Delgado,2026,2026-05,2026-22,2026-05-27,Wednesday,0,Harris County JP 2-1
Thu 5-28-2026 @ 10:30 am — Harris County JP 1-1 w/Judge Carter — 30 Cases,https://jpwebsite.harriscountytx.gov/WebDockets/GetDocketDetail?date=05/28/2026&court=11&media=screen#1030AM,5/28/2026 10:30am,5/28/2026 11:00am,30,Judge Carter,2026,2026-05,2026-22,2026-05-28,Thursday,0,Harris County JP 1-1
Thu 5-28-2026 @ 9:30 am — Harris County JP 1-1 w/Judge Carter — 29 Cases,https://jpwebsite.harriscountytx.gov/WebDockets/GetDocketDetail?date=05/28/2026&court=11&media=screen#0930AM,5/28/2026 9:30am,5/28/2026 10:30am,29,Judge Carter,2026,2026-05,2026-22,2026-05-28,Thursday,0,Harris County JP 1-1
Thu 5-28-2026 @ 8:30 am — Harris County JP 1-1 w/Judge Carter — 32 Cases,https://jpwebsite.harriscountytx.gov/WebDockets/GetDocketDetail?date=05/28/2026&court=11&media=screen#0830AM,5/28/2026 8:30am,5/28/2026 9:30am,32,Judge Carter,2026,2026-05,2026-22,2026-05-28,Thursday,0,Harris County JP 1-1
Thu 5-28-2026 @ 9:00 am — Harris County JP 2-2 w/Judge Lozano — 19 Cases,https://jpwebsite.harriscountytx.gov/WebDockets/GetDocketDetail?date=05/28/2026&court=22&media=screen#0900AM,5/28/2026 9:00am,5/28/2026 10:00am,19,Judge Lozano,2026,2026-05,2026-22,2026-05-28,Thursday,0,Harris County JP 2-2
Thu 5-28-2026 @ 9:00 am — Harris County JP 3-2 w/Judge Bates — 10 Cases,https://jpwebsite.harriscountytx.gov/WebDockets/GetDocketDetail?date=05/28/2026&court=32&media=screen#0900AM,5/28/2026 9:00am,5/29/2026 5:00am,10,Judge Bates,2026,2026-05,2026-22,2026-05-28,Thursday,0,Harris County JP 3-2
Thu 5-28-2026 @ 9:00 am — Harris County JP 4-1 w/Judge Goodwin — 13 Cases,https://jpwebsite.harriscountytx.gov/WebDockets/GetDocketDetail?date=05/28/2026&court=41&media=screen#0900AM,5/28/2026 9:00am,5/28/2026 9:30am,13,Judge Goodwin,2026,2026-05,2026-22,2026-05-28,Thursday,0,Harris County JP 4-1
Thu 5-28-2026 @ 1:30 pm — Harris County JP 5-1 w/Judge Lombardino — 6 Cases,https://jpwebsite.harriscountytx.gov/WebDockets/GetDocketDetail?date=05/28/2026&court=51&media=screen#0130PM,5/28/2026 1:30pm,5/28/2026 2:00pm,6,Judge Lombardino,2026,2026-05,2026-22,2026-05-28,Thursday,0,Harris County JP 5-1
Thu 5-28-2026 @ 9:00 am — Harris County JP 8-1 w/Judge Williamson — 91 Cases,https://jpwebsite.harriscountytx.gov/WebDockets/GetDocketDetail?date=05/28/2026&court=81&media=screen#0900AM,5/28/2026 9:00am,5/28/2026 1:00pm,91,Judge Williamson,2026,2026-05,2026-22,2026-05-28,Thursday,0,Harris County JP 8-1
Thu 5-28-2026 @ 11:00 am — Harris County JP 2-2 w/Judge Lozano — 7 Cases,https://jpwebsite.harriscountytx.gov/WebDockets/GetDocketDetail?date=05/28/2026&court=22&media=screen#1100AM,5/28/2026 11:00am,5/28/2026 12:00pm,7,Judge Lozano,2026,2026-05,2026-22,2026-05-28,Thursday,0,Harris County JP 2-2
Thu 5-28-2026 @ 10:00 am — Harris County JP 2-2 w/Judge Lozano — 18 Cases,https://jpwebsite.harriscountytx.gov/WebDockets/GetDocketDetail?date=05/28/2026&court=22&media=screen#1000AM,5/28/2026 10:00am,5/28/2026 11:00am,18,Judge Lozano,2026,2026-05,2026-22,2026-05-28,Thursday,0,Harris County JP 2-2
Thu 5-28-2026 @ 2:30 pm — Harris County JP 5-2 w/Judge Wolfe — 148 Cases,https://jpwebsite.harriscountytx.gov/WebDockets/GetDocketDetail?date=05/28/2026&court=52&media=screen#0230PM,5/28/2026 2:30pm,5/28/2026 3:00pm,148,Judge Wolfe,2026,2026-05,2026-22,2026-05-28,Thursday,0,Harris County JP 5-2
Thu 5-28-2026 @ 2:00 pm — Harris County JP 8-2 w/Judge Ditta — 30 Cases,https://jpwebsite.harriscountytx.gov/WebDockets/GetDocketDetail?date=05/28/2026&court=82&media=screen#0200PM,5/28/2026 2:00pm,5/28/2026 6:30pm,30,Judge Ditta,2026,2026-05,2026-22,2026-05-28,Thursday,0,Harris County JP 8-2
Thu 5-28-2026 @ 10:00 am — Harris County JP 8-2 w/Judge Ditta — 18 Cases,https://jpwebsite.harriscountytx.gov/WebDockets/GetDocketDetail?date=05/28/2026&court=82&media=screen#1000AM,5/28/2026 10:00am,5/28/2026 2:00pm,18,Judge Ditta,2026,2026-05,2026-22,2026-05-28,Thursday,0,Harris County JP 8-2
Fri 5-29-2026 @ 9:00 am — Harris County JP 5-1 w/Judge Lombardino — 10 Cases,https://jpwebsite.harriscountytx.gov/WebDockets/GetDocketDetail?date=05/29/2026&court=51&media=screen#0900AM,5/29/2026 9:00am,5/29/2026 9:30am,10,Judge Lombardino,2026,2026-05,2026-22,2026-05-29,Friday,0,Harris County JP 5-1
Fri 5-29-2026 @ 9:00 am — Harris County JP 6-2 w/Judge Rodriguez — 17 Cases,https://jpwebsite.harriscountytx.gov/WebDockets/GetDocketDetail?date=05/29/2026&court=62&media=screen#0900AM,5/29/2026 9:00am,5/30/2026 9:00am,17,Judge Rodriguez,2026,2026-05,2026-22,2026-05-29,Friday,0,Harris County JP 6-2
Fri 5-29-2026 @ 9:00 am — Harris County JP 4-1 w/Judge Goodwin — 1 Cases,https://jpwebsite.harriscountytx.gov/WebDockets/GetDocketDetail?date=05/29/2026&court=41&media=screen#0900AM,5/29/2026 9:00am,5/29/2026 9:30am,1,Judge Goodwin,2026,2026-05,2026-22,2026-05-29,Friday,0,Harris County JP 4-1
Mon 6-1-2026 @ 8:30 am — Harris County JP 1-1 w/Judge Carter — 23 Cases,https://jpwebsite.harriscountytx.gov/WebDockets/GetDocketDetail?date=06/01/2026&court=11&media=screen#0830AM,6/1/2026 8:30am,6/1/2026 9:30am,23,Judge Carter,2026,2026-06,2026-23,2026-06-01,Monday,0,Harris County JP 1-1
Mon 6-1-2026 @ 11:15 am — Harris County JP 1-1 w/Judge Carter — 4 Cases,https://jpwebsite.harriscountytx.gov/WebDockets/GetDocketDetail?date=06/01/2026&court=11&media=screen#1115AM,6/1/2026 11:15am,6/1/2026 11:45am,4,Judge Carter,2026,2026-06,2026-23,2026-06-01,Monday,0,Harris County JP 1-1
Mon 6-1-2026 @ 1:00 pm — Harris County JP 4-1 w/Judge Goodwin — 143 Cases,https://jpwebsite.harriscountytx.gov/WebDockets/GetDocketDetail?date=06/01/2026&court=41&media=screen#0100PM,6/1/2026 1:00pm,6/1/2026 1:30pm,143,Judge Goodwin,2026,2026-06,2026-23,2026-06-01,Monday,0,Harris County JP 4-1
Mon 6-1-2026 @ 9:00 am — Harris County JP 4-1 w/Judge Goodwin — 173 Cases,https://jpwebsite.harriscountytx.gov/WebDockets/GetDocketDetail?date=06/01/2026&court=41&media=screen#0900AM,6/1/2026 9:00am,6/1/2026 9:30am,173,Judge Goodwin,2026,2026-06,2026-23,2026-06-01,Monday,0,Harris County JP 4-1
Mon 6-1-2026 @ 10:30 am — Harris County JP 1-1 w/Judge Carter — 25 Cases,https://jpwebsite.harriscountytx.gov/WebDockets/GetDocketDetail?date=06/01/2026&court=11&media=screen#1030AM,6/1/2026 10:30am,6/1/2026 11:15am,25,Judge Carter,2026,2026-06,2026-23,2026-06-01,Monday,0,Harris County JP 1-1
Mon 6-1-2026 @ 9:30 am — Harris County JP 1-1 w/Judge Carter — 25 Cases,https://jpwebsite.harriscountytx.gov/WebDockets/GetDocketDetail?date=06/01/2026&court=11&media=screen#0930AM,6/1/2026 9:30am,6/1/2026 10:30am,25,Judge Carter,2026,2026-06,2026-23,2026-06-01,Monday,0,Harris County JP 1-1
Mon 6-1-2026 @ 8:00 am — Harris County JP 2-1 w/Judge Delgado — 15 Cases,https://jpwebsite.harriscountytx.gov/WebDockets/GetDocketDetail?date=06/01/2026&court=21&media=screen#0800AM,6/1/2026 8:00am,6/1/2026 9:30am,15,Judge Delgado,2026,2026-06,2026-23,2026-06-01,Monday,0,Harris County JP 2-1
Mon 6-1-2026 @ 9:30 am — Harris County JP 2-1 w/Judge Delgado — 12 Cases,https://jpwebsite.harriscountytx.gov/WebDockets/GetDocketDetail?date=06/01/2026&court=21&media=screen#0930AM,6/1/2026 9:30am,6/1/2026 10:00am,12,Judge Delgado,2026,2026-06,2026-23,2026-06-01,Monday,0,Harris County JP 2-1
Mon 6-1-2026 @ 9:30 am — Harris County JP 3-2 w/Judge Bates — 22 Cases,https://jpwebsite.harriscountytx.gov/WebDockets/GetDocketDetail?date=06/01/2026&court=32&media=screen#0930AM,6/1/2026 9:30am,6/2/2026 9:00am,22,Judge Bates,2026,2026-06,2026-23,2026-06-01,Monday,0,Harris County JP 3-2
Mon 6-1-2026 @ 1:00 pm — Harris County JP 5-2 w/Judge Wolfe — 100 Cases,https://jpwebsite.harriscountytx.gov/WebDockets/GetDocketDetail?date=06/01/2026&court=52&media=screen#0100PM,6/1/2026 1:00pm,6/1/2026 1:30pm,100,Judge Wolfe,2026,2026-06,2026-23,2026-06-01,Monday,0,Harris County JP 5-2
Mon 6-1-2026 @ 9:00 am — Harris County JP 6-2 w/Judge Rodriguez — 24 Cases,https://jpwebsite.harriscountytx.gov/WebDockets/GetDocketDetail?date=06/01/2026&court=62&media=screen#0900AM,6/1/2026 9:00am,6/3/2026 9:00am,24,Judge Rodriguez,2026,2026-06,2026-23,2026-06-01,Monday,0,Harris County JP 6-2
Tue 6-2-2026 @ 10:00 am — Harris County JP 1-2 w/Judge Duble — 1 Cases,https://jpwebsite.harriscountytx.gov/WebDockets/GetDocketDetail?date=06/02/2026&court=12&media=screen#1000AM,6/2/2026 10:00am,6/2/2026 11:00am,1,Judge Duble,2026,2026-06,2026-23,2026-06-02,Tuesday,0,Harris County JP 1-2
Tue 6-2-2026 @ 9:00 am — Harris County JP 4-1 w/Judge Goodwin — 161 Cases,https://jpwebsite.harriscountytx.gov/WebDockets/GetDocketDetail?date=06/02/2026&court=41&media=screen#0900AM,6/2/2026 9:00am,6/2/2026 9:30am,161,Judge Goodwin,2026,2026-06,2026-23,2026-06-02,Tuesday,0,Harris County JP 4-1
Tue 6-2-2026 @ 1:30 pm — Harris County JP 5-1 w/Judge Lombardino — 79 Cases,https://jpwebsite.harriscountytx.gov/WebDockets/GetDocketDetail?date=06/02/2026&court=51&media=screen#0130PM,6/2/2026 1:30pm,6/2/2026 8:30am,79,Judge Lombardino,2026,2026-06,2026-23,2026-06-02,Tuesday,0,Harris County JP 5-1
Tue 6-2-2026 @ 9:00 am — Harris County JP 7-2 w/Judge Burney — 78 Cases,https://jpwebsite.harriscountytx.gov/WebDockets/GetDocketDetail?date=06/02/2026&court=72&media=screen#0900AM,6/2/2026 9:00am,6/2/2026 11:00am,78,Judge Burney,2026,2026-06,2026-23,2026-06-02,Tuesday,0,Harris County JP 7-2
Tue 6-2-2026 @ 9:00 am — Harris County JP 1-1 w/Judge Carter — 38 Cases,https://jpwebsite.harriscountytx.gov/WebDockets/GetDocketDetail?date=06/02/2026&court=11&media=screen#0900AM,6/2/2026 9:00am,6/2/2026 9:30am,38,Judge Carter,2026,2026-06,2026-23,2026-06-02,Tuesday,0,Harris County JP 1-1
Tue 6-2-2026 @ 9:30 am — Harris County JP 1-2 w/Judge Duble — 14 Cases,https://jpwebsite.harriscountytx.gov/WebDockets/GetDocketDetail?date=06/02/2026&court=12&media=screen#0930AM,6/2/2026 9:30am,6/2/2026 10:00am,14,Judge Duble,2026,2026-06,2026-23,2026-06-02,Tuesday,0,Harris County JP 1-2
Tue 6-2-2026 @ 8:00 am — Harris County JP 2-1 w/Judge Delgado — 17 Cases,https://jpwebsite.harriscountytx.gov/WebDockets/GetDocketDetail?date=06/02/2026&court=21&media=screen#0800AM,6/2/2026 8:00am,6/2/2026 8:30am,17,Judge Delgado,2026,2026-06,2026-23,2026-06-02,Tuesday,0,Harris County JP 2-1
Tue 6-2-2026 @ 9:00 am — Harris County JP 3-1 w/Judge Stephens — 29 Cases,https://jpwebsite.harriscountytx.gov/WebDockets/GetDocketDetail?date=06/02/2026&court=31&media=screen#0900AM,6/2/2026 9:00am,6/2/2026 10:30am,29,Judge Stephens,2026,2026-06,2026-23,2026-06-02,Tuesday,0,Harris County JP 3-1
Tue 6-2-2026 @ 10:30 am — Harris County JP 3-1 w/Judge Stephens — 43 Cases,https://jpwebsite.harriscountytx.gov/WebDockets/GetDocketDetail?date=06/02/2026&court=31&media=screen#1030AM,6/2/2026 10:30am,6/2/2026 11:00am,43,Judge Stephens,2026,2026-06,2026-23,2026-06-02,Tuesday,0,Harris County JP 3-1
Tue 6-2-2026 @ 11:00 am — Harris County JP 4-2 w/Judge Korduba — 16 Cases,https://jpwebsite.harriscountytx.gov/WebDockets/GetDocketDetail?date=06/02/2026&court=42&media=screen#1100AM,6/2/2026 11:00am,6/2/2026 1:00pm,16,Judge Korduba,2026,2026-06,2026-23,2026-06-02,Tuesday,0,Harris County JP 4-2
Tue 6-2-2026 @ 10:00 am — Harris County JP 4-2 w/Judge Korduba — 59 Cases,https://jpwebsite.harriscountytx.gov/WebDockets/GetDocketDetail?date=06/02/2026&court=42&media=screen#1000AM,6/2/2026 10:00am,6/2/2026 11:00am,59,Judge Korduba,2026,2026-06,2026-23,2026-06-02,Tuesday,0,Harris County JP 4-2
Tue 6-2-2026 @ 1:00 pm — Harris County JP 4-2 w/Judge Korduba — 12 Cases,https://jpwebsite.harriscountytx.gov/WebDockets/GetDocketDetail?date=06/02/2026&court=42&media=screen#0100PM,6/2/2026 1:00pm,6/2/2026 2:00pm,12,Judge Korduba,2026,2026-06,2026-23,2026-06-02,Tuesday,0,Harris County JP 4-2
Tue 6-2-2026 @ 1:00 pm — Harris County JP 5-2 w/Judge Wolfe — 42 Cases,https://jpwebsite.harriscountytx.gov/WebDockets/GetDocketDetail?date=06/02/2026&court=52&media=screen#0100PM,6/2/2026 1:00pm,6/2/2026 1:30pm,42,Judge Wolfe,2026,2026-06,2026-23,2026-06-02,Tuesday,0,Harris County JP 5-2
Tue 6-2-2026 @ 11:00 am — Harris County JP 7-2 w/Judge Burney — 50 Cases,https://jpwebsite.harriscountytx.gov/WebDockets/GetDocketDetail?date=06/02/2026&court=72&media=screen#1100AM,6/2/2026 11:00am,6/2/2026 12:00pm,50,Judge Burney,2026,2026-06,2026-23,2026-06-02,Tuesday,0,Harris County JP 7-2
Wed 6-3-2026 @ 9:00 am — Harris County JP 6-1 w/Judge Treviño — 10 Cases,https://jpwebsite.harriscountytx.gov/WebDockets/GetDocketDetail?date=06/03/2026&court=61&media=screen#0900AM,6/3/2026 9:00am,6/3/2026 10:30am,10,Judge Treviño,2026,2026-06,2026-23,2026-06-03,Wednesday,0,Harris County JP 6-1
Wed 6-3-2026 @ 9:30 am — Harris County JP 1-1 w/Judge Carter — 24 Cases,https://jpwebsite.harriscountytx.gov/WebDockets/GetDocketDetail?date=06/03/2026&court=11&media=screen#0930AM,6/3/2026 9:30am,6/3/2026 10:30am,24,Judge Carter,2026,2026-06,2026-23,2026-06-03,Wednesday,0,Harris County JP 1-1
Wed 6-3-2026 @ 8:30 am — Harris County JP 1-1 w/Judge Carter — 25 Cases,https://jpwebsite.harriscountytx.gov/WebDockets/GetDocketDetail?date=06/03/2026&court=11&media=screen#0830AM,6/3/2026 8:30am,6/3/2026 9:30am,25,Judge Carter,2026,2026-06,2026-23,2026-06-03,Wednesday,0,Harris County JP 1-1
Wed 6-3-2026 @ 10:30 am — Harris County JP 1-1 w/Judge Carter — 24 Cases,https://jpwebsite.harriscountytx.gov/WebDockets/GetDocketDetail?date=06/03/2026&court=11&media=screen#1030AM,6/3/2026 10:30am,6/3/2026 11:00am,24,Judge Carter,2026,2026-06,2026-23,2026-06-03,Wednesday,0,Harris County JP 1-1
Wed 6-3-2026 @ 8:30 am — Harris County JP 5-1 w/Judge Lombardino — 66 Cases,https://jpwebsite.harriscountytx.gov/WebDockets/GetDocketDetail?date=06/03/2026&court=51&media=screen#0830AM,6/3/2026 8:30am,6/3/2026 9:00am,66,Judge Lombardino,2026,2026-06,2026-23,2026-06-03,Wednesday,0,Harris County JP 5-1
Wed 6-3-2026 @ 9:00 am — Harris County JP 7-1 w/Judge Adams — 74 Cases,https://jpwebsite.harriscountytx.gov/WebDockets/GetDocketDetail?date=06/03/2026&court=71&media=screen#0900AM,6/3/2026 9:00am,6/3/2026 9:30am,74,Judge Adams,2026,2026-06,2026-23,2026-06-03,Wednesday,0,Harris County JP 7-1
Thu 6-4-2026 @ 9:00 am — Harris County JP 2-2 w/Judge Lozano — 8 Cases,https://jpwebsite.harriscountytx.gov/WebDockets/GetDocketDetail?date=06/04/2026&court=22&media=screen#0900AM,6/4/2026 9:00am,6/5/2026 4:30am,8,Judge Lozano,2026,2026-06,2026-23,2026-06-04,Thursday,0,Harris County JP 2-2
Thu 6-4-2026 @ 9:00 am — Harris County JP 8-1 w/Judge Williamson — 12 Cases,https://jpwebsite.harriscountytx.gov/WebDockets/GetDocketDetail?date=06/04/2026&court=81&media=screen#0900AM,6/4/2026 9:00am,6/4/2026 10:00am,12,Judge Williamson,2026,2026-06,2026-23,2026-06-04,Thursday,0,Harris County JP 8-1
Thu 6-4-2026 @ 1:30 pm — Harris County JP 5-1 w/Judge Lombardino — 85 Cases,https://jpwebsite.harriscountytx.gov/WebDockets/GetDocketDetail?date=06/04/2026&court=51&media=screen#0130PM,6/4/2026 1:30pm,6/4/2026 2:00pm,85,Judge Lombardino,2026,2026-06,2026-23,2026-06-04,Thursday,0,Harris County JP 5-1
Thu 6-4-2026 @ 2:00 pm — Harris County JP 8-2 w/Judge Ditta — 3 Cases,https://jpwebsite.harriscountytx.gov/WebDockets/GetDocketDetail?date=06/04/2026&court=82&media=screen#0200PM,6/4/2026 2:00pm,6/5/2026 9:30am,3,Judge Ditta,2026,2026-06,2026-23,2026-06-04,Thursday,0,Harris County JP 8-2
Thu 6-4-2026 @ 9:00 am — Harris County JP 4-1 w/Judge Goodwin — 19 Cases,https://jpwebsite.harriscountytx.gov/WebDockets/GetDocketDetail?date=06/04/2026&court=41&media=screen#0900AM,6/4/2026 9:00am,6/4/2026 9:30am,19,Judge Goodwin,2026,2026-06,2026-23,2026-06-04,Thursday,0,Harris County JP 4-1
Fri 6-5-2026 @ 9:00 am — Harris County JP 5-1 w/Judge Lombardino — 1 Cases,https://jpwebsite.harriscountytx.gov/WebDockets/GetDocketDetail?date=06/05/2026&court=51&media=screen#0900AM,6/5/2026 9:00am,6/5/2026 9:30am,1,Judge Lombardino,2026,2026-06,2026-23,2026-06-05,Friday,0,Harris County JP 5-1
Fri 6-5-2026 @ 9:00 am — Harris County JP 6-2 w/Judge Rodriguez — 5 Cases,https://jpwebsite.harriscountytx.gov/WebDockets/GetDocketDetail?date=06/05/2026&court=62&media=screen#0900AM,6/5/2026 9:00am,6/7/2026 9:00am,5,Judge Rodriguez,2026,2026-06,2026-23,2026-06-05,Friday,0,Harris County JP 6-2
Mon 6-8-2026 @ 11:15 am — Harris County JP 1-1 w/Judge Carter — 2 Cases,https://jpwebsite.harriscountytx.gov/WebDockets/GetDocketDetail?date=06/08/2026&court=11&media=screen#1115AM,6/8/2026 11:15am,6/8/2026 11:45am,2,Judge Carter,2026,2026-06,2026-24,2026-06-08,Monday,0,Harris County JP 1-1
Mon 6-8-2026 @ 9:00 am — Harris County JP 4-1 w/Judge Goodwin — 83 Cases,https://jpwebsite.harriscountytx.gov/WebDockets/GetDocketDetail?date=06/08/2026&court=41&media=screen#0900AM,6/8/2026 9:00am,6/8/2026 9:30am,83,Judge Goodwin,2026,2026-06,2026-24,2026-06-08,Monday,0,Harris County JP 4-1
Mon 6-8-2026 @ 9:30 am — Harris County JP 3-2 w/Judge Bates — 12 Cases,https://jpwebsite.harriscountytx.gov/WebDockets/GetDocketDetail?date=06/08/2026&court=32&media=screen#0930AM,6/8/2026 9:30am,6/9/2026 5:30am,12,Judge Bates,2026,2026-06,2026-24,2026-06-08,Monday,0,Harris County JP 3-2
Mon 6-8-2026 @ 1:00 pm — Harris County JP 5-2 w/Judge Wolfe — 50 Cases,https://jpwebsite.harriscountytx.gov/WebDockets/GetDocketDetail?date=06/08/2026&court=52&media=screen#0100PM,6/8/2026 1:00pm,6/8/2026 1:30pm,50,Judge Wolfe,2026,2026-06,2026-24,2026-06-08,Monday,0,Harris County JP 5-2
Mon 6-8-2026 @ 8:30 am — Harris County JP 1-1 w/Judge Carter — 28 Cases,https://jpwebsite.harriscountytx.gov/WebDockets/GetDocketDetail?date=06/08/2026&court=11&media=screen#0830AM,6/8/2026 8:30am,6/8/2026 9:30am,28,Judge Carter,2026,2026-06,2026-24,2026-06-08,Monday,0,Harris County JP 1-1
Mon 6-8-2026 @ 10:30 am — Harris County JP 1-1 w/Judge Carter — 24 Cases,https://jpwebsite.harriscountytx.gov/WebDockets/GetDocketDetail?date=06/08/2026&court=11&media=screen#1030AM,6/8/2026 10:30am,6/8/2026 11:15am,24,Judge Carter,2026,2026-06,2026-24,2026-06-08,Monday,0,Harris County JP 1-1
Mon 6-8-2026 @ 9:30 am — Harris County JP 1-1 w/Judge Carter — 17 Cases,https://jpwebsite.harriscountytx.gov/WebDockets/GetDocketDetail?date=06/08/2026&court=11&media=screen#0930AM,6/8/2026 9:30am,6/8/2026 10:30am,17,Judge Carter,2026,2026-06,2026-24,2026-06-08,Monday,0,Harris County JP 1-1
Mon 6-8-2026 @ 8:00 am — Harris County JP 2-1 w/Judge Delgado — 18 Cases,https://jpwebsite.harriscountytx.gov/WebDockets/GetDocketDetail?date=06/08/2026&court=21&media=screen#0800AM,6/8/2026 8:00am,6/8/2026 9:30am,18,Judge Delgado,2026,2026-06,2026-24,2026-06-08,Monday,0,Harris County JP 2-1
Mon 6-8-2026 @ 9:30 am — Harris County JP 2-1 w/Judge Delgado — 17 Cases,https://jpwebsite.harriscountytx.gov/WebDockets/GetDocketDetail?date=06/08/2026&court=21&media=screen#0930AM,6/8/2026 9:30am,6/8/2026 10:00am,17,Judge Delgado,2026,2026-06,2026-24,2026-06-08,Monday,0,Harris County JP 2-1
Mon 6-8-2026 @ 1:00 pm — Harris County JP 4-1 w/Judge Goodwin — 9 Cases,https://jpwebsite.harriscountytx.gov/WebDockets/GetDocketDetail?date=06/08/2026&court=41&media=screen#0100PM,6/8/2026 1:00pm,6/8/2026 1:30pm,9,Judge Goodwin,2026,2026-06,2026-24,2026-06-08,Monday,0,Harris County JP 4-1
Mon 6-8-2026 @ 9:00 am — Harris County JP 6-2 w/Judge Rodriguez — 9 Cases,https://jpwebsite.harriscountytx.gov/WebDockets/GetDocketDetail?date=06/08/2026&court=62&media=screen#0900AM,6/8/2026 9:00am,6/10/2026 9:00am,9,Judge Rodriguez,2026,2026-06,2026-24,2026-06-08,Monday,0,Harris County JP 6-2
Mon 6-8-2026 @ 9:00 am — Harris County JP 8-1 w/Judge Williamson — 26 Cases,https://jpwebsite.harriscountytx.gov/WebDockets/GetDocketDetail?date=06/08/2026&court=81&media=screen#0900AM,6/8/2026 9:00am,6/11/2026 9:00am,26,Judge Williamson,2026,2026-06,2026-24,2026-06-08,Monday,0,Harris County JP 8-1
Tue 6-9-2026 @ 10:00 am — Harris County JP 1-2 w/Judge Duble — 1 Cases,https://jpwebsite.harriscountytx.gov/WebDockets/GetDocketDetail?date=06/09/2026&court=12&media=screen#1000AM,6/9/2026 10:00am,6/9/2026 11:00am,1,Judge Duble,2026,2026-06,2026-24,2026-06-09,Tuesday,0,Harris County JP 1-2
Tue 6-9-2026 @ 9:00 am — Harris County JP 3-1 w/Judge Stephens — 31 Cases,https://jpwebsite.harriscountytx.gov/WebDockets/GetDocketDetail?date=06/09/2026&court=31&media=screen#0900AM,6/9/2026 9:00am,6/9/2026 10:30am,31,Judge Stephens,2026,2026-06,2026-24,2026-06-09,Tuesday,0,Harris County JP 3-1
Tue 6-9-2026 @ 9:00 am — Harris County JP 4-1 w/Judge Goodwin — 44 Cases,https://jpwebsite.harriscountytx.gov/WebDockets/GetDocketDetail?date=06/09/2026&court=41&media=screen#0900AM,6/9/2026 9:00am,6/9/2026 9:30am,44,Judge Goodwin,2026,2026-06,2026-24,2026-06-09,Tuesday,0,Harris County JP 4-1
Tue 6-9-2026 @ 9:30 am — Harris County JP 1-2 w/Judge Duble — 12 Cases,https://jpwebsite.harriscountytx.gov/WebDockets/GetDocketDetail?date=06/09/2026&court=12&media=screen#0930AM,6/9/2026 9:30am,6/9/2026 1:00pm,12,Judge Duble,2026,2026-06,2026-24,2026-06-09,Tuesday,0,Harris County JP 1-2
Tue 6-9-2026 @ 1:30 pm — Harris County JP 5-1 w/Judge Lombardino — 96 Cases,https://jpwebsite.harriscountytx.gov/WebDockets/GetDocketDetail?date=06/09/2026&court=51&media=screen#0130PM,6/9/2026 1:30pm,6/9/2026 8:30am,96,Judge Lombardino,2026,2026-06,2026-24,2026-06-09,Tuesday,0,Harris County JP 5-1
Tue 6-9-2026 @ 10:30 am — Harris County JP 1-1 w/Judge Carter — 24 Cases,https://jpwebsite.harriscountytx.gov/WebDockets/GetDocketDetail?date=06/09/2026&court=11&media=screen#1030AM,6/9/2026 10:30am,6/9/2026 11:00am,24,Judge Carter,2026,2026-06,2026-24,2026-06-09,Tuesday,0,Harris County JP 1-1
Tue 6-9-2026 @ 8:30 am — Harris County JP 1-1 w/Judge Carter — 25 Cases,https://jpwebsite.harriscountytx.gov/WebDockets/GetDocketDetail?date=06/09/2026&court=11&media=screen#0830AM,6/9/2026 8:30am,6/9/2026 9:30am,25,Judge Carter,2026,2026-06,2026-24,2026-06-09,Tuesday,0,Harris County JP 1-1
Tue 6-9-2026 @ 9:30 am — Harris County JP 1-1 w/Judge Carter — 24 Cases,https://jpwebsite.harriscountytx.gov/WebDockets/GetDocketDetail?date=06/09/2026&court=11&media=screen#0930AM,6/9/2026 9:30am,6/9/2026 10:30am,24,Judge Carter,2026,2026-06,2026-24,2026-06-09,Tuesday,0,Harris County JP 1-1
Tue 6-9-2026 @ 1:00 pm — Harris County JP 1-2 w/Judge Duble — 2 Cases,https://jpwebsite.harriscountytx.gov/WebDockets/GetDocketDetail?date=06/09/2026&court=12&media=screen#0100PM,6/9/2026 1:00pm,6/9/2026 2:00pm,2,Judge Duble,2026,2026-06,2026-24,2026-06-09,Tuesday,0,Harris County JP 1-2
Tue 6-9-2026 @ 2:00 pm — Harris County JP 2-1 w/Judge Delgado — 21 Cases,https://jpwebsite.harriscountytx.gov/WebDockets/GetDocketDetail?date=06/09/2026&court=21&media=screen#0200PM,6/9/2026 2:00pm,6/9/2026 2:30pm,21,Judge Delgado,2026,2026-06,2026-24,2026-06-09,Tuesday,0,Harris County JP 2-1
Tue 6-9-2026 @ 10:30 am — Harris County JP 3-1 w/Judge Stephens — 31 Cases,https://jpwebsite.harriscountytx.gov/WebDockets/GetDocketDetail?date=06/09/2026&court=31&media=screen#1030AM,6/9/2026 10:30am,6/9/2026 12:30pm,31,Judge Stephens,2026,2026-06,2026-24,2026-06-09,Tuesday,0,Harris County JP 3-1
Tue 6-9-2026 @ 10:00 am — Harris County JP 4-2 w/Judge Korduba — 59 Cases,https://jpwebsite.harriscountytx.gov/WebDockets/GetDocketDetail?date=06/09/2026&court=42&media=screen#1000AM,6/9/2026 10:00am,6/9/2026 11:00am,59,Judge Korduba,2026,2026-06,2026-24,2026-06-09,Tuesday,0,Harris County JP 4-2
Tue 6-9-2026 @ 1:00 pm — Harris County JP 4-2 w/Judge Korduba — 7 Cases,https://jpwebsite.harriscountytx.gov/WebDockets/GetDocketDetail?date=06/09/2026&court=42&media=screen#0100PM,6/9/2026 1:00pm,6/9/2026 2:00pm,7,Judge Korduba,2026,2026-06,2026-24,2026-06-09,Tuesday,0,Harris County JP 4-2
Tue 6-9-2026 @ 11:00 am — Harris County JP 4-2 w/Judge Korduba — 10 Cases,https://jpwebsite.harriscountytx.gov/WebDockets/GetDocketDetail?date=06/09/2026&court=42&media=screen#1100AM,6/9/2026 11:00am,6/9/2026 1:00pm,10,Judge Korduba,2026,2026-06,2026-24,2026-06-09,Tuesday,0,Harris County JP 4-2
Tue 6-9-2026 @ 1:00 pm — Harris County JP 5-2 w/Judge Wolfe — 76 Cases,https://jpwebsite.harriscountytx.gov/WebDockets/GetDocketDetail?date=06/09/2026&court=52&media=screen#0100PM,6/9/2026 1:00pm,6/9/2026 1:30pm,76,Judge Wolfe,2026,2026-06,2026-24,2026-06-09,Tuesday,0,Harris County JP 5-2
Tue 6-9-2026 @ 9:00 am — Harris County JP 7-2 w/Judge Burney — 59 Cases,https://jpwebsite.harriscountytx.gov/WebDockets/GetDocketDetail?date=06/09/2026&court=72&media=screen#0900AM,6/9/2026 9:00am,6/9/2026 11:00am,59,Judge Burney,2026,2026-06,2026-24,2026-06-09,Tuesday,0,Harris County JP 7-2
Tue 6-9-2026 @ 11:00 am — Harris County JP 7-2 w/Judge Burney — 26 Cases,https://jpwebsite.harriscountytx.gov/WebDockets/GetDocketDetail?date=06/09/2026&court=72&media=screen#1100AM,6/9/2026 11:00am,6/9/2026 1:00pm,26,Judge Burney,2026,2026-06,2026-24,2026-06-09,Tuesday,0,Harris County JP 7-2
Wed 6-10-2026 @ 9:00 am — Harris County JP 7-1 w/Judge Adams — 79 Cases,https://jpwebsite.harriscountytx.gov/WebDockets/GetDocketDetail?date=06/10/2026&court=71&media=screen#0900AM,6/10/2026 9:00am,6/10/2026 9:30am,79,Judge Adams,2026,2026-06,2026-24,2026-06-10,Wednesday,0,Harris County JP 7-1
Wed 6-10-2026 @ 8:30 am — Harris County JP 1-1 w/Judge Carter — 24 Cases,https://jpwebsite.harriscountytx.gov/WebDockets/GetDocketDetail?date=06/10/2026&court=11&media=screen#0830AM,6/10/2026 8:30am,6/10/2026 9:30am,24,Judge Carter,2026,2026-06,2026-24,2026-06-10,Wednesday,0,Harris County JP 1-1
Wed 6-10-2026 @ 9:30 am — Harris County JP 1-1 w/Judge Carter — 21 Cases,https://jpwebsite.harriscountytx.gov/WebDockets/GetDocketDetail?date=06/10/2026&court=11&media=screen#0930AM,6/10/2026 9:30am,6/10/2026 10:30am,21,Judge Carter,2026,2026-06,2026-24,2026-06-10,Wednesday,0,Harris County JP 1-1
Wed 6-10-2026 @ 10:30 am — Harris County JP 1-1 w/Judge Carter — 19 Cases,https://jpwebsite.harriscountytx.gov/WebDockets/GetDocketDetail?date=06/10/2026&court=11&media=screen#1030AM,6/10/2026 10:30am,6/10/2026 11:00am,19,Judge Carter,2026,2026-06,2026-24,2026-06-10,Wednesday,0,Harris County JP 1-1
Wed 6-10-2026 @ 8:30 am — Harris County JP 5-1 w/Judge Lombardino — 45 Cases,https://jpwebsite.harriscountytx.gov/WebDockets/GetDocketDetail?date=06/10/2026&court=51&media=screen#0830AM,6/10/2026 8:30am,6/10/2026 9:00am,45,Judge Lombardino,2026,2026-06,2026-24,2026-06-10,Wednesday,0,Harris County JP 5-1
Wed 6-10-2026 @ 9:00 am — Harris County JP 6-1 w/Judge Treviño — 19 Cases,https://jpwebsite.harriscountytx.gov/WebDockets/GetDocketDetail?date=06/10/2026&court=61&media=screen#0900AM,6/10/2026 9:00am,6/10/2026 1:30pm,19,Judge Treviño,2026,2026-06,2026-24,2026-06-10,Wednesday,0,Harris County JP 6-1
Wed 6-10-2026 @ 2:00 pm — Harris County JP 8-2 w/Judge Ditta — 9 Cases,https://jpwebsite.harriscountytx.gov/WebDockets/GetDocketDetail?date=06/10/2026&court=82&media=screen#0200PM,6/10/2026 2:00pm,6/10/2026 3:00pm,9,Judge Ditta,2026,2026-06,2026-24,2026-06-10,Wednesday,0,Harris County JP 8-2
Thu 6-11-2026 @ 9:00 am — Harris County JP 2-2 w/Judge Lozano — 11 Cases,https://jpwebsite.harriscountytx.gov/WebDockets/GetDocketDetail?date=06/11/2026&court=22&media=screen#0900AM,6/11/2026 9:00am,6/11/2026 10:00am,11,Judge Lozano,2026,2026-06,2026-24,2026-06-11,Thursday,0,Harris County JP 2-2
Thu 6-11-2026 @ 9:00 am — Harris County JP 4-1 w/Judge Goodwin — 16 Cases,https://jpwebsite.harriscountytx.gov/WebDockets/GetDocketDetail?date=06/11/2026&court=41&media=screen#0900AM,6/11/2026 9:00am,6/11/2026 9:30am,16,Judge Goodwin,2026,2026-06,2026-24,2026-06-11,Thursday,0,Harris County JP 4-1
Thu 6-11-2026 @ 2:30 pm — Harris County JP 5-2 w/Judge Wolfe — 108 Cases,https://jpwebsite.harriscountytx.gov/WebDockets/GetDocketDetail?date=06/11/2026&court=52&media=screen#0230PM,6/11/2026 2:30pm,6/11/2026 3:00pm,108,Judge Wolfe,2026,2026-06,2026-24,2026-06-11,Thursday,0,Harris County JP 5-2
Thu 6-11-2026 @ 9:00 am — Harris County JP 6-2 w/Judge Rodriguez — 3 Cases,https://jpwebsite.harriscountytx.gov/WebDockets/GetDocketDetail?date=06/11/2026&court=62&media=screen#0900AM,6/11/2026 9:00am,6/11/2026 9:00am,3,Judge Rodriguez,2026,2026-06,2026-24,2026-06-11,Thursday,0,Harris County JP 6-2
Thu 6-11-2026 @ 2:00 pm — Harris County JP 6-1 w/Judge Treviño — 1 Cases,https://jpwebsite.harriscountytx.gov/WebDockets/GetDocketDetail?date=06/11/2026&court=61&media=screen#0200PM,6/11/2026 2:00pm,6/11/2026 6:30pm,1,Judge Treviño,2026,2026-06,2026-24,2026-06-11,Thursday,0,Harris County JP 6-1
Fri 6-12-2026 @ 9:00 am — Harris County JP 5-1 w/Judge Lombardino — 10 Cases,https://jpwebsite.harriscountytx.gov/WebDockets/GetDocketDetail?date=06/12/2026&court=51&media=screen#0900AM,6/12/2026 9:00am,6/12/2026 9:30am,10,Judge Lombardino,2026,2026-06,2026-24,2026-06-12,Friday,0,Harris County JP 5-1
Fri 6-12-2026 @ 9:00 am — Harris County JP 6-2 w/Judge Rodriguez — 8 Cases,https://jpwebsite.harriscountytx.gov/WebDockets/GetDocketDetail?date=06/12/2026&court=62&media=screen#0900AM,6/12/2026 9:00am,6/14/2026 9:00am,8,Judge Rodriguez,2026,2026-06,2026-24,2026-06-12,Friday,0,Harris County JP 6-2
Fri 6-12-2026 @ 9:00 am — Harris County JP 5-2 w/Judge Wolfe — 2 Cases,https://jpwebsite.harriscountytx.gov/WebDockets/GetDocketDetail?date=06/12/2026&court=52&media=screen#0900AM,6/12/2026 9:00am,6/12/2026 9:30am,2,Judge Wolfe,2026,2026-06,2026-24,2026-06-12,Friday,0,Harris County JP 5-2
Mon 6-15-2026 @ 8:30 am — Harris County JP 1-1 w/Judge Carter — 29 Cases,https://jpwebsite.harriscountytx.gov/WebDockets/GetDocketDetail?date=06/15/2026&court=11&media=screen#0830AM,6/15/2026 8:30am,6/15/2026 9:30am,29,Judge Carter,2026,2026-06,2026-25,2026-06-15,Monday,0,Harris County JP 1-1
Mon 6-15-2026 @ 8:00 am — Harris County JP 2-1 w/Judge Delgado — 16 Cases,https://jpwebsite.harriscountytx.gov/WebDockets/GetDocketDetail?date=06/15/2026&court=21&media=screen#0800AM,6/15/2026 8:00am,6/15/2026 9:30am,16,Judge Delgado,2026,2026-06,2026-25,2026-06-15,Monday,0,Harris County JP 2-1
Mon 6-15-2026 @ 9:00 am — Harris County JP 4-1 w/Judge Goodwin — 48 Cases,https://jpwebsite.harriscountytx.gov/WebDockets/GetDocketDetail?date=06/15/2026&court=41&media=screen#0900AM,6/15/2026 9:00am,6/15/2026 9:30am,48,Judge Goodwin,2026,2026-06,2026-25,2026-06-15,Monday,0,Harris County JP 4-1
Mon 6-15-2026 @ 9:30 am — Harris County JP 1-1 w/Judge Carter — 27 Cases,https://jpwebsite.harriscountytx.gov/WebDockets/GetDocketDetail?date=06/15/2026&court=11&media=screen#0930AM,6/15/2026 9:30am,6/15/2026 10:30am,27,Judge Carter,2026,2026-06,2026-25,2026-06-15,Monday,0,Harris County JP 1-1
Mon 6-15-2026 @ 10:30 am — Harris County JP 1-1 w/Judge Carter — 29 Cases,https://jpwebsite.harriscountytx.gov/WebDockets/GetDocketDetail?date=06/15/2026&court=11&media=screen#1030AM,6/15/2026 10:30am,6/15/2026 11:30am,29,Judge Carter,2026,2026-06,2026-25,2026-06-15,Monday,0,Harris County JP 1-1
Mon 6-15-2026 @ 9:30 am — Harris County JP 2-1 w/Judge Delgado — 18 Cases,https://jpwebsite.harriscountytx.gov/WebDockets/GetDocketDetail?date=06/15/2026&court=21&media=screen#0930AM,6/15/2026 9:30am,6/15/2026 10:00am,18,Judge Delgado,2026,2026-06,2026-25,2026-06-15,Monday,0,Harris County JP 2-1
Mon 6-15-2026 @ 9:30 am — Harris County JP 3-2 w/Judge Bates — 12 Cases,https://jpwebsite.harriscountytx.gov/WebDockets/GetDocketDetail?date=06/15/2026&court=32&media=screen#0930AM,6/15/2026 9:30am,6/15/2026 10:30am,12,Judge Bates,2026,2026-06,2026-25,2026-06-15,Monday,0,Harris County JP 3-2
Mon 6-15-2026 @ 1:00 pm — Harris County JP 4-1 w/Judge Goodwin — 12 Cases,https://jpwebsite.harriscountytx.gov/WebDockets/GetDocketDetail?date=06/15/2026&court=41&media=screen#0100PM,6/15/2026 1:00pm,6/15/2026 1:30pm,12,Judge Goodwin,2026,2026-06,2026-25,2026-06-15,Monday,0,Harris County JP 4-1
Mon 6-15-2026 @ 11:00 am — Harris County JP 4-2 w/Judge Korduba — 10 Cases,https://jpwebsite.harriscountytx.gov/WebDockets/GetDocketDetail?date=06/15/2026&court=42&media=screen#1100AM,6/15/2026 11:00am,6/15/2026 1:00pm,10,Judge Korduba,2026,2026-06,2026-25,2026-06-15,Monday,0,Harris County JP 4-2
Mon 6-15-2026 @ 10:00 am — Harris County JP 4-2 w/Judge Korduba — 21 Cases,https://jpwebsite.harriscountytx.gov/WebDockets/GetDocketDetail?date=06/15/2026&court=42&media=screen#1000AM,6/15/2026 10:00am,6/15/2026 11:00am,21,Judge Korduba,2026,2026-06,2026-25,2026-06-15,Monday,0,Harris County JP 4-2
Mon 6-15-2026 @ 1:00 pm — Harris County JP 4-2 w/Judge Korduba — 10 Cases,https://jpwebsite.harriscountytx.gov/WebDockets/GetDocketDetail?date=06/15/2026&court=42&media=screen#0100PM,6/15/2026 1:00pm,6/15/2026 2:00pm,10,Judge Korduba,2026,2026-06,2026-25,2026-06-15,Monday,0,Harris County JP 4-2
Mon 6-15-2026 @ 1:00 pm — Harris County JP 5-2 w/Judge Wolfe — 86 Cases,https://jpwebsite.harriscountytx.gov/WebDockets/GetDocketDetail?date=06/15/2026&court=52&media=screen#0100PM,6/15/2026 1:00pm,6/15/2026 1:30pm,86,Judge Wolfe,2026,2026-06,2026-25,2026-06-15,Monday,0,Harris County JP 5-2
Mon 6-15-2026 @ 9:00 am — Harris County JP 6-2 w/Judge Rodriguez — 8 Cases,https://jpwebsite.harriscountytx.gov/WebDockets/GetDocketDetail?date=06/15/2026&court=62&media=screen#0900AM,6/15/2026 9:00am,6/15/2026 3:30pm,8,Judge Rodriguez,2026,2026-06,2026-25,2026-06-15,Monday,0,Harris County JP 6-2
Mon 6-15-2026 @ 3:30 pm — Harris County JP 6-2 w/Judge Rodriguez — 1 Cases,https://jpwebsite.harriscountytx.gov/WebDockets/GetDocketDetail?date=06/15/2026&court=62&media=screen#0330PM,6/15/2026 3:30pm,6/15/2026 9:00am,1,Judge Rodriguez,2026,2026-06,2026-25,2026-06-15,Monday,0,Harris County JP 6-2
Tue 6-16-2026 @ 1:30 pm — Harris County JP 5-1 w/Judge Lombardino — 67 Cases,https://jpwebsite.harriscountytx.gov/WebDockets/GetDocketDetail?date=06/16/2026&court=51&media=screen#0130PM,6/16/2026 1:30pm,6/16/2026 2:00pm,67,Judge Lombardino,2026,2026-06,2026-25,2026-06-16,Tuesday,0,Harris County JP 5-1
Tue 6-16-2026 @ 9:00 am — Harris County JP 7-2 w/Judge Burney — 65 Cases,https://jpwebsite.harriscountytx.gov/WebDockets/GetDocketDetail?date=06/16/2026&court=72&media=screen#0900AM,6/16/2026 9:00am,6/16/2026 11:00am,65,Judge Burney,2026,2026-06,2026-25,2026-06-16,Tuesday,0,Harris County JP 7-2
Tue 6-16-2026 @ 8:00 am — Harris County JP 2-1 w/Judge Delgado — 13 Cases,https://jpwebsite.harriscountytx.gov/WebDockets/GetDocketDetail?date=06/16/2026&court=21&media=screen#0800AM,6/16/2026 8:00am,6/16/2026 8:30am,13,Judge Delgado,2026,2026-06,2026-25,2026-06-16,Tuesday,0,Harris County JP 2-1
Tue 6-16-2026 @ 10:30 am — Harris County JP 3-1 w/Judge Stephens — 30 Cases,https://jpwebsite.harriscountytx.gov/WebDockets/GetDocketDetail?date=06/16/2026&court=31&media=screen#1030AM,6/16/2026 10:30am,6/16/2026 11:30am,30,Judge Stephens,2026,2026-06,2026-25,2026-06-16,Tuesday,0,Harris County JP 3-1
Tue 6-16-2026 @ 9:00 am — Harris County JP 3-1 w/Judge Stephens — 39 Cases,https://jpwebsite.harriscountytx.gov/WebDockets/GetDocketDetail?date=06/16/2026&court=31&media=screen#0900AM,6/16/2026 9:00am,6/16/2026 10:30am,39,Judge Stephens,2026,2026-06,2026-25,2026-06-16,Tuesday,0,Harris County JP 3-1
Tue 6-16-2026 @ 9:00 am — Harris County JP 4-1 w/Judge Goodwin — 27 Cases,https://jpwebsite.harriscountytx.gov/WebDockets/GetDocketDetail?date=06/16/2026&court=41&media=screen#0900AM,6/16/2026 9:00am,6/16/2026 9:30am,27,Judge Goodwin,2026,2026-06,2026-25,2026-06-16,Tuesday,0,Harris County JP 4-1
Tue 6-16-2026 @ 1:00 pm — Harris County JP 5-2 w/Judge Wolfe — 100 Cases,https://jpwebsite.harriscountytx.gov/WebDockets/GetDocketDetail?date=06/16/2026&court=52&media=screen#0100PM,6/16/2026 1:00pm,6/16/2026 1:30pm,100,Judge Wolfe,2026,2026-06,2026-25,2026-06-16,Tuesday,0,Harris County JP 5-2
Tue 6-16-2026 @ 11:00 am — Harris County JP 7-2 w/Judge Burney — 26 Cases,https://jpwebsite.harriscountytx.gov/WebDockets/GetDocketDetail?date=06/16/2026&court=72&media=screen#1100AM,6/16/2026 11:00am,6/16/2026 12:00pm,26,Judge Burney,2026,2026-06,2026-25,2026-06-16,Tuesday,0,Harris County JP 7-2
Wed 6-17-2026 @ 8:30 am — Harris County JP 1-1 w/Judge Carter — 35 Cases,https://jpwebsite.harriscountytx.gov/WebDockets/GetDocketDetail?date=06/17/2026&court=11&media=screen#0830AM,6/17/2026 8:30am,6/17/2026 9:30am,35,Judge Carter,2026,2026-06,2026-25,2026-06-17,Wednesday,0,Harris County JP 1-1
Wed 6-17-2026 @ 1:30 pm — Harris County JP 5-1 w/Judge Lombardino — 1 Cases,https://jpwebsite.harriscountytx.gov/WebDockets/GetDocketDetail?date=06/17/2026&court=51&media=screen#0130PM,6/17/2026 1:30pm,6/17/2026 2:00pm,1,Judge Lombardino,2026,2026-06,2026-25,2026-06-17,Wednesday,0,Harris County JP 5-1
Wed 6-17-2026 @ 9:30 am — Harris County JP 1-1 w/Judge Carter — 31 Cases,https://jpwebsite.harriscountytx.gov/WebDockets/GetDocketDetail?date=06/17/2026&court=11&media=screen#0930AM,6/17/2026 9:30am,6/17/2026 10:30am,31,Judge Carter,2026,2026-06,2026-25,2026-06-17,Wednesday,0,Harris County JP 1-1
Wed 6-17-2026 @ 9:00 am — Harris County JP 6-1 w/Judge Treviño — 15 Cases,https://jpwebsite.harriscountytx.gov/WebDockets/GetDocketDetail?date=06/17/2026&court=61&media=screen#0900AM,6/17/2026 9:00am,6/17/2026 1:30pm,15,Judge Treviño,2026,2026-06,2026-25,2026-06-17,Wednesday,0,Harris County JP 6-1
Wed 6-17-2026 @ 9:00 am — Harris County JP 7-1 w/Judge Adams — 57 Cases,https://jpwebsite.harriscountytx.gov/WebDockets/GetDocketDetail?date=06/17/2026&court=71&media=screen#0900AM,6/17/2026 9:00am,6/17/2026 9:30am,57,Judge Adams,2026,2026-06,2026-25,2026-06-17,Wednesday,0,Harris County JP 7-1
Wed 6-17-2026 @ 9:00 am — Harris County JP 6-2 w/Judge Rodriguez — 1 Cases,https://jpwebsite.harriscountytx.gov/WebDockets/GetDocketDetail?date=06/17/2026&court=62&media=screen#0900AM,6/17/2026 9:00am,6/17/2026 3:30pm,1,Judge Rodriguez,2026,2026-06,2026-25,2026-06-17,Wednesday,0,Harris County JP 6-2
Thu 6-18-2026 @ 9:00 am — Harris County JP 2-2 w/Judge Lozano — 15 Cases,https://jpwebsite.harriscountytx.gov/WebDockets/GetDocketDetail?date=06/18/2026&court=22&media=screen#0900AM,6/18/2026 9:00am,6/18/2026 10:00am,15,Judge Lozano,2026,2026-06,2026-25,2026-06-18,Thursday,0,Harris County JP 2-2
Thu 6-18-2026 @ 9:00 am — Harris County JP 4-1 w/Judge Goodwin — 25 Cases,https://jpwebsite.harriscountytx.gov/WebDockets/GetDocketDetail?date=06/18/2026&court=41&media=screen#0900AM,6/18/2026 9:00am,6/18/2026 9:30am,25,Judge Goodwin,2026,2026-06,2026-25,2026-06-18,Thursday,0,Harris County JP 4-1
Thu 6-18-2026 @ 1:30 pm — Harris County JP 5-1 w/Judge Lombardino — 12 Cases,https://jpwebsite.harriscountytx.gov/WebDockets/GetDocketDetail?date=06/18/2026&court=51&media=screen#0130PM,6/18/2026 1:30pm,6/18/2026 2:00pm,12,Judge Lombardino,2026,2026-06,2026-25,2026-06-18,Thursday,0,Harris County JP 5-1
Thu 6-18-2026 @ 9:00 am — Harris County JP 8-1 w/Judge Williamson — 13 Cases,https://jpwebsite.harriscountytx.gov/WebDockets/GetDocketDetail?date=06/18/2026&court=81&media=screen#0900AM,6/18/2026 9:00am,6/18/2026 10:00am,13,Judge Williamson,2026,2026-06,2026-25,2026-06-18,Thursday,0,Harris County JP 8-1
Thu 6-18-2026 @ 2:00 pm — Harris County JP 8-2 w/Judge Ditta — 18 Cases,https://jpwebsite.harriscountytx.gov/WebDockets/GetDocketDetail?date=06/18/2026&court=82&media=screen#0200PM,6/18/2026 2:00pm,6/18/2026 3:00pm,18,Judge Ditta,2026,2026-06,2026-25,2026-06-18,Thursday,0,Harris County JP 8-2
Mon 6-22-2026 @ 11:15 am — Harris County JP 1-1 w/Judge Carter — 4 Cases,https://jpwebsite.harriscountytx.gov/WebDockets/GetDocketDetail?date=06/22/2026&court=11&media=screen#1115AM,6/22/2026 11:15am,6/22/2026 11:45am,4,Judge Carter,2026,2026-06,2026-26,2026-06-22,Monday,0,Harris County JP 1-1
Mon 6-22-2026 @ 9:00 am — Harris County JP 4-1 w/Judge Goodwin — 76 Cases,https://jpwebsite.harriscountytx.gov/WebDockets/GetDocketDetail?date=06/22/2026&court=41&media=screen#0900AM,6/22/2026 9:00am,6/22/2026 9:30am,76,Judge Goodwin,2026,2026-06,2026-26,2026-06-22,Monday,0,Harris County JP 4-1
Mon 6-22-2026 @ 9:30 am — Harris County JP 1-1 w/Judge Carter — 24 Cases,https://jpwebsite.harriscountytx.gov/WebDockets/GetDocketDetail?date=06/22/2026&court=11&media=screen#0930AM,6/22/2026 9:30am,6/22/2026 10:30am,24,Judge Carter,2026,2026-06,2026-26,2026-06-22,Monday,0,Harris County JP 1-1
Mon 6-22-2026 @ 8:30 am — Harris County JP 1-1 w/Judge Carter — 28 Cases,https://jpwebsite.harriscountytx.gov/WebDockets/GetDocketDetail?date=06/22/2026&court=11&media=screen#0830AM,6/22/2026 8:30am,6/22/2026 9:30am,28,Judge Carter,2026,2026-06,2026-26,2026-06-22,Monday,0,Harris County JP 1-1
Mon 6-22-2026 @ 10:30 am — Harris County JP 1-1 w/Judge Carter — 26 Cases,https://jpwebsite.harriscountytx.gov/WebDockets/GetDocketDetail?date=06/22/2026&court=11&media=screen#1030AM,6/22/2026 10:30am,6/22/2026 11:15am,26,Judge Carter,2026,2026-06,2026-26,2026-06-22,Monday,0,Harris County JP 1-1
Mon 6-22-2026 @ 1:00 pm — Harris County JP 1-2 w/Judge Duble — 2 Cases,https://jpwebsite.harriscountytx.gov/WebDockets/GetDocketDetail?date=06/22/2026&court=12&media=screen#0100PM,6/22/2026 1:00pm,6/22/2026 9:30am,2,Judge Duble,2026,2026-06,2026-26,2026-06-22,Monday,0,Harris County JP 1-2
Mon 6-22-2026 @ 9:30 am — Harris County JP 2-1 w/Judge Delgado — 14 Cases,https://jpwebsite.harriscountytx.gov/WebDockets/GetDocketDetail?date=06/22/2026&court=21&media=screen#0930AM,6/22/2026 9:30am,6/22/2026 10:30am,14,Judge Delgado,2026,2026-06,2026-26,2026-06-22,Monday,0,Harris County JP 2-1
Mon 6-22-2026 @ 8:00 am — Harris County JP 2-1 w/Judge Delgado — 15 Cases,https://jpwebsite.harriscountytx.gov/WebDockets/GetDocketDetail?date=06/22/2026&court=21&media=screen#0800AM,6/22/2026 8:00am,6/22/2026 9:30am,15,Judge Delgado,2026,2026-06,2026-26,2026-06-22,Monday,0,Harris County JP 2-1
Mon 6-22-2026 @ 9:30 am — Harris County JP 3-2 w/Judge Bates — 16 Cases,https://jpwebsite.harriscountytx.gov/WebDockets/GetDocketDetail?date=06/22/2026&court=32&media=screen#0930AM,6/22/2026 9:30am,6/22/2026 10:30am,16,Judge Bates,2026,2026-06,2026-26,2026-06-22,Monday,0,Harris County JP 3-2
Mon 6-22-2026 @ 1:00 pm — Harris County JP 4-1 w/Judge Goodwin — 92 Cases,https://jpwebsite.harriscountytx.gov/WebDockets/GetDocketDetail?date=06/22/2026&court=41&media=screen#0100PM,6/22/2026 1:00pm,6/22/2026 1:30pm,92,Judge Goodwin,2026,2026-06,2026-26,2026-06-22,Monday,0,Harris County JP 4-1
Mon 6-22-2026 @ 1:00 pm — Harris County JP 5-2 w/Judge Wolfe — 156 Cases,https://jpwebsite.harriscountytx.gov/WebDockets/GetDocketDetail?date=06/22/2026&court=52&media=screen#0100PM,6/22/2026 1:00pm,6/22/2026 1:30pm,156,Judge Wolfe,2026,2026-06,2026-26,2026-06-22,Monday,0,Harris County JP 5-2
Mon 6-22-2026 @ 9:00 am — Harris County JP 6-2 w/Judge Rodriguez — 9 Cases,https://jpwebsite.harriscountytx.gov/WebDockets/GetDocketDetail?date=06/22/2026&court=62&media=screen#0900AM,6/22/2026 9:00am,6/23/2026 9:00am,9,Judge Rodriguez,2026,2026-06,2026-26,2026-06-22,Monday,0,Harris County JP 6-2
Tue 6-23-2026 @ 8:00 am — Harris County JP 2-1 w/Judge Delgado — 12 Cases,https://jpwebsite.harriscountytx.gov/WebDockets/GetDocketDetail?date=06/23/2026&court=21&media=screen#0800AM,6/23/2026 8:00am,6/23/2026 9:00am,12,Judge Delgado,2026,2026-06,2026-26,2026-06-23,Tuesday,0,Harris County JP 2-1
Tue 6-23-2026 @ 9:00 am — Harris County JP 3-1 w/Judge Stephens — 32 Cases,https://jpwebsite.harriscountytx.gov/WebDockets/GetDocketDetail?date=06/23/2026&court=31&media=screen#0900AM,6/23/2026 9:00am,6/23/2026 10:30am,32,Judge Stephens,2026,2026-06,2026-26,2026-06-23,Tuesday,0,Harris County JP 3-1
Tue 6-23-2026 @ 10:30 am — Harris County JP 3-1 w/Judge Stephens — 29 Cases,https://jpwebsite.harriscountytx.gov/WebDockets/GetDocketDetail?date=06/23/2026&court=31&media=screen#1030AM,6/23/2026 10:30am,6/23/2026 11:00am,29,Judge Stephens,2026,2026-06,2026-26,2026-06-23,Tuesday,0,Harris County JP 3-1
Tue 6-23-2026 @ 9:00 am — Harris County JP 4-1 w/Judge Goodwin — 1 Cases,https://jpwebsite.harriscountytx.gov/WebDockets/GetDocketDetail?date=06/23/2026&court=41&media=screen#0900AM,6/23/2026 9:00am,6/23/2026 9:30am,1,Judge Goodwin,2026,2026-06,2026-26,2026-06-23,Tuesday,0,Harris County JP 4-1
Tue 6-23-2026 @ 10:00 am — Harris County JP 4-2 w/Judge Korduba — 30 Cases,https://jpwebsite.harriscountytx.gov/WebDockets/GetDocketDetail?date=06/23/2026&court=42&media=screen#1000AM,6/23/2026 10:00am,6/23/2026 11:00am,30,Judge Korduba,2026,2026-06,2026-26,2026-06-23,Tuesday,0,Harris County JP 4-2
Tue 6-23-2026 @ 1:00 pm — Harris County JP 4-2 w/Judge Korduba — 4 Cases,https://jpwebsite.harriscountytx.gov/WebDockets/GetDocketDetail?date=06/23/2026&court=42&media=screen#0100PM,6/23/2026 1:00pm,6/23/2026 1:30pm,4,Judge Korduba,2026,2026-06,2026-26,2026-06-23,Tuesday,0,Harris County JP 4-2
Tue 6-23-2026 @ 11:00 am — Harris County JP 4-2 w/Judge Korduba — 16 Cases,https://jpwebsite.harriscountytx.gov/WebDockets/GetDocketDetail?date=06/23/2026&court=42&media=screen#1100AM,6/23/2026 11:00am,6/23/2026 1:00pm,16,Judge Korduba,2026,2026-06,2026-26,2026-06-23,Tuesday,0,Harris County JP 4-2
Tue 6-23-2026 @ 1:30 pm — Harris County JP 5-1 w/Judge Lombardino — 49 Cases,https://jpwebsite.harriscountytx.gov/WebDockets/GetDocketDetail?date=06/23/2026&court=51&media=screen#0130PM,6/23/2026 1:30pm,6/23/2026 8:30am,49,Judge Lombardino,2026,2026-06,2026-26,2026-06-23,Tuesday,0,Harris County JP 5-1
Tue 6-23-2026 @ 1:00 pm — Harris County JP 5-2 w/Judge Wolfe — 115 Cases,https://jpwebsite.harriscountytx.gov/WebDockets/GetDocketDetail?date=06/23/2026&court=52&media=screen#0100PM,6/23/2026 1:00pm,6/23/2026 1:30pm,115,Judge Wolfe,2026,2026-06,2026-26,2026-06-23,Tuesday,0,Harris County JP 5-2
Tue 6-23-2026 @ 9:00 am — Harris County JP 7-2 w/Judge Burney — 44 Cases,https://jpwebsite.harriscountytx.gov/WebDockets/GetDocketDetail?date=06/23/2026&court=72&media=screen#0900AM,6/23/2026 9:00am,6/24/2026 8:30am,44,Judge Burney,2026,2026-06,2026-26,2026-06-23,Tuesday,0,Harris County JP 7-2
Wed 6-24-2026 @ 9:00 am — Harris County JP 4-1 w/Judge Goodwin — 2 Cases,https://jpwebsite.harriscountytx.gov/WebDockets/GetDocketDetail?date=06/24/2026&court=41&media=screen#0900AM,6/24/2026 9:00am,6/24/2026 9:30am,2,Judge Goodwin,2026,2026-06,2026-26,2026-06-24,Wednesday,0,Harris County JP 4-1
Wed 6-24-2026 @ 9:00 am — Harris County JP 7-1 w/Judge Adams — 37 Cases,https://jpwebsite.harriscountytx.gov/WebDockets/GetDocketDetail?date=06/24/2026&court=71&media=screen#0900AM,6/24/2026 9:00am,6/24/2026 9:30am,37,Judge Adams,2026,2026-06,2026-26,2026-06-24,Wednesday,0,Harris County JP 7-1
Wed 6-24-2026 @ 8:30 am — Harris County JP 1-1 w/Judge Carter — 23 Cases,https://jpwebsite.harriscountytx.gov/WebDockets/GetDocketDetail?date=06/24/2026&court=11&media=screen#0830AM,6/24/2026 8:30am,6/24/2026 9:30am,23,Judge Carter,2026,2026-06,2026-26,2026-06-24,Wednesday,0,Harris County JP 1-1
Wed 6-24-2026 @ 9:30 am — Harris County JP 1-1 w/Judge Carter — 26 Cases,https://jpwebsite.harriscountytx.gov/WebDockets/GetDocketDetail?date=06/24/2026&court=11&media=screen#0930AM,6/24/2026 9:30am,6/24/2026 10:00am,26,Judge Carter,2026,2026-06,2026-26,2026-06-24,Wednesday,0,Harris County JP 1-1
Wed 6-24-2026 @ 2:00 pm — Harris County JP 1-2 w/Judge Duble — 1 Cases,https://jpwebsite.harriscountytx.gov/WebDockets/GetDocketDetail?date=06/24/2026&court=12&media=screen#0200PM,6/24/2026 2:00pm,6/24/2026 2:30pm,1,Judge Duble,2026,2026-06,2026-26,2026-06-24,Wednesday,0,Harris County JP 1-2
Wed 6-24-2026 @ 9:30 am — Harris County JP 1-2 w/Judge Duble — 11 Cases,https://jpwebsite.harriscountytx.gov/WebDockets/GetDocketDetail?date=06/24/2026&court=12&media=screen#0930AM,6/24/2026 9:30am,6/24/2026 1:00pm,11,Judge Duble,2026,2026-06,2026-26,2026-06-24,Wednesday,0,Harris County JP 1-2
Wed 6-24-2026 @ 8:30 am — Harris County JP 5-1 w/Judge Lombardino — 7 Cases,https://jpwebsite.harriscountytx.gov/WebDockets/GetDocketDetail?date=06/24/2026&court=51&media=screen#0830AM,6/24/2026 8:30am,6/24/2026 9:00am,7,Judge Lombardino,2026,2026-06,2026-26,2026-06-24,Wednesday,0,Harris County JP 5-1
Wed 6-24-2026 @ 9:00 am — Harris County JP 6-1 w/Judge Treviño — 22 Cases,https://jpwebsite.harriscountytx.gov/WebDockets/GetDocketDetail?date=06/24/2026&court=61&media=screen#0900AM,6/24/2026 9:00am,6/24/2026 12:45pm,22,Judge Treviño,2026,2026-06,2026-26,2026-06-24,Wednesday,0,Harris County JP 6-1
Wed 6-24-2026 @ 1:00 pm — Harris County JP 1-2 w/Judge Duble — 3 Cases,https://jpwebsite.harriscountytx.gov/WebDockets/GetDocketDetail?date=06/24/2026&court=12&media=screen#0100PM,6/24/2026 1:00pm,6/24/2026 1:30pm,3,Judge Duble,2026,2026-06,2026-26,2026-06-24,Wednesday,0,Harris County JP 1-2
Thu 6-25-2026 @ 8:30 am — Harris County JP 1-1 w/Judge Carter — 33 Cases,https://jpwebsite.harriscountytx.gov/WebDockets/GetDocketDetail?date=06/25/2026&court=11&media=screen#0830AM,6/25/2026 8:30am,6/25/2026 9:30am,33,Judge Carter,2026,2026-06,2026-26,2026-06-25,Thursday,0,Harris County JP 1-1
Thu 6-25-2026 @ 9:30 am — Harris County JP 1-1 w/Judge Carter — 26 Cases,https://jpwebsite.harriscountytx.gov/WebDockets/GetDocketDetail?date=06/25/2026&court=11&media=screen#0930AM,6/25/2026 9:30am,6/25/2026 10:30am,26,Judge Carter,2026,2026-06,2026-26,2026-06-25,Thursday,0,Harris County JP 1-1
Thu 6-25-2026 @ 10:00 am — Harris County JP 2-2 w/Judge Lozano — 13 Cases,https://jpwebsite.harriscountytx.gov/WebDockets/GetDocketDetail?date=06/25/2026&court=22&media=screen#1000AM,6/25/2026 10:00am,6/25/2026 10:30am,13,Judge Lozano,2026,2026-06,2026-26,2026-06-25,Thursday,0,Harris County JP 2-2
Thu 6-25-2026 @ 9:00 am — Harris County JP 2-2 w/Judge Lozano — 13 Cases,https://jpwebsite.harriscountytx.gov/WebDockets/GetDocketDetail?date=06/25/2026&court=22&media=screen#0900AM,6/25/2026 9:00am,6/25/2026 10:00am,13,Judge Lozano,2026,2026-06,2026-26,2026-06-25,Thursday,0,Harris County JP 2-2
Thu 6-25-2026 @ 9:00 am — Harris County JP 4-1 w/Judge Goodwin — 14 Cases,https://jpwebsite.harriscountytx.gov/WebDockets/GetDocketDetail?date=06/25/2026&court=41&media=screen#0900AM,6/25/2026 9:00am,6/25/2026 9:30am,14,Judge Goodwin,2026,2026-06,2026-26,2026-06-25,Thursday,0,Harris County JP 4-1
Thu 6-25-2026 @ 1:30 pm — Harris County JP 5-1 w/Judge Lombardino — 5 Cases,https://jpwebsite.harriscountytx.gov/WebDockets/GetDocketDetail?date=06/25/2026&court=51&media=screen#0130PM,6/25/2026 1:30pm,6/25/2026 2:00pm,5,Judge Lombardino,2026,2026-06,2026-26,2026-06-25,Thursday,0,Harris County JP 5-1
Thu 6-25-2026 @ 2:30 pm — Harris County JP 5-2 w/Judge Wolfe — 68 Cases,https://jpwebsite.harriscountytx.gov/WebDockets/GetDocketDetail?date=06/25/2026&court=52&media=screen#0230PM,6/25/2026 2:30pm,6/25/2026 3:00pm,68,Judge Wolfe,2026,2026-06,2026-26,2026-06-25,Thursday,0,Harris County JP 5-2
Thu 6-25-2026 @ 9:00 am — Harris County JP 8-1 w/Judge Williamson — 56 Cases,https://jpwebsite.harriscountytx.gov/WebDockets/GetDocketDetail?date=06/25/2026&court=81&media=screen#0900AM,6/25/2026 9:00am,6/25/2026 10:00am,56,Judge Williamson,2026,2026-06,2026-26,2026-06-25,Thursday,0,Harris County JP 8-1
Thu 6-25-2026 @ 10:30 am — Harris County JP 1-1 w/Judge Carter — 20 Cases,https://jpwebsite.harriscountytx.gov/WebDockets/GetDocketDetail?date=06/25/2026&court=11&media=screen#1030AM,6/25/2026 10:30am,6/25/2026 11:00am,20,Judge Carter,2026,2026-06,2026-26,2026-06-25,Thursday,0,Harris County JP 1-1
Thu 6-25-2026 @ 10:30 am — Harris County JP 2-2 w/Judge Lozano — 12 Cases,https://jpwebsite.harriscountytx.gov/WebDockets/GetDocketDetail?date=06/25/2026&court=22&media=screen#1030AM,6/25/2026 10:30am,6/25/2026 11:30am,12,Judge Lozano,2026,2026-06,2026-26,2026-06-25,Thursday,0,Harris County JP 2-2
Fri 6-26-2026 @ 9:00 am — Harris County JP 5-1 w/Judge Lombardino — 29 Cases,https://jpwebsite.harriscountytx.gov/WebDockets/GetDocketDetail?date=06/26/2026&court=51&media=screen#0900AM,6/26/2026 9:00am,6/26/2026 9:30am,29,Judge Lombardino,2026,2026-06,2026-26,2026-06-26,Friday,0,Harris County JP 5-1
Fri 6-26-2026 @ 9:00 am — Harris County JP 6-2 w/Judge Rodriguez — 16 Cases,https://jpwebsite.harriscountytx.gov/WebDockets/GetDocketDetail?date=06/26/2026&court=62&media=screen#0900AM,6/26/2026 9:00am,6/27/2026 9:00am,16,Judge Rodriguez,2026,2026-06,2026-26,2026-06-26,Friday,0,Harris County JP 6-2
Fri 6-26-2026 @ 9:00 am — Harris County JP 4-1 w/Judge Goodwin — 1 Cases,https://jpwebsite.harriscountytx.gov/WebDockets/GetDocketDetail?date=06/26/2026&court=41&media=screen#0900AM,6/26/2026 9:00am,6/26/2026 9:30am,1,Judge Goodwin,2026,2026-06,2026-26,2026-06-26,Friday,0,Harris County JP 4-1
Mon 6-29-2026 @ 8:30 am — Harris County JP 1-1 w/Judge Carter — 35 Cases,https://jpwebsite.harriscountytx.gov/WebDockets/GetDocketDetail?date=06/29/2026&court=11&media=screen#0830AM,6/29/2026 8:30am,6/29/2026 9:30am,35,Judge Carter,2026,2026-06,2026-27,2026-06-29,Monday,0,Harris County JP 1-1
Mon 6-29-2026 @ 11:15 am — Harris County JP 1-1 w/Judge Carter — 7 Cases,https://jpwebsite.harriscountytx.gov/WebDockets/GetDocketDetail?date=06/29/2026&court=11&media=screen#1115AM,6/29/2026 11:15am,6/29/2026 12:15pm,7,Judge Carter,2026,2026-06,2026-27,2026-06-29,Monday,0,Harris County JP 1-1
Mon 6-29-2026 @ 1:00 pm — Harris County JP 4-1 w/Judge Goodwin — 52 Cases,https://jpwebsite.harriscountytx.gov/WebDockets/GetDocketDetail?date=06/29/2026&court=41&media=screen#0100PM,6/29/2026 1:00pm,6/29/2026 1:30pm,52,Judge Goodwin,2026,2026-06,2026-27,2026-06-29,Monday,0,Harris County JP 4-1
Mon 6-29-2026 @ 9:00 am — Harris County JP 4-1 w/Judge Goodwin — 80 Cases,https://jpwebsite.harriscountytx.gov/WebDockets/GetDocketDetail?date=06/29/2026&court=41&media=screen#0900AM,6/29/2026 9:00am,6/29/2026 9:30am,80,Judge Goodwin,2026,2026-06,2026-27,2026-06-29,Monday,0,Harris County JP 4-1
Mon 6-29-2026 @ 10:30 am — Harris County JP 1-1 w/Judge Carter — 32 Cases,https://jpwebsite.harriscountytx.gov/WebDockets/GetDocketDetail?date=06/29/2026&court=11&media=screen#1030AM,6/29/2026 10:30am,6/29/2026 11:15am,32,Judge Carter,2026,2026-06,2026-27,2026-06-29,Monday,0,Harris County JP 1-1
Mon 6-29-2026 @ 9:30 am — Harris County JP 1-1 w/Judge Carter — 31 Cases,https://jpwebsite.harriscountytx.gov/WebDockets/GetDocketDetail?date=06/29/2026&court=11&media=screen#0930AM,6/29/2026 9:30am,6/29/2026 10:30am,31,Judge Carter,2026,2026-06,2026-27,2026-06-29,Monday,0,Harris County JP 1-1
Mon 6-29-2026 @ 9:00 am — Harris County JP 6-2 w/Judge Rodriguez — 17 Cases,https://jpwebsite.harriscountytx.gov/WebDockets/GetDocketDetail?date=06/29/2026&court=62&media=screen#0900AM,6/29/2026 9:00am,7/1/2026 9:00am,17,Judge Rodriguez,2026,2026-06,2026-27,2026-06-29,Monday,0,Harris County JP 6-2
Tue 6-30-2026 @ 1:30 pm — Harris County JP 5-1 w/Judge Lombardino — 63 Cases,https://jpwebsite.harriscountytx.gov/WebDockets/GetDocketDetail?date=06/30/2026&court=51&media=screen#0130PM,6/30/2026 1:30pm,6/30/2026 2:00pm,63,Judge Lombardino,2026,2026-06,2026-27,2026-06-30,Tuesday,0,Harris County JP 5-1
Tue 6-30-2026 @ 1:00 pm — Harris County JP 1-2 w/Judge Duble — 6 Cases,https://jpwebsite.harriscountytx.gov/WebDockets/GetDocketDetail?date=06/30/2026&court=12&media=screen#0100PM,6/30/2026 1:00pm,6/30/2026 1:30pm,6,Judge Duble,2026,2026-06,2026-27,2026-06-30,Tuesday,0,Harris County JP 1-2
Tue 6-30-2026 @ 8:00 am — Harris County JP 2-1 w/Judge Delgado — 32 Cases,https://jpwebsite.harriscountytx.gov/WebDockets/GetDocketDetail?date=06/30/2026&court=21&media=screen#0800AM,6/30/2026 8:00am,6/30/2026 9:00am,32,Judge Delgado,2026,2026-06,2026-27,2026-06-30,Tuesday,0,Harris County JP 2-1
Tue 6-30-2026 @ 9:00 am — Harris County JP 4-1 w/Judge Goodwin — 62 Cases,https://jpwebsite.harriscountytx.gov/WebDockets/GetDocketDetail?date=06/30/2026&court=41&media=screen#0900AM,6/30/2026 9:00am,6/30/2026 9:30am,62,Judge Goodwin,2026,2026-06,2026-27,2026-06-30,Tuesday,0,Harris County JP 4-1
Tue 6-30-2026 @ 9:00 am — Harris County JP 1-1 w/Judge Carter — 47 Cases,https://jpwebsite.harriscountytx.gov/WebDockets/GetDocketDetail?date=06/30/2026&court=11&media=screen#0900AM,6/30/2026 9:00am,6/30/2026 10:00am,47,Judge Carter,2026,2026-06,2026-27,2026-06-30,Tuesday,0,Harris County JP 1-1
Tue 6-30-2026 @ 9:30 am — Harris County JP 1-2 w/Judge Duble — 20 Cases,https://jpwebsite.harriscountytx.gov/WebDockets/GetDocketDetail?date=06/30/2026&court=12&media=screen#0930AM,6/30/2026 9:30am,6/30/2026 1:00pm,20,Judge Duble,2026,2026-06,2026-27,2026-06-30,Tuesday,0,Harris County JP 1-2
Tue 6-30-2026 @ 3:00 pm — Harris County JP 2-1 w/Judge Delgado — 20 Cases,https://jpwebsite.harriscountytx.gov/WebDockets/GetDocketDetail?date=06/30/2026&court=21&media=screen#0300PM,6/30/2026 3:00pm,6/30/2026 4:00pm,20,Judge Delgado,2026,2026-06,2026-27,2026-06-30,Tuesday,0,Harris County JP 2-1
Tue 6-30-2026 @ 10:30 am — Harris County JP 3-1 w/Judge Stephens — 37 Cases,https://jpwebsite.harriscountytx.gov/WebDockets/GetDocketDetail?date=06/30/2026&court=31&media=screen#1030AM,6/30/2026 10:30am,6/30/2026 11:00am,37,Judge Stephens,2026,2026-06,2026-27,2026-06-30,Tuesday,0,Harris County JP 3-1
Tue 6-30-2026 @ 9:00 am — Harris County JP 3-1 w/Judge Stephens — 48 Cases,https://jpwebsite.harriscountytx.gov/WebDockets/GetDocketDetail?date=06/30/2026&court=31&media=screen#0900AM,6/30/2026 9:00am,6/30/2026 10:30am,48,Judge Stephens,2026,2026-06,2026-27,2026-06-30,Tuesday,0,Harris County JP 3-1
Tue 6-30-2026 @ 10:00 am — Harris County JP 4-2 w/Judge Korduba — 38 Cases,https://jpwebsite.harriscountytx.gov/WebDockets/GetDocketDetail?date=06/30/2026&court=42&media=screen#1000AM,6/30/2026 10:00am,6/30/2026 11:00am,38,Judge Korduba,2026,2026-06,2026-27,2026-06-30,Tuesday,0,Harris County JP 4-2
Tue 6-30-2026 @ 11:00 am — Harris County JP 4-2 w/Judge Korduba — 10 Cases,https://jpwebsite.harriscountytx.gov/WebDockets/GetDocketDetail?date=06/30/2026&court=42&media=screen#1100AM,6/30/2026 11:00am,6/30/2026 1:00pm,10,Judge Korduba,2026,2026-06,2026-27,2026-06-30,Tuesday,0,Harris County JP 4-2
Tue 6-30-2026 @ 1:00 pm — Harris County JP 4-2 w/Judge Korduba — 12 Cases,https://jpwebsite.harriscountytx.gov/WebDockets/GetDocketDetail?date=06/30/2026&court=42&media=screen#0100PM,6/30/2026 1:00pm,6/30/2026 1:30pm,12,Judge Korduba,2026,2026-06,2026-27,2026-06-30,Tuesday,0,Harris County JP 4-2
Tue 6-30-2026 @ 1:00 pm — Harris County JP 5-2 w/Judge Wolfe — 126 Cases,https://jpwebsite.harriscountytx.gov/WebDockets/GetDocketDetail?date=06/30/2026&court=52&media=screen#0100PM,6/30/2026 1:00pm,6/30/2026 1:30pm,126,Judge Wolfe,2026,2026-06,2026-27,2026-06-30,Tuesday,0,Harris County JP 5-2
Tue 6-30-2026 @ 9:00 am — Harris County JP 7-2 w/Judge Burney — 60 Cases,https://jpwebsite.harriscountytx.gov/WebDockets/GetDocketDetail?date=06/30/2026&court=72&media=screen#0900AM,6/30/2026 9:00am,6/30/2026 11:00am,60,Judge Burney,2026,2026-06,2026-27,2026-06-30,Tuesday,0,Harris County JP 7-2
Tue 6-30-2026 @ 11:00 am — Harris County JP 7-2 w/Judge Burney — 29 Cases,https://jpwebsite.harriscountytx.gov/WebDockets/GetDocketDetail?date=06/30/2026&court=72&media=screen#1100AM,6/30/2026 11:00am,6/30/2026 1:00pm,29,Judge Burney,2026,2026-06,2026-27,2026-06-30,Tuesday,0,Harris County JP 7-2
Wed 7-1-2026 @ 9:00 am — Harris County JP 7-1 w/Judge Adams — 70 Cases,https://jpwebsite.harriscountytx.gov/WebDockets/GetDocketDetail?date=07/01/2026&court=71&media=screen#0900AM,7/1/2026 9:00am,7/1/2026 1:00pm,70,Judge Adams,2026,2026-07,2026-27,2026-07-01,Wednesday,0,Harris County JP 7-1
Wed 7-1-2026 @ 9:00 am — Harris County JP 4-1 w/Judge Goodwin — 5 Cases,https://jpwebsite.harriscountytx.gov/WebDockets/GetDocketDetail?date=07/01/2026&court=41&media=screen#0900AM,7/1/2026 9:00am,7/1/2026 9:30am,5,Judge Goodwin,2026,2026-07,2026-27,2026-07-01,Wednesday,0,Harris County JP 4-1
Wed 7-1-2026 @ 8:30 am — Harris County JP 5-1 w/Judge Lombardino — 26 Cases,https://jpwebsite.harriscountytx.gov/WebDockets/GetDocketDetail?date=07/01/2026&court=51&media=screen#0830AM,7/1/2026 8:30am,7/1/2026 9:00am,26,Judge Lombardino,2026,2026-07,2026-27,2026-07-01,Wednesday,0,Harris County JP 5-1
Wed 7-1-2026 @ 2:30 pm — Harris County JP 2-1 w/Judge Delgado — 24 Cases,https://jpwebsite.harriscountytx.gov/WebDockets/GetDocketDetail?date=07/01/2026&court=21&media=screen#0230PM,7/1/2026 2:30pm,7/1/2026 3:30pm,24,Judge Delgado,2026,2026-07,2026-27,2026-07-01,Wednesday,0,Harris County JP 2-1
Wed 7-1-2026 @ 9:00 am — Harris County JP 6-1 w/Judge Treviño — 17 Cases,https://jpwebsite.harriscountytx.gov/WebDockets/GetDocketDetail?date=07/01/2026&court=61&media=screen#0900AM,7/1/2026 9:00am,7/1/2026 1:30pm,17,Judge Treviño,2026,2026-07,2026-27,2026-07-01,Wednesday,0,Harris County JP 6-1
Wed 7-1-2026 @ 1:00 pm — Harris County JP 7-1 w/Judge Adams — 28 Cases,https://jpwebsite.harriscountytx.gov/WebDockets/GetDocketDetail?date=07/01/2026&court=71&media=screen#0100PM,7/1/2026 1:00pm,7/1/2026 1:30pm,28,Judge Adams,2026,2026-07,2026-27,2026-07-01,Wednesday,0,Harris County JP 7-1
Wed 7-1-2026 @ 9:00 am — Harris County JP 8-1 w/Judge Williamson — 53 Cases,https://jpwebsite.harriscountytx.gov/WebDockets/GetDocketDetail?date=07/01/2026&court=81&media=screen#0900AM,7/1/2026 9:00am,7/1/2026 10:30am,53,Judge Williamson,2026,2026-07,2026-27,2026-07-01,Wednesday,0,Harris County JP 8-1
Thu 7-2-2026 @ 9:00 am — Harris County JP 2-2 w/Judge Lozano — 1 Cases,https://jpwebsite.harriscountytx.gov/WebDockets/GetDocketDetail?date=07/02/2026&court=22&media=screen#0900AM,7/2/2026 9:00am,7/2/2026 10:00am,1,Judge Lozano,2026,2026-07,2026-27,2026-07-02,Thursday,0,Harris County JP 2-2
Thu 7-2-2026 @ 9:30 am — Harris County JP 3-2 w/Judge Bates — 25 Cases,https://jpwebsite.harriscountytx.gov/WebDockets/GetDocketDetail?date=07/02/2026&court=32&media=screen#0930AM,7/2/2026 9:30am,7/3/2026 10:00am,25,Judge Bates,2026,2026-07,2026-27,2026-07-02,Thursday,0,Harris County JP 3-2
Thu 7-2-2026 @ 9:00 am — Harris County JP 4-1 w/Judge Goodwin — 15 Cases,https://jpwebsite.harriscountytx.gov/WebDockets/GetDocketDetail?date=07/02/2026&court=41&media=screen#0900AM,7/2/2026 9:00am,7/2/2026 9:30am,15,Judge Goodwin,2026,2026-07,2026-27,2026-07-02,Thursday,0,Harris County JP 4-1
Thu 7-2-2026 @ 1:30 pm — Harris County JP 5-1 w/Judge Lombardino — 26 Cases,https://jpwebsite.harriscountytx.gov/WebDockets/GetDocketDetail?date=07/02/2026&court=51&media=screen#0130PM,7/2/2026 1:30pm,7/2/2026 2:00pm,26,Judge Lombardino,2026,2026-07,2026-27,2026-07-02,Thursday,0,Harris County JP 5-1
Thu 7-2-2026 @ 2:30 pm — Harris County JP 5-2 w/Judge Wolfe — 90 Cases,https://jpwebsite.harriscountytx.gov/WebDockets/GetDocketDetail?date=07/02/2026&court=52&media=screen#0230PM,7/2/2026 2:30pm,7/2/2026 3:00pm,90,Judge Wolfe,2026,2026-07,2026-27,2026-07-02,Thursday,0,Harris County JP 5-2
Mon 7-6-2026 @ 8:30 am — Harris County JP 1-1 w/Judge Carter — 47 Cases,https://jpwebsite.harriscountytx.gov/WebDockets/GetDocketDetail?date=07/06/2026&court=11&media=screen#0830AM,7/6/2026 8:30am,7/6/2026 10:00am,47,Judge Carter,2026,2026-07,2026-28,2026-07-06,Monday,0,Harris County JP 1-1
Mon 7-6-2026 @ 10:00 am — Harris County JP 1-1 w/Judge Carter — 47 Cases,https://jpwebsite.harriscountytx.gov/WebDockets/GetDocketDetail?date=07/06/2026&court=11&media=screen#1000AM,7/6/2026 10:00am,7/6/2026 10:30am,47,Judge Carter,2026,2026-07,2026-28,2026-07-06,Monday,0,Harris County JP 1-1
Mon 7-6-2026 @ 1:00 pm — Harris County JP 4-1 w/Judge Goodwin — 18 Cases,https://jpwebsite.harriscountytx.gov/WebDockets/GetDocketDetail?date=07/06/2026&court=41&media=screen#0100PM,7/6/2026 1:00pm,7/6/2026 1:30pm,18,Judge Goodwin,2026,2026-07,2026-28,2026-07-06,Monday,0,Harris County JP 4-1
Mon 7-6-2026 @ 9:00 am — Harris County JP 4-1 w/Judge Goodwin — 80 Cases,https://jpwebsite.harriscountytx.gov/WebDockets/GetDocketDetail?date=07/06/2026&court=41&media=screen#0900AM,7/6/2026 9:00am,7/6/2026 9:30am,80,Judge Goodwin,2026,2026-07,2026-28,2026-07-06,Monday,0,Harris County JP 4-1
Mon 7-6-2026 @ 1:00 pm — Harris County JP 5-2 w/Judge Wolfe — 87 Cases,https://jpwebsite.harriscountytx.gov/WebDockets/GetDocketDetail?date=07/06/2026&court=52&media=screen#0100PM,7/6/2026 1:00pm,7/6/2026 1:30pm,87,Judge Wolfe,2026,2026-07,2026-28,2026-07-06,Monday,0,Harris County JP 5-2
Mon 7-6-2026 @ 9:00 am — Harris County JP 6-2 w/Judge Rodriguez — 8 Cases,https://jpwebsite.harriscountytx.gov/WebDockets/GetDocketDetail?date=07/06/2026&court=62&media=screen#0900AM,7/6/2026 9:00am,7/6/2026 1:00pm,8,Judge Rodriguez,2026,2026-07,2026-28,2026-07-06,Monday,0,Harris County JP 6-2
Tue 7-7-2026 @ 1:00 pm — Harris County JP 4-2 w/Judge Korduba — 13 Cases,https://jpwebsite.harriscountytx.gov/WebDockets/GetDocketDetail?date=07/07/2026&court=42&media=screen#0100PM,7/7/2026 1:00pm,7/7/2026 2:00pm,13,Judge Korduba,2026,2026-07,2026-28,2026-07-07,Tuesday,0,Harris County JP 4-2
Tue 7-7-2026 @ 9:00 am — Harris County JP 7-2 w/Judge Burney — 55 Cases,https://jpwebsite.harriscountytx.gov/WebDockets/GetDocketDetail?date=07/07/2026&court=72&media=screen#0900AM,7/7/2026 9:00am,7/7/2026 11:00am,55,Judge Burney,2026,2026-07,2026-28,2026-07-07,Tuesday,0,Harris County JP 7-2
Tue 7-7-2026 @ 10:00 am — Harris County JP 1-1 w/Judge Carter — 35 Cases,https://jpwebsite.harriscountytx.gov/WebDockets/GetDocketDetail?date=07/07/2026&court=11&media=screen#1000AM,7/7/2026 10:00am,7/7/2026 10:30am,35,Judge Carter,2026,2026-07,2026-28,2026-07-07,Tuesday,0,Harris County JP 1-1
Tue 7-7-2026 @ 8:30 am — Harris County JP 1-1 w/Judge Carter — 39 Cases,https://jpwebsite.harriscountytx.gov/WebDockets/GetDocketDetail?date=07/07/2026&court=11&media=screen#0830AM,7/7/2026 8:30am,7/7/2026 10:00am,39,Judge Carter,2026,2026-07,2026-28,2026-07-07,Tuesday,0,Harris County JP 1-1
Tue 7-7-2026 @ 2:00 pm — Harris County JP 1-2 w/Judge Duble — 2 Cases,https://jpwebsite.harriscountytx.gov/WebDockets/GetDocketDetail?date=07/07/2026&court=12&media=screen#0200PM,7/7/2026 2:00pm,7/7/2026 3:00pm,2,Judge Duble,2026,2026-07,2026-28,2026-07-07,Tuesday,0,Harris County JP 1-2
Tue 7-7-2026 @ 1:00 pm — Harris County JP 1-2 w/Judge Duble — 10 Cases,https://jpwebsite.harriscountytx.gov/WebDockets/GetDocketDetail?date=07/07/2026&court=12&media=screen#0100PM,7/7/2026 1:00pm,7/7/2026 2:00pm,10,Judge Duble,2026,2026-07,2026-28,2026-07-07,Tuesday,0,Harris County JP 1-2
Tue 7-7-2026 @ 9:30 am — Harris County JP 1-2 w/Judge Duble — 5 Cases,https://jpwebsite.harriscountytx.gov/WebDockets/GetDocketDetail?date=07/07/2026&court=12&media=screen#0930AM,7/7/2026 9:30am,7/7/2026 1:00pm,5,Judge Duble,2026,2026-07,2026-28,2026-07-07,Tuesday,0,Harris County JP 1-2
Tue 7-7-2026 @ 2:30 pm — Harris County JP 2-1 w/Judge Delgado — 23 Cases,https://jpwebsite.harriscountytx.gov/WebDockets/GetDocketDetail?date=07/07/2026&court=21&media=screen#0230PM,7/7/2026 2:30pm,7/7/2026 3:30pm,23,Judge Delgado,2026,2026-07,2026-28,2026-07-07,Tuesday,0,Harris County JP 2-1
Tue 7-7-2026 @ 10:00 am — Harris County JP 2-2 w/Judge Lozano — 15 Cases,https://jpwebsite.harriscountytx.gov/WebDockets/GetDocketDetail?date=07/07/2026&court=22&media=screen#1000AM,7/7/2026 10:00am,7/7/2026 11:00am,15,Judge Lozano,2026,2026-07,2026-28,2026-07-07,Tuesday,0,Harris County JP 2-2
Tue 7-7-2026 @ 9:00 am — Harris County JP 2-2 w/Judge Lozano — 18 Cases,https://jpwebsite.harriscountytx.gov/WebDockets/GetDocketDetail?date=07/07/2026&court=22&media=screen#0900AM,7/7/2026 9:00am,7/7/2026 10:00am,18,Judge Lozano,2026,2026-07,2026-28,2026-07-07,Tuesday,0,Harris County JP 2-2
Tue 7-7-2026 @ 9:00 am — Harris County JP 4-1 w/Judge Goodwin — 39 Cases,https://jpwebsite.harriscountytx.gov/WebDockets/GetDocketDetail?date=07/07/2026&court=41&media=screen#0900AM,7/7/2026 9:00am,7/7/2026 9:30am,39,Judge Goodwin,2026,2026-07,2026-28,2026-07-07,Tuesday,0,Harris County JP 4-1
Tue 7-7-2026 @ 10:00 am — Harris County JP 4-2 w/Judge Korduba — 22 Cases,https://jpwebsite.harriscountytx.gov/WebDockets/GetDocketDetail?date=07/07/2026&court=42&media=screen#1000AM,7/7/2026 10:00am,7/7/2026 11:00am,22,Judge Korduba,2026,2026-07,2026-28,2026-07-07,Tuesday,0,Harris County JP 4-2
Tue 7-7-2026 @ 11:00 am — Harris County JP 4-2 w/Judge Korduba — 4 Cases,https://jpwebsite.harriscountytx.gov/WebDockets/GetDocketDetail?date=07/07/2026&court=42&media=screen#1100AM,7/7/2026 11:00am,7/7/2026 1:00pm,4,Judge Korduba,2026,2026-07,2026-28,2026-07-07,Tuesday,0,Harris County JP 4-2
Tue 7-7-2026 @ 1:00 pm — Harris County JP 5-2 w/Judge Wolfe — 124 Cases,https://jpwebsite.harriscountytx.gov/WebDockets/GetDocketDetail?date=07/07/2026&court=52&media=screen#0100PM,7/7/2026 1:00pm,7/7/2026 1:30pm,124,Judge Wolfe,2026,2026-07,2026-28,2026-07-07,Tuesday,0,Harris County JP 5-2
Tue 7-7-2026 @ 9:00 am — Harris County JP 5-2 w/Judge Wolfe — 44 Cases,https://jpwebsite.harriscountytx.gov/WebDockets/GetDocketDetail?date=07/07/2026&court=52&media=screen#0900AM,7/7/2026 9:00am,7/7/2026 9:30am,44,Judge Wolfe,2026,2026-07,2026-28,2026-07-07,Tuesday,0,Harris County JP 5-2
Tue 7-7-2026 @ 11:00 am — Harris County JP 7-2 w/Judge Burney — 29 Cases,https://jpwebsite.harriscountytx.gov/WebDockets/GetDocketDetail?date=07/07/2026&court=72&media=screen#1100AM,7/7/2026 11:00am,7/7/2026 12:00pm,29,Judge Burney,2026,2026-07,2026-28,2026-07-07,Tuesday,0,Harris County JP 7-2
Wed 7-8-2026 @ 9:00 am — Harris County JP 7-1 w/Judge Adams — 64 Cases,https://jpwebsite.harriscountytx.gov/WebDockets/GetDocketDetail?date=07/08/2026&court=71&media=screen#0900AM,7/8/2026 9:00am,7/8/2026 9:30am,64,Judge Adams,2026,2026-07,2026-28,2026-07-08,Wednesday,0,Harris County JP 7-1
Wed 7-8-2026 @ 8:00 am — Harris County JP 2-1 w/Judge Delgado — 16 Cases,https://jpwebsite.harriscountytx.gov/WebDockets/GetDocketDetail?date=07/08/2026&court=21&media=screen#0800AM,7/8/2026 8:00am,7/8/2026 1:30pm,16,Judge Delgado,2026,2026-07,2026-28,2026-07-08,Wednesday,0,Harris County JP 2-1
Wed 7-8-2026 @ 1:30 pm — Harris County JP 2-1 w/Judge Delgado — 8 Cases,https://jpwebsite.harriscountytx.gov/WebDockets/GetDocketDetail?date=07/08/2026&court=21&media=screen#0130PM,7/8/2026 1:30pm,7/8/2026 8:00am,8,Judge Delgado,2026,2026-07,2026-28,2026-07-08,Wednesday,0,Harris County JP 2-1
Wed 7-8-2026 @ 9:00 am — Harris County JP 3-1 w/Judge Stephens — 42 Cases,https://jpwebsite.harriscountytx.gov/WebDockets/GetDocketDetail?date=07/08/2026&court=31&media=screen#0900AM,7/8/2026 9:00am,7/8/2026 10:30am,42,Judge Stephens,2026,2026-07,2026-28,2026-07-08,Wednesday,0,Harris County JP 3-1
Wed 7-8-2026 @ 10:30 am — Harris County JP 3-1 w/Judge Stephens — 35 Cases,https://jpwebsite.harriscountytx.gov/WebDockets/GetDocketDetail?date=07/08/2026&court=31&media=screen#1030AM,7/8/2026 10:30am,7/8/2026 11:30am,35,Judge Stephens,2026,2026-07,2026-28,2026-07-08,Wednesday,0,Harris County JP 3-1
Wed 7-8-2026 @ 9:00 am — Harris County JP 4-1 w/Judge Goodwin — 3 Cases,https://jpwebsite.harriscountytx.gov/WebDockets/GetDocketDetail?date=07/08/2026&court=41&media=screen#0900AM,7/8/2026 9:00am,7/8/2026 9:30am,3,Judge Goodwin,2026,2026-07,2026-28,2026-07-08,Wednesday,0,Harris County JP 4-1
Wed 7-8-2026 @ 8:30 am — Harris County JP 5-1 w/Judge Lombardino — 78 Cases,https://jpwebsite.harriscountytx.gov/WebDockets/GetDocketDetail?date=07/08/2026&court=51&media=screen#0830AM,7/8/2026 8:30am,7/8/2026 9:00am,78,Judge Lombardino,2026,2026-07,2026-28,2026-07-08,Wednesday,0,Harris County JP 5-1
Wed 7-8-2026 @ 9:00 am — Harris County JP 6-1 w/Judge Treviño — 18 Cases,https://jpwebsite.harriscountytx.gov/WebDockets/GetDocketDetail?date=07/08/2026&court=61&media=screen#0900AM,7/8/2026 9:00am,7/8/2026 1:30pm,18,Judge Treviño,2026,2026-07,2026-28,2026-07-08,Wednesday,0,Harris County JP 6-1
Thu 7-9-2026 @ 8:30 am — Harris County JP 1-1 w/Judge Carter — 40 Cases,https://jpwebsite.harriscountytx.gov/WebDockets/GetDocketDetail?date=07/09/2026&court=11&media=screen#0830AM,7/9/2026 8:30am,7/9/2026 10:00am,40,Judge Carter,2026,2026-07,2026-28,2026-07-09,Thursday,0,Harris County JP 1-1
Thu 7-9-2026 @ 10:00 am — Harris County JP 1-1 w/Judge Carter — 32 Cases,https://jpwebsite.harriscountytx.gov/WebDockets/GetDocketDetail?date=07/09/2026&court=11&media=screen#1000AM,7/9/2026 10:00am,7/9/2026 10:30am,32,Judge Carter,2026,2026-07,2026-28,2026-07-09,Thursday,0,Harris County JP 1-1
Thu 7-9-2026 @ 1:30 pm — Harris County JP 2-1 w/Judge Delgado — 8 Cases,https://jpwebsite.harriscountytx.gov/WebDockets/GetDocketDetail?date=07/09/2026&court=21&media=screen#0130PM,7/9/2026 1:30pm,7/9/2026 2:30pm,8,Judge Delgado,2026,2026-07,2026-28,2026-07-09,Thursday,0,Harris County JP 2-1
Thu 7-9-2026 @ 8:00 am — Harris County JP 2-1 w/Judge Delgado — 15 Cases,https://jpwebsite.harriscountytx.gov/WebDockets/GetDocketDetail?date=07/09/2026&court=21&media=screen#0800AM,7/9/2026 8:00am,7/9/2026 9:00am,15,Judge Delgado,2026,2026-07,2026-28,2026-07-09,Thursday,0,Harris County JP 2-1
Thu 7-9-2026 @ 9:00 am — Harris County JP 2-2 w/Judge Lozano — 19 Cases,https://jpwebsite.harriscountytx.gov/WebDockets/GetDocketDetail?date=07/09/2026&court=22&media=screen#0900AM,7/9/2026 9:00am,7/9/2026 10:00am,19,Judge Lozano,2026,2026-07,2026-28,2026-07-09,Thursday,0,Harris County JP 2-2
Thu 7-9-2026 @ 10:00 am — Harris County JP 2-2 w/Judge Lozano — 14 Cases,https://jpwebsite.harriscountytx.gov/WebDockets/GetDocketDetail?date=07/09/2026&court=22&media=screen#1000AM,7/9/2026 10:00am,7/9/2026 11:00am,14,Judge Lozano,2026,2026-07,2026-28,2026-07-09,Thursday,0,Harris County JP 2-2
Thu 7-9-2026 @ 9:30 am — Harris County JP 3-2 w/Judge Bates — 22 Cases,https://jpwebsite.harriscountytx.gov/WebDockets/GetDocketDetail?date=07/09/2026&court=32&media=screen#0930AM,7/9/2026 9:30am,7/9/2026 10:30am,22,Judge Bates,2026,2026-07,2026-28,2026-07-09,Thursday,0,Harris County JP 3-2
Thu 7-9-2026 @ 9:00 am — Harris County JP 4-1 w/Judge Goodwin — 31 Cases,https://jpwebsite.harriscountytx.gov/WebDockets/GetDocketDetail?date=07/09/2026&court=41&media=screen#0900AM,7/9/2026 9:00am,7/9/2026 9:30am,31,Judge Goodwin,2026,2026-07,2026-28,2026-07-09,Thursday,0,Harris County JP 4-1
Thu 7-9-2026 @ 1:30 pm — Harris County JP 5-1 w/Judge Lombardino — 42 Cases,https://jpwebsite.harriscountytx.gov/WebDockets/GetDocketDetail?date=07/09/2026&court=51&media=screen#0130PM,7/9/2026 1:30pm,7/9/2026 2:00pm,42,Judge Lombardino,2026,2026-07,2026-28,2026-07-09,Thursday,0,Harris County JP 5-1
Thu 7-9-2026 @ 2:30 pm — Harris County JP 5-2 w/Judge Wolfe — 106 Cases,https://jpwebsite.harriscountytx.gov/WebDockets/GetDocketDetail?date=07/09/2026&court=52&media=screen#0230PM,7/9/2026 2:30pm,7/9/2026 3:00pm,106,Judge Wolfe,2026,2026-07,2026-28,2026-07-09,Thursday,0,Harris County JP 5-2
Thu 7-9-2026 @ 9:00 am — Harris County JP 5-2 w/Judge Wolfe — 59 Cases,https://jpwebsite.harriscountytx.gov/WebDockets/GetDocketDetail?date=07/09/2026&court=52&media=screen#0900AM,7/9/2026 9:00am,7/9/2026 9:30am,59,Judge Wolfe,2026,2026-07,2026-28,2026-07-09,Thursday,0,Harris County JP 5-2
Thu 7-9-2026 @ 9:00 am — Harris County JP 8-1 w/Judge Williamson — 30 Cases,https://jpwebsite.harriscountytx.gov/WebDockets/GetDocketDetail?date=07/09/2026&court=81&media=screen#0900AM,7/9/2026 9:00am,7/9/2026 10:00am,30,Judge Williamson,2026,2026-07,2026-28,2026-07-09,Thursday,0,Harris County JP 8-1
Fri 7-10-2026 @ 9:00 am — Harris County JP 5-1 w/Judge Lombardino — 23 Cases,https://jpwebsite.harriscountytx.gov/WebDockets/GetDocketDetail?date=07/10/2026&court=51&media=screen#0900AM,7/10/2026 9:00am,7/10/2026 9:30am,23,Judge Lombardino,2026,2026-07,2026-28,2026-07-10,Friday,0,Harris County JP 5-1
Fri 7-10-2026 @ 9:00 am — Harris County JP 6-2 w/Judge Rodriguez — 14 Cases,https://jpwebsite.harriscountytx.gov/WebDockets/GetDocketDetail?date=07/10/2026&court=62&media=screen#0900AM,7/10/2026 9:00am,7/10/2026 1:00pm,14,Judge Rodriguez,2026,2026-07,2026-28,2026-07-10,Friday,0,Harris County JP 6-2
Mon 7-13-2026 @ 8:30 am — Harris County JP 1-1 w/Judge Carter — 39 Cases,https://jpwebsite.harriscountytx.gov/WebDockets/GetDocketDetail?date=07/13/2026&court=11&media=screen#0830AM,7/13/2026 8:30am,7/13/2026 10:00am,39,Judge Carter,2026,2026-07,2026-29,2026-07-13,Monday,0,Harris County JP 1-1
Mon 7-13-2026 @ 10:00 am — Harris County JP 1-1 w/Judge Carter — 38 Cases,https://jpwebsite.harriscountytx.gov/WebDockets/GetDocketDetail?date=07/13/2026&court=11&media=screen#1000AM,7/13/2026 10:00am,7/13/2026 8:30am,38,Judge Carter,2026,2026-07,2026-29,2026-07-13,Monday,0,Harris County JP 1-1
Mon 7-13-2026 @ 8:00 am — Harris County JP 2-1 w/Judge Delgado — 13 Cases,https://jpwebsite.harriscountytx.gov/WebDockets/GetDocketDetail?date=07/13/2026&court=21&media=screen#0800AM,7/13/2026 8:00am,7/13/2026 8:30am,13,Judge Delgado,2026,2026-07,2026-29,2026-07-13,Monday,0,Harris County JP 2-1
Mon 7-13-2026 @ 9:30 am — Harris County JP 2-1 w/Judge Delgado — 11 Cases,https://jpwebsite.harriscountytx.gov/WebDockets/GetDocketDetail?date=07/13/2026&court=21&media=screen#0930AM,7/13/2026 9:30am,7/13/2026 10:00am,11,Judge Delgado,2026,2026-07,2026-29,2026-07-13,Monday,0,Harris County JP 2-1
Mon 7-13-2026 @ 1:00 pm — Harris County JP 4-1 w/Judge Goodwin — 46 Cases,https://jpwebsite.harriscountytx.gov/WebDockets/GetDocketDetail?date=07/13/2026&court=41&media=screen#0100PM,7/13/2026 1:00pm,7/13/2026 1:30pm,46,Judge Goodwin,2026,2026-07,2026-29,2026-07-13,Monday,0,Harris County JP 4-1
Mon 7-13-2026 @ 9:00 am — Harris County JP 4-1 w/Judge Goodwin — 88 Cases,https://jpwebsite.harriscountytx.gov/WebDockets/GetDocketDetail?date=07/13/2026&court=41&media=screen#0900AM,7/13/2026 9:00am,7/13/2026 9:30am,88,Judge Goodwin,2026,2026-07,2026-29,2026-07-13,Monday,0,Harris County JP 4-1
Mon 7-13-2026 @ 9:00 am — Harris County JP 6-2 w/Judge Rodriguez — 11 Cases,https://jpwebsite.harriscountytx.gov/WebDockets/GetDocketDetail?date=07/13/2026&court=62&media=screen#0900AM,7/13/2026 9:00am,7/13/2026 11:00am,11,Judge Rodriguez,2026,2026-07,2026-29,2026-07-13,Monday,0,Harris County JP 6-2
Mon 7-13-2026 @ 11:00 am — Harris County JP 6-2 w/Judge Rodriguez — 1 Cases,https://jpwebsite.harriscountytx.gov/WebDockets/GetDocketDetail?date=07/13/2026&court=62&media=screen#1100AM,7/13/2026 11:00am,7/13/2026 1:00pm,1,Judge Rodriguez,2026,2026-07,2026-29,2026-07-13,Monday,0,Harris County JP 6-2
Tue 7-14-2026 @ 9:00 am — Harris County JP 4-1 w/Judge Goodwin — 47 Cases,https://jpwebsite.harriscountytx.gov/WebDockets/GetDocketDetail?date=07/14/2026&court=41&media=screen#0900AM,7/14/2026 9:00am,7/14/2026 9:30am,47,Judge Goodwin,2026,2026-07,2026-29,2026-07-14,Tuesday,0,Harris County JP 4-1
Tue 7-14-2026 @ 8:30 am — Harris County JP 1-1 w/Judge Carter — 39 Cases,https://jpwebsite.harriscountytx.gov/WebDockets/GetDocketDetail?date=07/14/2026&court=11&media=screen#0830AM,7/14/2026 8:30am,7/14/2026 10:00am,39,Judge Carter,2026,2026-07,2026-29,2026-07-14,Tuesday,0,Harris County JP 1-1
Tue 7-14-2026 @ 10:00 am — Harris County JP 1-1 w/Judge Carter — 40 Cases,https://jpwebsite.harriscountytx.gov/WebDockets/GetDocketDetail?date=07/14/2026&court=11&media=screen#1000AM,7/14/2026 10:00am,7/14/2026 11:30am,40,Judge Carter,2026,2026-07,2026-29,2026-07-14,Tuesday,0,Harris County JP 1-1
Tue 7-14-2026 @ 1:00 pm — Harris County JP 1-2 w/Judge Duble — 4 Cases,https://jpwebsite.harriscountytx.gov/WebDockets/GetDocketDetail?date=07/14/2026&court=12&media=screen#0100PM,7/14/2026 1:00pm,7/14/2026 2:00pm,4,Judge Duble,2026,2026-07,2026-29,2026-07-14,Tuesday,0,Harris County JP 1-2
Tue 7-14-2026 @ 9:30 am — Harris County JP 1-2 w/Judge Duble — 13 Cases,https://jpwebsite.harriscountytx.gov/WebDockets/GetDocketDetail?date=07/14/2026&court=12&media=screen#0930AM,7/14/2026 9:30am,7/14/2026 1:00pm,13,Judge Duble,2026,2026-07,2026-29,2026-07-14,Tuesday,0,Harris County JP 1-2
Tue 7-14-2026 @ 8:00 am — Harris County JP 2-1 w/Judge Delgado — 17 Cases,https://jpwebsite.harriscountytx.gov/WebDockets/GetDocketDetail?date=07/14/2026&court=21&media=screen#0800AM,7/14/2026 8:00am,7/14/2026 8:30am,17,Judge Delgado,2026,2026-07,2026-29,2026-07-14,Tuesday,0,Harris County JP 2-1
Tue 7-14-2026 @ 9:30 am — Harris County JP 3-2 w/Judge Bates — 16 Cases,https://jpwebsite.harriscountytx.gov/WebDockets/GetDocketDetail?date=07/14/2026&court=32&media=screen#0930AM,7/14/2026 9:30am,7/14/2026 10:30am,16,Judge Bates,2026,2026-07,2026-29,2026-07-14,Tuesday,0,Harris County JP 3-2
Tue 7-14-2026 @ 2:00 pm — Harris County JP 4-2 w/Judge Korduba — 23 Cases,https://jpwebsite.harriscountytx.gov/WebDockets/GetDocketDetail?date=07/14/2026&court=42&media=screen#0200PM,7/14/2026 2:00pm,7/14/2026 3:00pm,23,Judge Korduba,2026,2026-07,2026-29,2026-07-14,Tuesday,0,Harris County JP 4-2
Tue 7-14-2026 @ 1:00 pm — Harris County JP 4-2 w/Judge Korduba — 26 Cases,https://jpwebsite.harriscountytx.gov/WebDockets/GetDocketDetail?date=07/14/2026&court=42&media=screen#0100PM,7/14/2026 1:00pm,7/14/2026 2:00pm,26,Judge Korduba,2026,2026-07,2026-29,2026-07-14,Tuesday,0,Harris County JP 4-2
Tue 7-14-2026 @ 10:00 am — Harris County JP 4-2 w/Judge Korduba — 16 Cases,https://jpwebsite.harriscountytx.gov/WebDockets/GetDocketDetail?date=07/14/2026&court=42&media=screen#1000AM,7/14/2026 10:00am,7/14/2026 11:00am,16,Judge Korduba,2026,2026-07,2026-29,2026-07-14,Tuesday,0,Harris County JP 4-2
Tue 7-14-2026 @ 11:00 am — Harris County JP 4-2 w/Judge Korduba — 7 Cases,https://jpwebsite.harriscountytx.gov/WebDockets/GetDocketDetail?date=07/14/2026&court=42&media=screen#1100AM,7/14/2026 11:00am,7/14/2026 1:00pm,7,Judge Korduba,2026,2026-07,2026-29,2026-07-14,Tuesday,0,Harris County JP 4-2
Tue 7-14-2026 @ 8:30 am — Harris County JP 5-1 w/Judge Lombardino — 93 Cases,https://jpwebsite.harriscountytx.gov/WebDockets/GetDocketDetail?date=07/14/2026&court=51&media=screen#0830AM,7/14/2026 8:30am,7/14/2026 1:30pm,93,Judge Lombardino,2026,2026-07,2026-29,2026-07-14,Tuesday,0,Harris County JP 5-1
Tue 7-14-2026 @ 1:30 pm — Harris County JP 5-1 w/Judge Lombardino — 64 Cases,https://jpwebsite.harriscountytx.gov/WebDockets/GetDocketDetail?date=07/14/2026&court=51&media=screen#0130PM,7/14/2026 1:30pm,7/14/2026 6:30pm,64,Judge Lombardino,2026,2026-07,2026-29,2026-07-14,Tuesday,0,Harris County JP 5-1
Tue 7-14-2026 @ 9:00 am — Harris County JP 7-2 w/Judge Burney — 59 Cases,https://jpwebsite.harriscountytx.gov/WebDockets/GetDocketDetail?date=07/14/2026&court=72&media=screen#0900AM,7/14/2026 9:00am,7/14/2026 11:00am,59,Judge Burney,2026,2026-07,2026-29,2026-07-14,Tuesday,0,Harris County JP 7-2
Tue 7-14-2026 @ 11:00 am — Harris County JP 7-2 w/Judge Burney — 54 Cases,https://jpwebsite.harriscountytx.gov/WebDockets/GetDocketDetail?date=07/14/2026&court=72&media=screen#1100AM,7/14/2026 11:00am,7/14/2026 1:00pm,54,Judge Burney,2026,2026-07,2026-29,2026-07-14,Tuesday,0,Harris County JP 7-2
Wed 7-15-2026 @ 10:30 am — Harris County JP 3-1 w/Judge Stephens — 32 Cases,https://jpwebsite.harriscountytx.gov/WebDockets/GetDocketDetail?date=07/15/2026&court=31&media=screen#1030AM,7/15/2026 10:30am,7/15/2026 11:30am,32,Judge Stephens,2026,2026-07,2026-29,2026-07-15,Wednesday,0,Harris County JP 3-1
Wed 7-15-2026 @ 9:00 am — Harris County JP 3-1 w/Judge Stephens — 39 Cases,https://jpwebsite.harriscountytx.gov/WebDockets/GetDocketDetail?date=07/15/2026&court=31&media=screen#0900AM,7/15/2026 9:00am,7/15/2026 10:30am,39,Judge Stephens,2026,2026-07,2026-29,2026-07-15,Wednesday,0,Harris County JP 3-1
Wed 7-15-2026 @ 9:00 am — Harris County JP 4-1 w/Judge Goodwin — 3 Cases,https://jpwebsite.harriscountytx.gov/WebDockets/GetDocketDetail?date=07/15/2026&court=41&media=screen#0900AM,7/15/2026 9:00am,7/15/2026 9:30am,3,Judge Goodwin,2026,2026-07,2026-29,2026-07-15,Wednesday,0,Harris County JP 4-1
Wed 7-15-2026 @ 9:00 am — Harris County JP 6-1 w/Judge Treviño — 20 Cases,https://jpwebsite.harriscountytx.gov/WebDockets/GetDocketDetail?date=07/15/2026&court=61&media=screen#0900AM,7/15/2026 9:00am,7/15/2026 12:45pm,20,Judge Treviño,2026,2026-07,2026-29,2026-07-15,Wednesday,0,Harris County JP 6-1
Wed 7-15-2026 @ 9:00 am — Harris County JP 7-1 w/Judge Adams — 68 Cases,https://jpwebsite.harriscountytx.gov/WebDockets/GetDocketDetail?date=07/15/2026&court=71&media=screen#0900AM,7/15/2026 9:00am,7/16/2026 9:00am,68,Judge Adams,2026,2026-07,2026-29,2026-07-15,Wednesday,0,Harris County JP 7-1
Wed 7-15-2026 @ 9:00 am — Harris County JP 8-1 w/Judge Williamson — 14 Cases,https://jpwebsite.harriscountytx.gov/WebDockets/GetDocketDetail?date=07/15/2026&court=81&media=screen#0900AM,7/15/2026 9:00am,,14,Judge Williamson,2026,2026-07,2026-29,2026-07-15,Wednesday,0,Harris County JP 8-1
Thu 7-16-2026 @ 10:00 am — Harris County JP 1-1 w/Judge Carter — 38 Cases,https://jpwebsite.harriscountytx.gov/WebDockets/GetDocketDetail?date=07/16/2026&court=11&media=screen#1000AM,7/16/2026 10:00am,7/16/2026 11:30am,38,Judge Carter,2026,2026-07,2026-29,2026-07-16,Thursday,0,Harris County JP 1-1
Thu 7-16-2026 @ 8:30 am — Harris County JP 1-1 w/Judge Carter — 35 Cases,https://jpwebsite.harriscountytx.gov/WebDockets/GetDocketDetail?date=07/16/2026&court=11&media=screen#0830AM,7/16/2026 8:30am,7/16/2026 10:00am,35,Judge Carter,2026,2026-07,2026-29,2026-07-16,Thursday,0,Harris County JP 1-1
Thu 7-16-2026 @ 8:00 am — Harris County JP 2-1 w/Judge Delgado — 15 Cases,https://jpwebsite.harriscountytx.gov/WebDockets/GetDocketDetail?date=07/16/2026&court=21&media=screen#0800AM,7/16/2026 8:00am,7/16/2026 8:30am,15,Judge Delgado,2026,2026-07,2026-29,2026-07-16,Thursday,0,Harris County JP 2-1
Thu 7-16-2026 @ 1:30 pm — Harris County JP 2-1 w/Judge Delgado — 9 Cases,https://jpwebsite.harriscountytx.gov/WebDockets/GetDocketDetail?date=07/16/2026&court=21&media=screen#0130PM,7/16/2026 1:30pm,7/16/2026 2:00pm,9,Judge Delgado,2026,2026-07,2026-29,2026-07-16,Thursday,0,Harris County JP 2-1
Thu 7-16-2026 @ 9:00 am — Harris County JP 2-2 w/Judge Lozano — 13 Cases,https://jpwebsite.harriscountytx.gov/WebDockets/GetDocketDetail?date=07/16/2026&court=22&media=screen#0900AM,7/16/2026 9:00am,7/16/2026 10:00am,13,Judge Lozano,2026,2026-07,2026-29,2026-07-16,Thursday,0,Harris County JP 2-2
Thu 7-16-2026 @ 10:00 am — Harris County JP 2-2 w/Judge Lozano — 11 Cases,https://jpwebsite.harriscountytx.gov/WebDockets/GetDocketDetail?date=07/16/2026&court=22&media=screen#1000AM,7/16/2026 10:00am,7/16/2026 11:00am,11,Judge Lozano,2026,2026-07,2026-29,2026-07-16,Thursday,0,Harris County JP 2-2
Thu 7-16-2026 @ 9:00 am — Harris County JP 4-1 w/Judge Goodwin — 25 Cases,https://jpwebsite.harriscountytx.gov/WebDockets/GetDocketDetail?date=07/16/2026&court=41&media=screen#0900AM,7/16/2026 9:00am,7/16/2026 9:30am,25,Judge Goodwin,2026,2026-07,2026-29,2026-07-16,Thursday,0,Harris County JP 4-1
Thu 7-16-2026 @ 8:30 am — Harris County JP 5-1 w/Judge Lombardino — 73 Cases,https://jpwebsite.harriscountytx.gov/WebDockets/GetDocketDetail?date=07/16/2026&court=51&media=screen#0830AM,7/16/2026 8:30am,7/16/2026 1:30pm,73,Judge Lombardino,2026,2026-07,2026-29,2026-07-16,Thursday,0,Harris County JP 5-1
Thu 7-16-2026 @ 8:00 am — Harris County JP 5-2 w/Judge Wolfe — 83 Cases,https://jpwebsite.harriscountytx.gov/WebDockets/GetDocketDetail?date=07/16/2026&court=52&media=screen#0800AM,7/16/2026 8:00am,7/16/2026 8:30am,83,Judge Wolfe,2026,2026-07,2026-29,2026-07-16,Thursday,0,Harris County JP 5-2
Thu 7-16-2026 @ 1:00 pm — Harris County JP 5-2 w/Judge Wolfe — 52 Cases,https://jpwebsite.harriscountytx.gov/WebDockets/GetDocketDetail?date=07/16/2026&court=52&media=screen#0100PM,7/16/2026 1:00pm,7/16/2026 3:00pm,52,Judge Wolfe,2026,2026-07,2026-29,2026-07-16,Thursday,0,Harris County JP 5-2
Thu 7-16-2026 @ 3:00 pm — Harris County JP 5-2 w/Judge Wolfe — 59 Cases,https://jpwebsite.harriscountytx.gov/WebDockets/GetDocketDetail?date=07/16/2026&court=52&media=screen#0300PM,7/16/2026 3:00pm,7/16/2026 3:30pm,59,Judge Wolfe,2026,2026-07,2026-29,2026-07-16,Thursday,0,Harris County JP 5-2
Thu 7-16-2026 @ 10:00 am — Harris County JP 5-2 w/Judge Wolfe — 61 Cases,https://jpwebsite.harriscountytx.gov/WebDockets/GetDocketDetail?date=07/16/2026&court=52&media=screen#1000AM,7/16/2026 10:00am,7/16/2026 10:30am,61,Judge Wolfe,2026,2026-07,2026-29,2026-07-16,Thursday,0,Harris County JP 5-2
Fri 7-17-2026 @ 9:00 am — Harris County JP 4-1 w/Judge Goodwin — 2 Cases,https://jpwebsite.harriscountytx.gov/WebDockets/GetDocketDetail?date=07/17/2026&court=41&media=screen#0900AM,7/17/2026 9:00am,7/17/2026 9:30am,2,Judge Goodwin,2026,2026-07,2026-29,2026-07-17,Friday,0,Harris County JP 4-1
Fri 7-17-2026 @ 9:00 am — Harris County JP 5-1 w/Judge Lombardino — 10 Cases,https://jpwebsite.harriscountytx.gov/WebDockets/GetDocketDetail?date=07/17/2026&court=51&media=screen#0900AM,7/17/2026 9:00am,7/17/2026 2:00pm,10,Judge Lombardino,2026,2026-07,2026-29,2026-07-17,Friday,0,Harris County JP 5-1
Fri 7-17-2026 @ 11:00 am — Harris County JP 6-2 w/Judge Rodriguez — 1 Cases,https://jpwebsite.harriscountytx.gov/WebDockets/GetDocketDetail?date=07/17/2026&court=62&media=screen#1100AM,7/17/2026 11:00am,7/17/2026 1:00pm,1,Judge Rodriguez,2026,2026-07,2026-29,2026-07-17,Friday,0,Harris County JP 6-2
Fri 7-17-2026 @ 9:00 am — Harris County JP 6-2 w/Judge Rodriguez — 8 Cases,https://jpwebsite.harriscountytx.gov/WebDockets/GetDocketDetail?date=07/17/2026&court=62&media=screen#0900AM,7/17/2026 9:00am,7/17/2026 11:00am,8,Judge Rodriguez,2026,2026-07,2026-29,2026-07-17,Friday,0,Harris County JP 6-2
Mon 7-20-2026 @ 10:00 am — Harris County JP 1-1 w/Judge Carter — 27 Cases,https://jpwebsite.harriscountytx.gov/WebDockets/GetDocketDetail?date=07/20/2026&court=11&media=screen#1000AM,7/20/2026 10:00am,7/20/2026 10:30am,27,Judge Carter,2026,2026-07,2026-30,2026-07-20,Monday,0,Harris County JP 1-1
Mon 7-20-2026 @ 8:30 am — Harris County JP 1-1 w/Judge Carter — 31 Cases,https://jpwebsite.harriscountytx.gov/WebDockets/GetDocketDetail?date=07/20/2026&court=11&media=screen#0830AM,7/20/2026 8:30am,7/20/2026 10:00am,31,Judge Carter,2026,2026-07,2026-30,2026-07-20,Monday,0,Harris County JP 1-1
Mon 7-20-2026 @ 8:00 am — Harris County JP 2-1 w/Judge Delgado — 20 Cases,https://jpwebsite.harriscountytx.gov/WebDockets/GetDocketDetail?date=07/20/2026&court=21&media=screen#0800AM,7/20/2026 8:00am,7/20/2026 9:00am,20,Judge Delgado,2026,2026-07,2026-30,2026-07-20,Monday,0,Harris County JP 2-1
Mon 7-20-2026 @ 1:00 pm — Harris County JP 4-1 w/Judge Goodwin — 7 Cases,https://jpwebsite.harriscountytx.gov/WebDockets/GetDocketDetail?date=07/20/2026&court=41&media=screen#0100PM,7/20/2026 1:00pm,7/20/2026 1:30pm,7,Judge Goodwin,2026,2026-07,2026-30,2026-07-20,Monday,0,Harris County JP 4-1
Mon 7-20-2026 @ 9:00 am — Harris County JP 4-1 w/Judge Goodwin — 86 Cases,https://jpwebsite.harriscountytx.gov/WebDockets/GetDocketDetail?date=07/20/2026&court=41&media=screen#0900AM,7/20/2026 9:00am,7/20/2026 9:30am,86,Judge Goodwin,2026,2026-07,2026-30,2026-07-20,Monday,0,Harris County JP 4-1
Mon 7-20-2026 @ 1:00 pm — Harris County JP 5-2 w/Judge Wolfe — 97 Cases,https://jpwebsite.harriscountytx.gov/WebDockets/GetDocketDetail?date=07/20/2026&court=52&media=screen#0100PM,7/20/2026 1:00pm,7/20/2026 1:30pm,97,Judge Wolfe,2026,2026-07,2026-30,2026-07-20,Monday,0,Harris County JP 5-2
Mon 7-20-2026 @ 9:00 am — Harris County JP 6-2 w/Judge Rodriguez — 8 Cases,https://jpwebsite.harriscountytx.gov/WebDockets/GetDocketDetail?date=07/20/2026&court=62&media=screen#0900AM,7/20/2026 9:00am,7/21/2026 9:00am,8,Judge Rodriguez,2026,2026-07,2026-30,2026-07-20,Monday,0,Harris County JP 6-2
Tue 7-21-2026 @ 9:00 am — Harris County JP 4-1 w/Judge Goodwin — 63 Cases,https://jpwebsite.harriscountytx.gov/WebDockets/GetDocketDetail?date=07/21/2026&court=41&media=screen#0900AM,7/21/2026 9:00am,7/21/2026 9:30am,63,Judge Goodwin,2026,2026-07,2026-30,2026-07-21,Tuesday,0,Harris County JP 4-1
Tue 7-21-2026 @ 2:00 pm — Harris County JP 1-2 w/Judge Duble — 1 Cases,https://jpwebsite.harriscountytx.gov/WebDockets/GetDocketDetail?date=07/21/2026&court=12&media=screen#0200PM,7/21/2026 2:00pm,7/21/2026 3:00pm,1,Judge Duble,2026,2026-07,2026-30,2026-07-21,Tuesday,0,Harris County JP 1-2
Tue 7-21-2026 @ 1:00 pm — Harris County JP 1-2 w/Judge Duble — 7 Cases,https://jpwebsite.harriscountytx.gov/WebDockets/GetDocketDetail?date=07/21/2026&court=12&media=screen#0100PM,7/21/2026 1:00pm,7/21/2026 2:00pm,7,Judge Duble,2026,2026-07,2026-30,2026-07-21,Tuesday,0,Harris County JP 1-2
Tue 7-21-2026 @ 9:30 am — Harris County JP 1-2 w/Judge Duble — 10 Cases,https://jpwebsite.harriscountytx.gov/WebDockets/GetDocketDetail?date=07/21/2026&court=12&media=screen#0930AM,7/21/2026 9:30am,7/21/2026 1:00pm,10,Judge Duble,2026,2026-07,2026-30,2026-07-21,Tuesday,0,Harris County JP 1-2
Tue 7-21-2026 @ 8:00 am — Harris County JP 2-1 w/Judge Delgado — 18 Cases,https://jpwebsite.harriscountytx.gov/WebDockets/GetDocketDetail?date=07/21/2026&court=21&media=screen#0800AM,7/21/2026 8:00am,7/21/2026 9:00am,18,Judge Delgado,2026,2026-07,2026-30,2026-07-21,Tuesday,0,Harris County JP 2-1
Tue 7-21-2026 @ 9:00 am — Harris County JP 3-1 w/Judge Stephens — 15 Cases,https://jpwebsite.harriscountytx.gov/WebDockets/GetDocketDetail?date=07/21/2026&court=31&media=screen#0900AM,7/21/2026 9:00am,7/21/2026 10:30am,15,Judge Stephens,2026,2026-07,2026-30,2026-07-21,Tuesday,0,Harris County JP 3-1
Tue 7-21-2026 @ 10:30 am — Harris County JP 3-1 w/Judge Stephens — 27 Cases,https://jpwebsite.harriscountytx.gov/WebDockets/GetDocketDetail?date=07/21/2026&court=31&media=screen#1030AM,7/21/2026 10:30am,7/21/2026 11:00am,27,Judge Stephens,2026,2026-07,2026-30,2026-07-21,Tuesday,0,Harris County JP 3-1
Tue 7-21-2026 @ 1:00 pm — Harris County JP 4-2 w/Judge Korduba — 15 Cases,https://jpwebsite.harriscountytx.gov/WebDockets/GetDocketDetail?date=07/21/2026&court=42&media=screen#0100PM,7/21/2026 1:00pm,7/21/2026 2:00pm,15,Judge Korduba,2026,2026-07,2026-30,2026-07-21,Tuesday,0,Harris County JP 4-2
Tue 7-21-2026 @ 11:00 am — Harris County JP 4-2 w/Judge Korduba — 13 Cases,https://jpwebsite.harriscountytx.gov/WebDockets/GetDocketDetail?date=07/21/2026&court=42&media=screen#1100AM,7/21/2026 11:00am,7/21/2026 1:00pm,13,Judge Korduba,2026,2026-07,2026-30,2026-07-21,Tuesday,0,Harris County JP 4-2
Tue 7-21-2026 @ 10:00 am — Harris County JP 4-2 w/Judge Korduba — 76 Cases,https://jpwebsite.harriscountytx.gov/WebDockets/GetDocketDetail?date=07/21/2026&court=42&media=screen#1000AM,7/21/2026 10:00am,7/21/2026 11:00am,76,Judge Korduba,2026,2026-07,2026-30,2026-07-21,Tuesday,0,Harris County JP 4-2
Tue 7-21-2026 @ 1:00 pm — Harris County JP 5-2 w/Judge Wolfe — 76 Cases,https://jpwebsite.harriscountytx.gov/WebDockets/GetDocketDetail?date=07/21/2026&court=52&media=screen#0100PM,7/21/2026 1:00pm,7/21/2026 1:30pm,76,Judge Wolfe,2026,2026-07,2026-30,2026-07-21,Tuesday,0,Harris County JP 5-2
Tue 7-21-2026 @ 11:00 am — Harris County JP 7-2 w/Judge Burney — 1 Cases,https://jpwebsite.harriscountytx.gov/WebDockets/GetDocketDetail?date=07/21/2026&court=72&media=screen#1100AM,7/21/2026 11:00am,7/21/2026 12:00pm,1,Judge Burney,2026,2026-07,2026-30,2026-07-21,Tuesday,0,Harris County JP 7-2
Tue 7-21-2026 @ 9:00 am — Harris County JP 7-2 w/Judge Burney — 68 Cases,https://jpwebsite.harriscountytx.gov/WebDockets/GetDocketDetail?date=07/21/2026&court=72&media=screen#0900AM,7/21/2026 9:00am,7/21/2026 11:00am,68,Judge Burney,2026,2026-07,2026-30,2026-07-21,Tuesday,0,Harris County JP 7-2
Wed 7-22-2026 @ 9:00 am — Harris County JP 4-1 w/Judge Goodwin — 2 Cases,https://jpwebsite.harriscountytx.gov/WebDockets/GetDocketDetail?date=07/22/2026&court=41&media=screen#0900AM,7/22/2026 9:00am,7/22/2026 9:30am,2,Judge Goodwin,2026,2026-07,2026-30,2026-07-22,Wednesday,0,Harris County JP 4-1
Wed 7-22-2026 @ 8:30 am — Harris County JP 5-1 w/Judge Lombardino — 48 Cases,https://jpwebsite.harriscountytx.gov/WebDockets/GetDocketDetail?date=07/22/2026&court=51&media=screen#0830AM,7/22/2026 8:30am,7/22/2026 9:00am,48,Judge Lombardino,2026,2026-07,2026-30,2026-07-22,Wednesday,0,Harris County JP 5-1
Wed 7-22-2026 @ 9:00 am — Harris County JP 6-1 w/Judge Treviño — 23 Cases,https://jpwebsite.harriscountytx.gov/WebDockets/GetDocketDetail?date=07/22/2026&court=61&media=screen#0900AM,7/22/2026 9:00am,7/22/2026 9:30am,23,Judge Treviño,2026,2026-07,2026-30,2026-07-22,Wednesday,0,Harris County JP 6-1
Wed 7-22-2026 @ 9:00 am — Harris County JP 6-2 w/Judge Rodriguez — 3 Cases,https://jpwebsite.harriscountytx.gov/WebDockets/GetDocketDetail?date=07/22/2026&court=62&media=screen#0900AM,7/22/2026 9:00am,7/23/2026 9:00am,3,Judge Rodriguez,2026,2026-07,2026-30,2026-07-22,Wednesday,0,Harris County JP 6-2
Wed 7-22-2026 @ 9:00 am — Harris County JP 7-1 w/Judge Adams — 52 Cases,https://jpwebsite.harriscountytx.gov/WebDockets/GetDocketDetail?date=07/22/2026&court=71&media=screen#0900AM,7/22/2026 9:00am,7/22/2026 9:30am,52,Judge Adams,2026,2026-07,2026-30,2026-07-22,Wednesday,0,Harris County JP 7-1
Thu 7-23-2026 @ 8:30 am — Harris County JP 1-1 w/Judge Carter — 31 Cases,https://jpwebsite.harriscountytx.gov/WebDockets/GetDocketDetail?date=07/23/2026&court=11&media=screen#0830AM,7/23/2026 8:30am,7/23/2026 10:00am,31,Judge Carter,2026,2026-07,2026-30,2026-07-23,Thursday,0,Harris County JP 1-1
Thu 7-23-2026 @ 10:00 am — Harris County JP 1-1 w/Judge Carter — 30 Cases,https://jpwebsite.harriscountytx.gov/WebDockets/GetDocketDetail?date=07/23/2026&court=11&media=screen#1000AM,7/23/2026 10:00am,7/23/2026 10:30am,30,Judge Carter,2026,2026-07,2026-30,2026-07-23,Thursday,0,Harris County JP 1-1
Thu 7-23-2026 @ 8:00 am — Harris County JP 2-1 w/Judge Delgado — 12 Cases,https://jpwebsite.harriscountytx.gov/WebDockets/GetDocketDetail?date=07/23/2026&court=21&media=screen#0800AM,7/23/2026 8:00am,7/23/2026 9:00am,12,Judge Delgado,2026,2026-07,2026-30,2026-07-23,Thursday,0,Harris County JP 2-1
Thu 7-23-2026 @ 9:00 am — Harris County JP 2-2 w/Judge Lozano — 9 Cases,https://jpwebsite.harriscountytx.gov/WebDockets/GetDocketDetail?date=07/23/2026&court=22&media=screen#0900AM,7/23/2026 9:00am,7/23/2026 10:00am,9,Judge Lozano,2026,2026-07,2026-30,2026-07-23,Thursday,0,Harris County JP 2-2
Thu 7-23-2026 @ 9:30 am — Harris County JP 3-2 w/Judge Bates — 20 Cases,https://jpwebsite.harriscountytx.gov/WebDockets/GetDocketDetail?date=07/23/2026&court=32&media=screen#0930AM,7/23/2026 9:30am,7/23/2026 2:00pm,20,Judge Bates,2026,2026-07,2026-30,2026-07-23,Thursday,0,Harris County JP 3-2
Thu 7-23-2026 @ 9:00 am — Harris County JP 4-1 w/Judge Goodwin — 19 Cases,https://jpwebsite.harriscountytx.gov/WebDockets/GetDocketDetail?date=07/23/2026&court=41&media=screen#0900AM,7/23/2026 9:00am,7/23/2026 9:30am,19,Judge Goodwin,2026,2026-07,2026-30,2026-07-23,Thursday,0,Harris County JP 4-1
Thu 7-23-2026 @ 1:30 pm — Harris County JP 5-1 w/Judge Lombardino — 95 Cases,https://jpwebsite.harriscountytx.gov/WebDockets/GetDocketDetail?date=07/23/2026&court=51&media=screen#0130PM,7/23/2026 1:30pm,7/23/2026 2:00pm,95,Judge Lombardino,2026,2026-07,2026-30,2026-07-23,Thursday,0,Harris County JP 5-1
Thu 7-23-2026 @ 2:30 pm — Harris County JP 5-2 w/Judge Wolfe — 69 Cases,https://jpwebsite.harriscountytx.gov/WebDockets/GetDocketDetail?date=07/23/2026&court=52&media=screen#0230PM,7/23/2026 2:30pm,7/23/2026 3:00pm,69,Judge Wolfe,2026,2026-07,2026-30,2026-07-23,Thursday,0,Harris County JP 5-2
Thu 7-23-2026 @ 9:00 am — Harris County JP 8-1 w/Judge Williamson — 41 Cases,https://jpwebsite.harriscountytx.gov/WebDockets/GetDocketDetail?date=07/23/2026&court=81&media=screen#0900AM,7/23/2026 9:00am,7/23/2026 10:00am,41,Judge Williamson,2026,2026-07,2026-30,2026-07-23,Thursday,0,Harris County JP 8-1
Fri 7-24-2026 @ 9:00 am — Harris County JP 5-1 w/Judge Lombardino — 6 Cases,https://jpwebsite.harriscountytx.gov/WebDockets/GetDocketDetail?date=07/24/2026&court=51&media=screen#0900AM,7/24/2026 9:00am,7/24/2026 9:30am,6,Judge Lombardino,2026,2026-07,2026-30,2026-07-24,Friday,0,Harris County JP 5-1
Fri 7-24-2026 @ 9:00 am — Harris County JP 6-2 w/Judge Rodriguez — 22 Cases,https://jpwebsite.harriscountytx.gov/WebDockets/GetDocketDetail?date=07/24/2026&court=62&media=screen#0900AM,7/24/2026 9:00am,7/25/2026 9:00am,22,Judge Rodriguez,2026,2026-07,2026-30,2026-07-24,Friday,0,Harris County JP 6-2
Mon 7-27-2026 @ 10:00 am — Harris County JP 1-1 w/Judge Carter — 36 Cases,https://jpwebsite.harriscountytx.gov/WebDockets/GetDocketDetail?date=07/27/2026&court=11&media=screen#1000AM,7/27/2026 10:00am,7/27/2026 10:30am,36,Judge Carter,2026,2026-07,2026-31,2026-07-27,Monday,0,Harris County JP 1-1
Mon 7-27-2026 @ 8:30 am — Harris County JP 1-1 w/Judge Carter — 40 Cases,https://jpwebsite.harriscountytx.gov/WebDockets/GetDocketDetail?date=07/27/2026&court=11&media=screen#0830AM,7/27/2026 8:30am,7/27/2026 10:00am,40,Judge Carter,2026,2026-07,2026-31,2026-07-27,Monday,0,Harris County JP 1-1
Mon 7-27-2026 @ 8:00 am — Harris County JP 2-1 w/Judge Delgado — 19 Cases,https://jpwebsite.harriscountytx.gov/WebDockets/GetDocketDetail?date=07/27/2026&court=21&media=screen#0800AM,7/27/2026 8:00am,7/27/2026 9:00am,19,Judge Delgado,2026,2026-07,2026-31,2026-07-27,Monday,0,Harris County JP 2-1
Mon 7-27-2026 @ 9:30 am — Harris County JP 3-2 w/Judge Bates — 24 Cases,https://jpwebsite.harriscountytx.gov/WebDockets/GetDocketDetail?date=07/27/2026&court=32&media=screen#0930AM,7/27/2026 9:30am,7/27/2026 10:30am,24,Judge Bates,2026,2026-07,2026-31,2026-07-27,Monday,0,Harris County JP 3-2
Mon 7-27-2026 @ 9:00 am — Harris County JP 4-1 w/Judge Goodwin — 71 Cases,https://jpwebsite.harriscountytx.gov/WebDockets/GetDocketDetail?date=07/27/2026&court=41&media=screen#0900AM,7/27/2026 9:00am,7/27/2026 9:30am,71,Judge Goodwin,2026,2026-07,2026-31,2026-07-27,Monday,0,Harris County JP 4-1
Mon 7-27-2026 @ 1:00 pm — Harris County JP 4-1 w/Judge Goodwin — 12 Cases,https://jpwebsite.harriscountytx.gov/WebDockets/GetDocketDetail?date=07/27/2026&court=41&media=screen#0100PM,7/27/2026 1:00pm,7/27/2026 1:30pm,12,Judge Goodwin,2026,2026-07,2026-31,2026-07-27,Monday,0,Harris County JP 4-1
Mon 7-27-2026 @ 1:00 pm — Harris County JP 5-2 w/Judge Wolfe — 62 Cases,https://jpwebsite.harriscountytx.gov/WebDockets/GetDocketDetail?date=07/27/2026&court=52&media=screen#0100PM,7/27/2026 1:00pm,7/27/2026 1:30pm,62,Judge Wolfe,2026,2026-07,2026-31,2026-07-27,Monday,0,Harris County JP 5-2
Mon 7-27-2026 @ 9:00 am — Harris County JP 6-2 w/Judge Rodriguez — 15 Cases,https://jpwebsite.harriscountytx.gov/WebDockets/GetDocketDetail?date=07/27/2026&court=62&media=screen#0900AM,7/27/2026 9:00am,7/27/2026 9:00am,15,Judge Rodriguez,2026,2026-07,2026-31,2026-07-27,Monday,0,Harris County JP 6-2
Tue 7-28-2026 @ 9:30 am — Harris County JP 1-2 w/Judge Duble — 9 Cases,https://jpwebsite.harriscountytx.gov/WebDockets/GetDocketDetail?date=07/28/2026&court=12&media=screen#0930AM,7/28/2026 9:30am,7/28/2026 1:00pm,9,Judge Duble,2026,2026-07,2026-31,2026-07-28,Tuesday,0,Harris County JP 1-2
Tue 7-28-2026 @ 1:00 pm — Harris County JP 1-2 w/Judge Duble — 4 Cases,https://jpwebsite.harriscountytx.gov/WebDockets/GetDocketDetail?date=07/28/2026&court=12&media=screen#0100PM,7/28/2026 1:00pm,7/28/2026 2:00pm,4,Judge Duble,2026,2026-07,2026-31,2026-07-28,Tuesday,0,Harris County JP 1-2
Tue 7-28-2026 @ 8:00 am — Harris County JP 2-1 w/Judge Delgado — 18 Cases,https://jpwebsite.harriscountytx.gov/WebDockets/GetDocketDetail?date=07/28/2026&court=21&media=screen#0800AM,7/28/2026 8:00am,7/28/2026 9:00am,18,Judge Delgado,2026,2026-07,2026-31,2026-07-28,Tuesday,0,Harris County JP 2-1
Tue 7-28-2026 @ 9:00 am — Harris County JP 2-2 w/Judge Lozano — 17 Cases,https://jpwebsite.harriscountytx.gov/WebDockets/GetDocketDetail?date=07/28/2026&court=22&media=screen#0900AM,7/28/2026 9:00am,7/28/2026 10:00am,17,Judge Lozano,2026,2026-07,2026-31,2026-07-28,Tuesday,0,Harris County JP 2-2
Tue 7-28-2026 @ 10:00 am — Harris County JP 2-2 w/Judge Lozano — 14 Cases,https://jpwebsite.harriscountytx.gov/WebDockets/GetDocketDetail?date=07/28/2026&court=22&media=screen#1000AM,7/28/2026 10:00am,7/28/2026 11:00am,14,Judge Lozano,2026,2026-07,2026-31,2026-07-28,Tuesday,0,Harris County JP 2-2
Tue 7-28-2026 @ 10:30 am — Harris County JP 3-1 w/Judge Stephens — 24 Cases,https://jpwebsite.harriscountytx.gov/WebDockets/GetDocketDetail?date=07/28/2026&court=31&media=screen#1030AM,7/28/2026 10:30am,7/28/2026 11:00am,24,Judge Stephens,2026,2026-07,2026-31,2026-07-28,Tuesday,0,Harris County JP 3-1
Tue 7-28-2026 @ 9:00 am — Harris County JP 3-1 w/Judge Stephens — 35 Cases,https://jpwebsite.harriscountytx.gov/WebDockets/GetDocketDetail?date=07/28/2026&court=31&media=screen#0900AM,7/28/2026 9:00am,7/28/2026 10:30am,35,Judge Stephens,2026,2026-07,2026-31,2026-07-28,Tuesday,0,Harris County JP 3-1
Tue 7-28-2026 @ 9:00 am — Harris County JP 4-1 w/Judge Goodwin — 63 Cases,https://jpwebsite.harriscountytx.gov/WebDockets/GetDocketDetail?date=07/28/2026&court=41&media=screen#0900AM,7/28/2026 9:00am,7/28/2026 9:30am,63,Judge Goodwin,2026,2026-07,2026-31,2026-07-28,Tuesday,0,Harris County JP 4-1
Tue 7-28-2026 @ 10:00 am — Harris County JP 4-2 w/Judge Korduba — 57 Cases,https://jpwebsite.harriscountytx.gov/WebDockets/GetDocketDetail?date=07/28/2026&court=42&media=screen#1000AM,7/28/2026 10:00am,7/28/2026 11:00am,57,Judge Korduba,2026,2026-07,2026-31,2026-07-28,Tuesday,0,Harris County JP 4-2
Tue 7-28-2026 @ 11:00 am — Harris County JP 4-2 w/Judge Korduba — 10 Cases,https://jpwebsite.harriscountytx.gov/WebDockets/GetDocketDetail?date=07/28/2026&court=42&media=screen#1100AM,7/28/2026 11:00am,7/28/2026 1:00pm,10,Judge Korduba,2026,2026-07,2026-31,2026-07-28,Tuesday,0,Harris County JP 4-2
Tue 7-28-2026 @ 1:00 pm — Harris County JP 4-2 w/Judge Korduba — 11 Cases,https://jpwebsite.harriscountytx.gov/WebDockets/GetDocketDetail?date=07/28/2026&court=42&media=screen#0100PM,7/28/2026 1:00pm,7/28/2026 2:00pm,11,Judge Korduba,2026,2026-07,2026-31,2026-07-28,Tuesday,0,Harris County JP 4-2
Tue 7-28-2026 @ 1:30 pm — Harris County JP 5-1 w/Judge Lombardino — 67 Cases,https://jpwebsite.harriscountytx.gov/WebDockets/GetDocketDetail?date=07/28/2026&court=51&media=screen#0130PM,7/28/2026 1:30pm,7/28/2026 2:00pm,67,Judge Lombardino,2026,2026-07,2026-31,2026-07-28,Tuesday,0,Harris County JP 5-1
Tue 7-28-2026 @ 1:00 pm — Harris County JP 5-2 w/Judge Wolfe — 65 Cases,https://jpwebsite.harriscountytx.gov/WebDockets/GetDocketDetail?date=07/28/2026&court=52&media=screen#0100PM,7/28/2026 1:00pm,7/28/2026 1:30pm,65,Judge Wolfe,2026,2026-07,2026-31,2026-07-28,Tuesday,0,Harris County JP 5-2
Tue 7-28-2026 @ 9:00 am — Harris County JP 7-2 w/Judge Burney — 63 Cases,https://jpwebsite.harriscountytx.gov/WebDockets/GetDocketDetail?date=07/28/2026&court=72&media=screen#0900AM,7/28/2026 9:00am,7/29/2026 8:30am,63,Judge Burney,2026,2026-07,2026-31,2026-07-28,Tuesday,0,Harris County JP 7-2
Wed 7-29-2026 @ 9:00 am — Harris County JP 7-1 w/Judge Adams — 49 Cases,https://jpwebsite.harriscountytx.gov/WebDockets/GetDocketDetail?date=07/29/2026&court=71&media=screen#0900AM,7/29/2026 9:00am,7/29/2026 9:30am,49,Judge Adams,2026,2026-07,2026-31,2026-07-29,Wednesday,0,Harris County JP 7-1
Wed 7-29-2026 @ 1:00 pm — Harris County JP 1-2 w/Judge Duble — 1 Cases,https://jpwebsite.harriscountytx.gov/WebDockets/GetDocketDetail?date=07/29/2026&court=12&media=screen#0100PM,7/29/2026 1:00pm,7/29/2026 2:00pm,1,Judge Duble,2026,2026-07,2026-31,2026-07-29,Wednesday,0,Harris County JP 1-2
Wed 7-29-2026 @ 9:00 am — Harris County JP 4-1 w/Judge Goodwin — 3 Cases,https://jpwebsite.harriscountytx.gov/WebDockets/GetDocketDetail?date=07/29/2026&court=41&media=screen#0900AM,7/29/2026 9:00am,7/29/2026 9:30am,3,Judge Goodwin,2026,2026-07,2026-31,2026-07-29,Wednesday,0,Harris County JP 4-1
Wed 7-29-2026 @ 9:00 am — Harris County JP 6-1 w/Judge Treviño — 19 Cases,https://jpwebsite.harriscountytx.gov/WebDockets/GetDocketDetail?date=07/29/2026&court=61&media=screen#0900AM,7/29/2026 9:00am,7/29/2026 1:30pm,19,Judge Treviño,2026,2026-07,2026-31,2026-07-29,Wednesday,0,Harris County JP 6-1
Thu 7-30-2026 @ 10:00 am — Harris County JP 1-1 w/Judge Carter — 37 Cases,https://jpwebsite.harriscountytx.gov/WebDockets/GetDocketDetail?date=07/30/2026&court=11&media=screen#1000AM,7/30/2026 10:00am,7/30/2026 10:30am,37,Judge Carter,2026,2026-07,2026-31,2026-07-30,Thursday,0,Harris County JP 1-1
Thu 7-30-2026 @ 8:30 am — Harris County JP 1-1 w/Judge Carter — 36 Cases,https://jpwebsite.harriscountytx.gov/WebDockets/GetDocketDetail?date=07/30/2026&court=11&media=screen#0830AM,7/30/2026 8:30am,7/30/2026 10:00am,36,Judge Carter,2026,2026-07,2026-31,2026-07-30,Thursday,0,Harris County JP 1-1
Thu 7-30-2026 @ 1:30 pm — Harris County JP 2-1 w/Judge Delgado — 13 Cases,https://jpwebsite.harriscountytx.gov/WebDockets/GetDocketDetail?date=07/30/2026&court=21&media=screen#0130PM,7/30/2026 1:30pm,7/30/2026 2:30pm,13,Judge Delgado,2026,2026-07,2026-31,2026-07-30,Thursday,0,Harris County JP 2-1
Thu 7-30-2026 @ 9:00 am — Harris County JP 4-1 w/Judge Goodwin — 24 Cases,https://jpwebsite.harriscountytx.gov/WebDockets/GetDocketDetail?date=07/30/2026&court=41&media=screen#0900AM,7/30/2026 9:00am,7/30/2026 9:30am,24,Judge Goodwin,2026,2026-07,2026-31,2026-07-30,Thursday,0,Harris County JP 4-1
Thu 7-30-2026 @ 1:30 pm — Harris County JP 5-1 w/Judge Lombardino — 85 Cases,https://jpwebsite.harriscountytx.gov/WebDockets/GetDocketDetail?date=07/30/2026&court=51&media=screen#0130PM,7/30/2026 1:30pm,7/30/2026 2:00pm,85,Judge Lombardino,2026,2026-07,2026-31,2026-07-30,Thursday,0,Harris County JP 5-1
Thu 7-30-2026 @ 2:30 pm — Harris County JP 5-2 w/Judge Wolfe — 74 Cases,https://jpwebsite.harriscountytx.gov/WebDockets/GetDocketDetail?date=07/30/2026&court=52&media=screen#0230PM,7/30/2026 2:30pm,7/30/2026 3:00pm,74,Judge Wolfe,2026,2026-07,2026-31,2026-07-30,Thursday,0,Harris County JP 5-2
Thu 7-30-2026 @ 9:00 am — Harris County JP 6-2 w/Judge Rodriguez — 13 Cases,https://jpwebsite.harriscountytx.gov/WebDockets/GetDocketDetail?date=07/30/2026&court=62&media=screen#0900AM,7/30/2026 9:00am,7/30/2026 11:00am,13,Judge Rodriguez,2026,2026-07,2026-31,2026-07-30,Thursday,0,Harris County JP 6-2
Thu 7-30-2026 @ 11:00 am — Harris County JP 6-2 w/Judge Rodriguez — 1 Cases,https://jpwebsite.harriscountytx.gov/WebDockets/GetDocketDetail?date=07/30/2026&court=62&media=screen#1100AM,7/30/2026 11:00am,7/30/2026 9:00am,1,Judge Rodriguez,2026,2026-07,2026-31,2026-07-30,Thursday,0,Harris County JP 6-2
Thu 7-30-2026 @ 9:00 am — Harris County JP 8-1 w/Judge Williamson — 66 Cases,https://jpwebsite.harriscountytx.gov/WebDockets/GetDocketDetail?date=07/30/2026&court=81&media=screen#0900AM,7/30/2026 9:00am,7/30/2026 1:30pm,66,Judge Williamson,2026,2026-07,2026-31,2026-07-30,Thursday,0,Harris County JP 8-1
Fri 7-31-2026 @ 9:00 am — Harris County JP 4-1 w/Judge Goodwin — 1 Cases,https://jpwebsite.harriscountytx.gov/WebDockets/GetDocketDetail?date=07/31/2026&court=41&media=screen#0900AM,7/31/2026 9:00am,7/31/2026 9:30am,1,Judge Goodwin,2026,2026-07,2026-31,2026-07-31,Friday,0,Harris County JP 4-1
Fri 7-31-2026 @ 9:00 am — Harris County JP 5-1 w/Judge Lombardino — 13 Cases,https://jpwebsite.harriscountytx.gov/WebDockets/GetDocketDetail?date=07/31/2026&court=51&media=screen#0900AM,7/31/2026 9:00am,7/31/2026 9:30am,13,Judge Lombardino,2026,2026-07,2026-31,2026-07-31,Friday,0,Harris County JP 5-1
Fri 7-31-2026 @ 9:00 am — Harris County JP 6-2 w/Judge Rodriguez — 16 Cases,https://jpwebsite.harriscountytx.gov/WebDockets/GetDocketDetail?date=07/31/2026&court=62&media=screen#0900AM,7/31/2026 9:00am,8/3/2026 9:00am,16,Judge Rodriguez,2026,2026-07,2026-31,2026-07-31,Friday,0,Harris County JP 6-2
Mon 8-3-2026 @ 10:00 am — Harris County JP 1-1 w/Judge Carter — 37 Cases,https://jpwebsite.harriscountytx.gov/WebDockets/GetDocketDetail?date=08/03/2026&court=11&media=screen#1000AM,8/3/2026 10:00am,8/3/2026 10:30am,37,Judge Carter,2026,2026-08,2026-32,2026-08-03,Monday,0,Harris County JP 1-1
Mon 8-3-2026 @ 8:30 am — Harris County JP 1-1 w/Judge Carter — 41 Cases,https://jpwebsite.harriscountytx.gov/WebDockets/GetDocketDetail?date=08/03/2026&court=11&media=screen#0830AM,8/3/2026 8:30am,8/3/2026 10:00am,41,Judge Carter,2026,2026-08,2026-32,2026-08-03,Monday,0,Harris County JP 1-1
Mon 8-3-2026 @ 8:00 am — Harris County JP 2-1 w/Judge Delgado — 11 Cases,https://jpwebsite.harriscountytx.gov/WebDockets/GetDocketDetail?date=08/03/2026&court=21&media=screen#0800AM,8/3/2026 8:00am,8/3/2026 9:00am,11,Judge Delgado,2026,2026-08,2026-32,2026-08-03,Monday,0,Harris County JP 2-1
Mon 8-3-2026 @ 9:30 am — Harris County JP 3-2 w/Judge Bates — 26 Cases,https://jpwebsite.harriscountytx.gov/WebDockets/GetDocketDetail?date=08/03/2026&court=32&media=screen#0930AM,8/3/2026 9:30am,8/3/2026 10:00am,26,Judge Bates,2026,2026-08,2026-32,2026-08-03,Monday,0,Harris County JP 3-2
Mon 8-3-2026 @ 9:00 am — Harris County JP 4-1 w/Judge Goodwin — 103 Cases,https://jpwebsite.harriscountytx.gov/WebDockets/GetDocketDetail?date=08/03/2026&court=41&media=screen#0900AM,8/3/2026 9:00am,8/3/2026 9:30am,103,Judge Goodwin,2026,2026-08,2026-32,2026-08-03,Monday,0,Harris County JP 4-1
Mon 8-3-2026 @ 1:00 pm — Harris County JP 4-1 w/Judge Goodwin — 37 Cases,https://jpwebsite.harriscountytx.gov/WebDockets/GetDocketDetail?date=08/03/2026&court=41&media=screen#0100PM,8/3/2026 1:00pm,8/3/2026 1:30pm,37,Judge Goodwin,2026,2026-08,2026-32,2026-08-03,Monday,0,Harris County JP 4-1
Mon 8-3-2026 @ 1:00 pm — Harris County JP 5-2 w/Judge Wolfe — 87 Cases,https://jpwebsite.harriscountytx.gov/WebDockets/GetDocketDetail?date=08/03/2026&court=52&media=screen#0100PM,8/3/2026 1:00pm,8/3/2026 1:30pm,87,Judge Wolfe,2026,2026-08,2026-32,2026-08-03,Monday,0,Harris County JP 5-2
Mon 8-3-2026 @ 9:00 am — Harris County JP 6-2 w/Judge Rodriguez — 10 Cases,https://jpwebsite.harriscountytx.gov/WebDockets/GetDocketDetail?date=08/03/2026&court=62&media=screen#0900AM,8/3/2026 9:00am,8/5/2026 9:00am,10,Judge Rodriguez,2026,2026-08,2026-32,2026-08-03,Monday,0,Harris County JP 6-2
Tue 8-4-2026 @ 8:30 am — Harris County JP 1-1 w/Judge Carter — 27 Cases,https://jpwebsite.harriscountytx.gov/WebDockets/GetDocketDetail?date=08/04/2026&court=11&media=screen#0830AM,8/4/2026 8:30am,8/4/2026 10:00am,27,Judge Carter,2026,2026-08,2026-32,2026-08-04,Tuesday,0,Harris County JP 1-1
Tue 8-4-2026 @ 10:00 am — Harris County JP 1-1 w/Judge Carter — 27 Cases,https://jpwebsite.harriscountytx.gov/WebDockets/GetDocketDetail?date=08/04/2026&court=11&media=screen#1000AM,8/4/2026 10:00am,8/4/2026 10:30am,27,Judge Carter,2026,2026-08,2026-32,2026-08-04,Tuesday,0,Harris County JP 1-1
Tue 8-4-2026 @ 8:00 am — Harris County JP 2-1 w/Judge Delgado — 16 Cases,https://jpwebsite.harriscountytx.gov/WebDockets/GetDocketDetail?date=08/04/2026&court=21&media=screen#0800AM,8/4/2026 8:00am,8/4/2026 9:00am,16,Judge Delgado,2026,2026-08,2026-32,2026-08-04,Tuesday,0,Harris County JP 2-1
Tue 8-4-2026 @ 10:30 am — Harris County JP 3-1 w/Judge Stephens — 35 Cases,https://jpwebsite.harriscountytx.gov/WebDockets/GetDocketDetail?date=08/04/2026&court=31&media=screen#1030AM,8/4/2026 10:30am,8/4/2026 11:00am,35,Judge Stephens,2026,2026-08,2026-32,2026-08-04,Tuesday,0,Harris County JP 3-1
Tue 8-4-2026 @ 9:00 am — Harris County JP 3-1 w/Judge Stephens — 39 Cases,https://jpwebsite.harriscountytx.gov/WebDockets/GetDocketDetail?date=08/04/2026&court=31&media=screen#0900AM,8/4/2026 9:00am,8/4/2026 10:30am,39,Judge Stephens,2026,2026-08,2026-32,2026-08-04,Tuesday,0,Harris County JP 3-1
Tue 8-4-2026 @ 11:00 am — Harris County JP 3-1 w/Judge Stephens — 36 Cases,https://jpwebsite.harriscountytx.gov/WebDockets/GetDocketDetail?date=08/04/2026&court=31&media=screen#1100AM,8/4/2026 11:00am,8/4/2026 11:30am,36,Judge Stephens,2026,2026-08,2026-32,2026-08-04,Tuesday,0,Harris County JP 3-1
Tue 8-4-2026 @ 9:00 am — Harris County JP 4-1 w/Judge Goodwin — 45 Cases,https://jpwebsite.harriscountytx.gov/WebDockets/GetDocketDetail?date=08/04/2026&court=41&media=screen#0900AM,8/4/2026 9:00am,8/4/2026 9:30am,45,Judge Goodwin,2026,2026-08,2026-32,2026-08-04,Tuesday,0,Harris County JP 4-1
Tue 8-4-2026 @ 11:00 am — Harris County JP 4-2 w/Judge Korduba — 18 Cases,https://jpwebsite.harriscountytx.gov/WebDockets/GetDocketDetail?date=08/04/2026&court=42&media=screen#1100AM,8/4/2026 11:00am,8/4/2026 1:00pm,18,Judge Korduba,2026,2026-08,2026-32,2026-08-04,Tuesday,0,Harris County JP 4-2
Tue 8-4-2026 @ 1:00 pm — Harris County JP 4-2 w/Judge Korduba — 8 Cases,https://jpwebsite.harriscountytx.gov/WebDockets/GetDocketDetail?date=08/04/2026&court=42&media=screen#0100PM,8/4/2026 1:00pm,8/4/2026 2:00pm,8,Judge Korduba,2026,2026-08,2026-32,2026-08-04,Tuesday,0,Harris County JP 4-2
Tue 8-4-2026 @ 10:00 am — Harris County JP 4-2 w/Judge Korduba — 16 Cases,https://jpwebsite.harriscountytx.gov/WebDockets/GetDocketDetail?date=08/04/2026&court=42&media=screen#1000AM,8/4/2026 10:00am,8/4/2026 11:00am,16,Judge Korduba,2026,2026-08,2026-32,2026-08-04,Tuesday,0,Harris County JP 4-2
Tue 8-4-2026 @ 2:00 pm — Harris County JP 4-2 w/Judge Korduba — 7 Cases,https://jpwebsite.harriscountytx.gov/WebDockets/GetDocketDetail?date=08/04/2026&court=42&media=screen#0200PM,8/4/2026 2:00pm,8/4/2026 3:00pm,7,Judge Korduba,2026,2026-08,2026-32,2026-08-04,Tuesday,0,Harris County JP 4-2
Tue 8-4-2026 @ 1:30 pm — Harris County JP 5-1 w/Judge Lombardino — 100 Cases,https://jpwebsite.harriscountytx.gov/WebDockets/GetDocketDetail?date=08/04/2026&court=51&media=screen#0130PM,8/4/2026 1:30pm,8/4/2026 2:00pm,100,Judge Lombardino,2026,2026-08,2026-32,2026-08-04,Tuesday,0,Harris County JP 5-1
Tue 8-4-2026 @ 1:00 pm — Harris County JP 5-2 w/Judge Wolfe — 60 Cases,https://jpwebsite.harriscountytx.gov/WebDockets/GetDocketDetail?date=08/04/2026&court=52&media=screen#0100PM,8/4/2026 1:00pm,8/4/2026 1:30pm,60,Judge Wolfe,2026,2026-08,2026-32,2026-08-04,Tuesday,0,Harris County JP 5-2
Tue 8-4-2026 @ 11:00 am — Harris County JP 7-2 w/Judge Burney — 66 Cases,https://jpwebsite.harriscountytx.gov/WebDockets/GetDocketDetail?date=08/04/2026&court=72&media=screen#1100AM,8/4/2026 11:00am,8/4/2026 12:00pm,66,Judge Burney,2026,2026-08,2026-32,2026-08-04,Tuesday,0,Harris County JP 7-2
Tue 8-4-2026 @ 9:00 am — Harris County JP 7-2 w/Judge Burney — 69 Cases,https://jpwebsite.harriscountytx.gov/WebDockets/GetDocketDetail?date=08/04/2026&court=72&media=screen#0900AM,8/4/2026 9:00am,8/4/2026 11:00am,69,Judge Burney,2026,2026-08,2026-32,2026-08-04,Tuesday,0,Harris County JP 7-2
Wed 8-5-2026 @ 8:00 am — Harris County JP 2-1 w/Judge Delgado — 10 Cases,https://jpwebsite.harriscountytx.gov/WebDockets/GetDocketDetail?date=08/05/2026&court=21&media=screen#0800AM,8/5/2026 8:00am,8/5/2026 9:00am,10,Judge Delgado,2026,2026-08,2026-32,2026-08-05,Wednesday,0,Harris County JP 2-1
Wed 8-5-2026 @ 9:00 am — Harris County JP 4-1 w/Judge Goodwin — 1 Cases,https://jpwebsite.harriscountytx.gov/WebDockets/GetDocketDetail?date=08/05/2026&court=41&media=screen#0900AM,8/5/2026 9:00am,8/5/2026 9:30am,1,Judge Goodwin,2026,2026-08,2026-32,2026-08-05,Wednesday,0,Harris County JP 4-1
Wed 8-5-2026 @ 9:00 am — Harris County JP 6-1 w/Judge Treviño — 17 Cases,https://jpwebsite.harriscountytx.gov/WebDockets/GetDocketDetail?date=08/05/2026&court=61&media=screen#0900AM,8/5/2026 9:00am,8/5/2026 1:30pm,17,Judge Treviño,2026,2026-08,2026-32,2026-08-05,Wednesday,0,Harris County JP 6-1
Wed 8-5-2026 @ 1:00 pm — Harris County JP 7-1 w/Judge Adams — 39 Cases,https://jpwebsite.harriscountytx.gov/WebDockets/GetDocketDetail?date=08/05/2026&court=71&media=screen#0100PM,8/5/2026 1:00pm,8/5/2026 1:30pm,39,Judge Adams,2026,2026-08,2026-32,2026-08-05,Wednesday,0,Harris County JP 7-1
Wed 8-5-2026 @ 9:00 am — Harris County JP 7-1 w/Judge Adams — 44 Cases,https://jpwebsite.harriscountytx.gov/WebDockets/GetDocketDetail?date=08/05/2026&court=71&media=screen#0900AM,8/5/2026 9:00am,8/5/2026 1:00pm,44,Judge Adams,2026,2026-08,2026-32,2026-08-05,Wednesday,0,Harris County JP 7-1
Thu 8-6-2026 @ 10:00 am — Harris County JP 1-1 w/Judge Carter — 28 Cases,https://jpwebsite.harriscountytx.gov/WebDockets/GetDocketDetail?date=08/06/2026&court=11&media=screen#1000AM,8/6/2026 10:00am,8/6/2026 10:30am,28,Judge Carter,2026,2026-08,2026-32,2026-08-06,Thursday,0,Harris County JP 1-1
Thu 8-6-2026 @ 8:30 am — Harris County JP 1-1 w/Judge Carter — 36 Cases,https://jpwebsite.harriscountytx.gov/WebDockets/GetDocketDetail?date=08/06/2026&court=11&media=screen#0830AM,8/6/2026 8:30am,8/6/2026 10:00am,36,Judge Carter,2026,2026-08,2026-32,2026-08-06,Thursday,0,Harris County JP 1-1
Thu 8-6-2026 @ 1:30 pm — Harris County JP 2-1 w/Judge Delgado — 4 Cases,https://jpwebsite.harriscountytx.gov/WebDockets/GetDocketDetail?date=08/06/2026&court=21&media=screen#0130PM,8/6/2026 1:30pm,8/6/2026 2:30pm,4,Judge Delgado,2026,2026-08,2026-32,2026-08-06,Thursday,0,Harris County JP 2-1
Thu 8-6-2026 @ 8:00 am — Harris County JP 2-1 w/Judge Delgado — 14 Cases,https://jpwebsite.harriscountytx.gov/WebDockets/GetDocketDetail?date=08/06/2026&court=21&media=screen#0800AM,8/6/2026 8:00am,8/6/2026 9:00am,14,Judge Delgado,2026,2026-08,2026-32,2026-08-06,Thursday,0,Harris County JP 2-1
Thu 8-6-2026 @ 10:00 am — Harris County JP 2-2 w/Judge Lozano — 14 Cases,https://jpwebsite.harriscountytx.gov/WebDockets/GetDocketDetail?date=08/06/2026&court=22&media=screen#1000AM,8/6/2026 10:00am,8/6/2026 11:00am,14,Judge Lozano,2026,2026-08,2026-32,2026-08-06,Thursday,0,Harris County JP 2-2
Thu 8-6-2026 @ 9:00 am — Harris County JP 2-2 w/Judge Lozano — 16 Cases,https://jpwebsite.harriscountytx.gov/WebDockets/GetDocketDetail?date=08/06/2026&court=22&media=screen#0900AM,8/6/2026 9:00am,8/6/2026 10:00am,16,Judge Lozano,2026,2026-08,2026-32,2026-08-06,Thursday,0,Harris County JP 2-2
Thu 8-6-2026 @ 9:00 am — Harris County JP 4-1 w/Judge Goodwin — 17 Cases,https://jpwebsite.harriscountytx.gov/WebDockets/GetDocketDetail?date=08/06/2026&court=41&media=screen#0900AM,8/6/2026 9:00am,8/6/2026 9:30am,17,Judge Goodwin,2026,2026-08,2026-32,2026-08-06,Thursday,0,Harris County JP 4-1
Thu 8-6-2026 @ 1:30 pm — Harris County JP 5-1 w/Judge Lombardino — 92 Cases,https://jpwebsite.harriscountytx.gov/WebDockets/GetDocketDetail?date=08/06/2026&court=51&media=screen#0130PM,8/6/2026 1:30pm,8/6/2026 2:00pm,92,Judge Lombardino,2026,2026-08,2026-32,2026-08-06,Thursday,0,Harris County JP 5-1
Thu 8-6-2026 @ 2:30 pm — Harris County JP 5-2 w/Judge Wolfe — 109 Cases,https://jpwebsite.harriscountytx.gov/WebDockets/GetDocketDetail?date=08/06/2026&court=52&media=screen#0230PM,8/6/2026 2:30pm,8/6/2026 3:00pm,109,Judge Wolfe,2026,2026-08,2026-32,2026-08-06,Thursday,0,Harris County JP 5-2
Thu 8-6-2026 @ 9:00 am — Harris County JP 8-1 w/Judge Williamson — 48 Cases,https://jpwebsite.harriscountytx.gov/WebDockets/GetDocketDetail?date=08/06/2026&court=81&media=screen#0900AM,8/6/2026 9:00am,8/6/2026 10:00am,48,Judge Williamson,2026,2026-08,2026-32,2026-08-06,Thursday,0,Harris County JP 8-1
Fri 8-7-2026 @ 9:00 am — Harris County JP 5-1 w/Judge Lombardino — 9 Cases,https://jpwebsite.harriscountytx.gov/WebDockets/GetDocketDetail?date=08/07/2026&court=51&media=screen#0900AM,8/7/2026 9:00am,8/7/2026 9:30am,9,Judge Lombardino,2026,2026-08,2026-32,2026-08-07,Friday,0,Harris County JP 5-1
Mon 8-10-2026 @ 10:00 am — Harris County JP 1-1 w/Judge Carter — 38 Cases,https://jpwebsite.harriscountytx.gov/WebDockets/GetDocketDetail?date=08/10/2026&court=11&media=screen#1000AM,8/10/2026 10:00am,8/10/2026 10:30am,38,Judge Carter,2026,2026-08,2026-33,2026-08-10,Monday,0,Harris County JP 1-1
Mon 8-10-2026 @ 8:30 am — Harris County JP 1-1 w/Judge Carter — 31 Cases,https://jpwebsite.harriscountytx.gov/WebDockets/GetDocketDetail?date=08/10/2026&court=11&media=screen#0830AM,8/10/2026 8:30am,8/10/2026 10:00am,31,Judge Carter,2026,2026-08,2026-33,2026-08-10,Monday,0,Harris County JP 1-1
Mon 8-10-2026 @ 8:00 am — Harris County JP 2-1 w/Judge Delgado — 19 Cases,https://jpwebsite.harriscountytx.gov/WebDockets/GetDocketDetail?date=08/10/2026&court=21&media=screen#0800AM,8/10/2026 8:00am,8/10/2026 9:00am,19,Judge Delgado,2026,2026-08,2026-33,2026-08-10,Monday,0,Harris County JP 2-1
Mon 8-10-2026 @ 9:30 am — Harris County JP 3-2 w/Judge Bates — 21 Cases,https://jpwebsite.harriscountytx.gov/WebDockets/GetDocketDetail?date=08/10/2026&court=32&media=screen#0930AM,8/10/2026 9:30am,8/11/2026 9:00am,21,Judge Bates,2026,2026-08,2026-33,2026-08-10,Monday,0,Harris County JP 3-2
Mon 8-10-2026 @ 9:00 am — Harris County JP 4-1 w/Judge Goodwin — 76 Cases,https://jpwebsite.harriscountytx.gov/WebDockets/GetDocketDetail?date=08/10/2026&court=41&media=screen#0900AM,8/10/2026 9:00am,8/10/2026 9:30am,76,Judge Goodwin,2026,2026-08,2026-33,2026-08-10,Monday,0,Harris County JP 4-1
Mon 8-10-2026 @ 1:00 pm — Harris County JP 4-1 w/Judge Goodwin — 48 Cases,https://jpwebsite.harriscountytx.gov/WebDockets/GetDocketDetail?date=08/10/2026&court=41&media=screen#0100PM,8/10/2026 1:00pm,8/10/2026 1:30pm,48,Judge Goodwin,2026,2026-08,2026-33,2026-08-10,Monday,0,Harris County JP 4-1
Mon 8-10-2026 @ 1:00 pm — Harris County JP 5-2 w/Judge Wolfe — 112 Cases,https://jpwebsite.harriscountytx.gov/WebDockets/GetDocketDetail?date=08/10/2026&court=52&media=screen#0100PM,8/10/2026 1:00pm,8/10/2026 1:30pm,112,Judge Wolfe,2026,2026-08,2026-33,2026-08-10,Monday,0,Harris County JP 5-2
Mon 8-10-2026 @ 9:00 am — Harris County JP 6-2 w/Judge Rodriguez — 27 Cases,https://jpwebsite.harriscountytx.gov/WebDockets/GetDocketDetail?date=08/10/2026&court=62&media=screen#0900AM,8/10/2026 9:00am,8/12/2026 9:00am,27,Judge Rodriguez,2026,2026-08,2026-33,2026-08-10,Monday,0,Harris County JP 6-2
Tue 8-11-2026 @ 10:00 am — Harris County JP 1-1 w/Judge Carter — 27 Cases,https://jpwebsite.harriscountytx.gov/WebDockets/GetDocketDetail?date=08/11/2026&court=11&media=screen#1000AM,8/11/2026 10:00am,8/11/2026 10:30am,27,Judge Carter,2026,2026-08,2026-33,2026-08-11,Tuesday,0,Harris County JP 1-1
Tue 8-11-2026 @ 8:30 am — Harris County JP 1-1 w/Judge Carter — 37 Cases,https://jpwebsite.harriscountytx.gov/WebDockets/GetDocketDetail?date=08/11/2026&court=11&media=screen#0830AM,8/11/2026 8:30am,8/11/2026 10:00am,37,Judge Carter,2026,2026-08,2026-33,2026-08-11,Tuesday,0,Harris County JP 1-1
Tue 8-11-2026 @ 1:00 pm — Harris County JP 1-2 w/Judge Duble — 4 Cases,https://jpwebsite.harriscountytx.gov/WebDockets/GetDocketDetail?date=08/11/2026&court=12&media=screen#0100PM,8/11/2026 1:00pm,8/11/2026 2:00pm,4,Judge Duble,2026,2026-08,2026-33,2026-08-11,Tuesday,0,Harris County JP 1-2
Tue 8-11-2026 @ 10:30 am — Harris County JP 1-2 w/Judge Duble — 8 Cases,https://jpwebsite.harriscountytx.gov/WebDockets/GetDocketDetail?date=08/11/2026&court=12&media=screen#1030AM,8/11/2026 10:30am,8/11/2026 1:00pm,8,Judge Duble,2026,2026-08,2026-33,2026-08-11,Tuesday,0,Harris County JP 1-2
Tue 8-11-2026 @ 9:30 am — Harris County JP 1-2 w/Judge Duble — 16 Cases,https://jpwebsite.harriscountytx.gov/WebDockets/GetDocketDetail?date=08/11/2026&court=12&media=screen#0930AM,8/11/2026 9:30am,8/11/2026 10:30am,16,Judge Duble,2026,2026-08,2026-33,2026-08-11,Tuesday,0,Harris County JP 1-2
Tue 8-11-2026 @ 8:00 am — Harris County JP 2-1 w/Judge Delgado — 16 Cases,https://jpwebsite.harriscountytx.gov/WebDockets/GetDocketDetail?date=08/11/2026&court=21&media=screen#0800AM,8/11/2026 8:00am,8/11/2026 9:00am,16,Judge Delgado,2026,2026-08,2026-33,2026-08-11,Tuesday,0,Harris County JP 2-1
Tue 8-11-2026 @ 1:30 pm — Harris County JP 2-1 w/Judge Delgado — 2 Cases,https://jpwebsite.harriscountytx.gov/WebDockets/GetDocketDetail?date=08/11/2026&court=21&media=screen#0130PM,8/11/2026 1:30pm,8/11/2026 2:30pm,2,Judge Delgado,2026,2026-08,2026-33,2026-08-11,Tuesday,0,Harris County JP 2-1
Tue 8-11-2026 @ 10:30 am — Harris County JP 3-1 w/Judge Stephens — 27 Cases,https://jpwebsite.harriscountytx.gov/WebDockets/GetDocketDetail?date=08/11/2026&court=31&media=screen#1030AM,8/11/2026 10:30am,8/11/2026 11:00am,27,Judge Stephens,2026,2026-08,2026-33,2026-08-11,Tuesday,0,Harris County JP 3-1
Tue 8-11-2026 @ 11:00 am — Harris County JP 3-1 w/Judge Stephens — 9 Cases,https://jpwebsite.harriscountytx.gov/WebDockets/GetDocketDetail?date=08/11/2026&court=31&media=screen#1100AM,8/11/2026 11:00am,8/11/2026 12:00pm,9,Judge Stephens,2026,2026-08,2026-33,2026-08-11,Tuesday,0,Harris County JP 3-1
Tue 8-11-2026 @ 9:00 am — Harris County JP 3-1 w/Judge Stephens — 33 Cases,https://jpwebsite.harriscountytx.gov/WebDockets/GetDocketDetail?date=08/11/2026&court=31&media=screen#0900AM,8/11/2026 9:00am,8/11/2026 10:30am,33,Judge Stephens,2026,2026-08,2026-33,2026-08-11,Tuesday,0,Harris County JP 3-1
Tue 8-11-2026 @ 9:00 am — Harris County JP 4-1 w/Judge Goodwin — 25 Cases,https://jpwebsite.harriscountytx.gov/WebDockets/GetDocketDetail?date=08/11/2026&court=41&media=screen#0900AM,8/11/2026 9:00am,8/11/2026 9:30am,25,Judge Goodwin,2026,2026-08,2026-33,2026-08-11,Tuesday,0,Harris County JP 4-1
Tue 8-11-2026 @ 10:00 am — Harris County JP 4-2 w/Judge Korduba — 64 Cases,https://jpwebsite.harriscountytx.gov/WebDockets/GetDocketDetail?date=08/11/2026&court=42&media=screen#1000AM,8/11/2026 10:00am,8/11/2026 11:00am,64,Judge Korduba,2026,2026-08,2026-33,2026-08-11,Tuesday,0,Harris County JP 4-2
Tue 8-11-2026 @ 1:00 pm — Harris County JP 4-2 w/Judge Korduba — 20 Cases,https://jpwebsite.harriscountytx.gov/WebDockets/GetDocketDetail?date=08/11/2026&court=42&media=screen#0100PM,8/11/2026 1:00pm,8/11/2026 2:00pm,20,Judge Korduba,2026,2026-08,2026-33,2026-08-11,Tuesday,0,Harris County JP 4-2
Tue 8-11-2026 @ 11:00 am — Harris County JP 4-2 w/Judge Korduba — 8 Cases,https://jpwebsite.harriscountytx.gov/WebDockets/GetDocketDetail?date=08/11/2026&court=42&media=screen#1100AM,8/11/2026 11:00am,8/11/2026 1:00pm,8,Judge Korduba,2026,2026-08,2026-33,2026-08-11,Tuesday,0,Harris County JP 4-2
Tue 8-11-2026 @ 1:30 pm — Harris County JP 5-1 w/Judge Lombardino — 114 Cases,https://jpwebsite.harriscountytx.gov/WebDockets/GetDocketDetail?date=08/11/2026&court=51&media=screen#0130PM,8/11/2026 1:30pm,8/11/2026 8:30am,114,Judge Lombardino,2026,2026-08,2026-33,2026-08-11,Tuesday,0,Harris County JP 5-1
Tue 8-11-2026 @ 1:00 pm — Harris County JP 5-2 w/Judge Wolfe — 88 Cases,https://jpwebsite.harriscountytx.gov/WebDockets/GetDocketDetail?date=08/11/2026&court=52&media=screen#0100PM,8/11/2026 1:00pm,8/11/2026 1:30pm,88,Judge Wolfe,2026,2026-08,2026-33,2026-08-11,Tuesday,0,Harris County JP 5-2
Tue 8-11-2026 @ 9:00 am — Harris County JP 7-2 w/Judge Burney — 44 Cases,https://jpwebsite.harriscountytx.gov/WebDockets/GetDocketDetail?date=08/11/2026&court=72&media=screen#0900AM,8/11/2026 9:00am,8/11/2026 11:00am,44,Judge Burney,2026,2026-08,2026-33,2026-08-11,Tuesday,0,Harris County JP 7-2
Tue 8-11-2026 @ 11:00 am — Harris County JP 7-2 w/Judge Burney — 42 Cases,https://jpwebsite.harriscountytx.gov/WebDockets/GetDocketDetail?date=08/11/2026&court=72&media=screen#1100AM,8/11/2026 11:00am,8/12/2026 10:00am,42,Judge Burney,2026,2026-08,2026-33,2026-08-11,Tuesday,0,Harris County JP 7-2
Wed 8-12-2026 @ 9:00 am — Harris County JP 4-1 w/Judge Goodwin — 7 Cases,https://jpwebsite.harriscountytx.gov/WebDockets/GetDocketDetail?date=08/12/2026&court=41&media=screen#0900AM,8/12/2026 9:00am,8/12/2026 9:30am,7,Judge Goodwin,2026,2026-08,2026-33,2026-08-12,Wednesday,0,Harris County JP 4-1
Wed 8-12-2026 @ 8:30 am — Harris County JP 5-1 w/Judge Lombardino — 81 Cases,https://jpwebsite.harriscountytx.gov/WebDockets/GetDocketDetail?date=08/12/2026&court=51&media=screen#0830AM,8/12/2026 8:30am,8/12/2026 9:00am,81,Judge Lombardino,2026,2026-08,2026-33,2026-08-12,Wednesday,0,Harris County JP 5-1
Wed 8-12-2026 @ 9:00 am — Harris County JP 6-1 w/Judge Treviño — 16 Cases,https://jpwebsite.harriscountytx.gov/WebDockets/GetDocketDetail?date=08/12/2026&court=61&media=screen#0900AM,8/12/2026 9:00am,8/12/2026 12:45pm,16,Judge Treviño,2026,2026-08,2026-33,2026-08-12,Wednesday,0,Harris County JP 6-1
Wed 8-12-2026 @ 9:00 am — Harris County JP 7-1 w/Judge Adams — 61 Cases,https://jpwebsite.harriscountytx.gov/WebDockets/GetDocketDetail?date=08/12/2026&court=71&media=screen#0900AM,8/12/2026 9:00am,8/12/2026 2:30pm,61,Judge Adams,2026,2026-08,2026-33,2026-08-12,Wednesday,0,Harris County JP 7-1
Wed 8-12-2026 @ 2:30 pm — Harris County JP 7-1 w/Judge Adams — 10 Cases,https://jpwebsite.harriscountytx.gov/WebDockets/GetDocketDetail?date=08/12/2026&court=71&media=screen#0230PM,8/12/2026 2:30pm,8/12/2026 3:00pm,10,Judge Adams,2026,2026-08,2026-33,2026-08-12,Wednesday,0,Harris County JP 7-1
Thu 8-13-2026 @ 10:00 am — Harris County JP 1-1 w/Judge Carter — 41 Cases,https://jpwebsite.harriscountytx.gov/WebDockets/GetDocketDetail?date=08/13/2026&court=11&media=screen#1000AM,8/13/2026 10:00am,8/13/2026 10:30am,41,Judge Carter,2026,2026-08,2026-33,2026-08-13,Thursday,0,Harris County JP 1-1
Thu 8-13-2026 @ 8:30 am — Harris County JP 1-1 w/Judge Carter — 39 Cases,https://jpwebsite.harriscountytx.gov/WebDockets/GetDocketDetail?date=08/13/2026&court=11&media=screen#0830AM,8/13/2026 8:30am,8/13/2026 10:00am,39,Judge Carter,2026,2026-08,2026-33,2026-08-13,Thursday,0,Harris County JP 1-1
Thu 8-13-2026 @ 8:00 am — Harris County JP 2-1 w/Judge Delgado — 18 Cases,https://jpwebsite.harriscountytx.gov/WebDockets/GetDocketDetail?date=08/13/2026&court=21&media=screen#0800AM,8/13/2026 8:00am,8/13/2026 9:00am,18,Judge Delgado,2026,2026-08,2026-33,2026-08-13,Thursday,0,Harris County JP 2-1
Thu 8-13-2026 @ 1:30 pm — Harris County JP 2-1 w/Judge Delgado — 5 Cases,https://jpwebsite.harriscountytx.gov/WebDockets/GetDocketDetail?date=08/13/2026&court=21&media=screen#0130PM,8/13/2026 1:30pm,8/13/2026 2:30pm,5,Judge Delgado,2026,2026-08,2026-33,2026-08-13,Thursday,0,Harris County JP 2-1
Thu 8-13-2026 @ 10:00 am — Harris County JP 2-2 w/Judge Lozano — 12 Cases,https://jpwebsite.harriscountytx.gov/WebDockets/GetDocketDetail?date=08/13/2026&court=22&media=screen#1000AM,8/13/2026 10:00am,8/13/2026 10:30am,12,Judge Lozano,2026,2026-08,2026-33,2026-08-13,Thursday,0,Harris County JP 2-2
Thu 8-13-2026 @ 9:00 am — Harris County JP 2-2 w/Judge Lozano — 14 Cases,https://jpwebsite.harriscountytx.gov/WebDockets/GetDocketDetail?date=08/13/2026&court=22&media=screen#0900AM,8/13/2026 9:00am,8/13/2026 10:00am,14,Judge Lozano,2026,2026-08,2026-33,2026-08-13,Thursday,0,Harris County JP 2-2
Thu 8-13-2026 @ 9:00 am — Harris County JP 4-1 w/Judge Goodwin — 24 Cases,https://jpwebsite.harriscountytx.gov/WebDockets/GetDocketDetail?date=08/13/2026&court=41&media=screen#0900AM,8/13/2026 9:00am,8/13/2026 9:30am,24,Judge Goodwin,2026,2026-08,2026-33,2026-08-13,Thursday,0,Harris County JP 4-1
Thu 8-13-2026 @ 1:30 pm — Harris County JP 5-1 w/Judge Lombardino — 117 Cases,https://jpwebsite.harriscountytx.gov/WebDockets/GetDocketDetail?date=08/13/2026&court=51&media=screen#0130PM,8/13/2026 1:30pm,8/13/2026 2:00pm,117,Judge Lombardino,2026,2026-08,2026-33,2026-08-13,Thursday,0,Harris County JP 5-1
Thu 8-13-2026 @ 9:00 am — Harris County JP 8-1 w/Judge Williamson — 28 Cases,https://jpwebsite.harriscountytx.gov/WebDockets/GetDocketDetail?date=08/13/2026&court=81&media=screen#0900AM,8/13/2026 9:00am,8/13/2026 10:00am,28,Judge Williamson,2026,2026-08,2026-33,2026-08-13,Thursday,0,Harris County JP 8-1
Fri 8-14-2026 @ 9:00 am — Harris County JP 4-1 w/Judge Goodwin — 1 Cases,https://jpwebsite.harriscountytx.gov/WebDockets/GetDocketDetail?date=08/14/2026&court=41&media=screen#0900AM,8/14/2026 9:00am,8/14/2026 9:30am,1,Judge Goodwin,2026,2026-08,2026-33,2026-08-14,Friday,0,Harris County JP 4-1
Fri 8-14-2026 @ 9:00 am — Harris County JP 5-1 w/Judge Lombardino — 13 Cases,https://jpwebsite.harriscountytx.gov/WebDockets/GetDocketDetail?date=08/14/2026&court=51&media=screen#0900AM,8/14/2026 9:00am,8/14/2026 9:30am,13,Judge Lombardino,2026,2026-08,2026-33,2026-08-14,Friday,0,Harris County JP 5-1
Fri 8-14-2026 @ 9:00 am — Harris County JP 6-2 w/Judge Rodriguez — 16 Cases,https://jpwebsite.harriscountytx.gov/WebDockets/GetDocketDetail?date=08/14/2026&court=62&media=screen#0900AM,8/14/2026 9:00am,8/16/2026 9:00am,16,Judge Rodriguez,2026,2026-08,2026-33,2026-08-14,Friday,0,Harris County JP 6-2
Mon 8-17-2026 @ 8:30 am — Harris County JP 1-1 w/Judge Carter — 49 Cases,https://jpwebsite.harriscountytx.gov/WebDockets/GetDocketDetail?date=08/17/2026&court=11&media=screen#0830AM,8/17/2026 8:30am,8/17/2026 10:00am,49,Judge Carter,2026,2026-08,2026-34,2026-08-17,Monday,0,Harris County JP 1-1
Mon 8-17-2026 @ 10:00 am — Harris County JP 1-1 w/Judge Carter — 42 Cases,https://jpwebsite.harriscountytx.gov/WebDockets/GetDocketDetail?date=08/17/2026&court=11&media=screen#1000AM,8/17/2026 10:00am,8/17/2026 10:30am,42,Judge Carter,2026,2026-08,2026-34,2026-08-17,Monday,0,Harris County JP 1-1
Mon 8-17-2026 @ 8:00 am — Harris County JP 2-1 w/Judge Delgado — 19 Cases,https://jpwebsite.harriscountytx.gov/WebDockets/GetDocketDetail?date=08/17/2026&court=21&media=screen#0800AM,8/17/2026 8:00am,8/17/2026 9:00am,19,Judge Delgado,2026,2026-08,2026-34,2026-08-17,Monday,0,Harris County JP 2-1
Mon 8-17-2026 @ 9:30 am — Harris County JP 3-2 w/Judge Bates — 8 Cases,https://jpwebsite.harriscountytx.gov/WebDockets/GetDocketDetail?date=08/17/2026&court=32&media=screen#0930AM,8/17/2026 9:30am,8/18/2026 10:00am,8,Judge Bates,2026,2026-08,2026-34,2026-08-17,Monday,0,Harris County JP 3-2
Mon 8-17-2026 @ 9:00 am — Harris County JP 4-1 w/Judge Goodwin — 132 Cases,https://jpwebsite.harriscountytx.gov/WebDockets/GetDocketDetail?date=08/17/2026&court=41&media=screen#0900AM,8/17/2026 9:00am,8/17/2026 9:30am,132,Judge Goodwin,2026,2026-08,2026-34,2026-08-17,Monday,0,Harris County JP 4-1
Mon 8-17-2026 @ 1:00 pm — Harris County JP 4-1 w/Judge Goodwin — 18 Cases,https://jpwebsite.harriscountytx.gov/WebDockets/GetDocketDetail?date=08/17/2026&court=41&media=screen#0100PM,8/17/2026 1:00pm,8/17/2026 1:30pm,18,Judge Goodwin,2026,2026-08,2026-34,2026-08-17,Monday,0,Harris County JP 4-1
Mon 8-17-2026 @ 1:00 pm — Harris County JP 5-2 w/Judge Wolfe — 127 Cases,https://jpwebsite.harriscountytx.gov/WebDockets/GetDocketDetail?date=08/17/2026&court=52&media=screen#0100PM,8/17/2026 1:00pm,8/17/2026 1:30pm,127,Judge Wolfe,2026,2026-08,2026-34,2026-08-17,Monday,0,Harris County JP 5-2
Mon 8-17-2026 @ 9:00 am — Harris County JP 6-2 w/Judge Rodriguez — 8 Cases,https://jpwebsite.harriscountytx.gov/WebDockets/GetDocketDetail?date=08/17/2026&court=62&media=screen#0900AM,8/17/2026 9:00am,8/17/2026 10:00am,8,Judge Rodriguez,2026,2026-08,2026-34,2026-08-17,Monday,0,Harris County JP 6-2
Tue 8-18-2026 @ 10:00 am — Harris County JP 1-1 w/Judge Carter — 48 Cases,https://jpwebsite.harriscountytx.gov/WebDockets/GetDocketDetail?date=08/18/2026&court=11&media=screen#1000AM,8/18/2026 10:00am,8/18/2026 10:30am,48,Judge Carter,2026,2026-08,2026-34,2026-08-18,Tuesday,0,Harris County JP 1-1
Tue 8-18-2026 @ 2:00 pm — Harris County JP 1-2 w/Judge Duble — 2 Cases,https://jpwebsite.harriscountytx.gov/WebDockets/GetDocketDetail?date=08/18/2026&court=12&media=screen#0200PM,8/18/2026 2:00pm,8/18/2026 3:00pm,2,Judge Duble,2026,2026-08,2026-34,2026-08-18,Tuesday,0,Harris County JP 1-2
Tue 8-18-2026 @ 9:30 am — Harris County JP 1-2 w/Judge Duble — 12 Cases,https://jpwebsite.harriscountytx.gov/WebDockets/GetDocketDetail?date=08/18/2026&court=12&media=screen#0930AM,8/18/2026 9:30am,8/18/2026 1:00pm,12,Judge Duble,2026,2026-08,2026-34,2026-08-18,Tuesday,0,Harris County JP 1-2
Tue 8-18-2026 @ 1:00 pm — Harris County JP 1-2 w/Judge Duble — 10 Cases,https://jpwebsite.harriscountytx.gov/WebDockets/GetDocketDetail?date=08/18/2026&court=12&media=screen#0100PM,8/18/2026 1:00pm,8/18/2026 2:00pm,10,Judge Duble,2026,2026-08,2026-34,2026-08-18,Tuesday,0,Harris County JP 1-2
Tue 8-18-2026 @ 8:00 am — Harris County JP 2-1 w/Judge Delgado — 17 Cases,https://jpwebsite.harriscountytx.gov/WebDockets/GetDocketDetail?date=08/18/2026&court=21&media=screen#0800AM,8/18/2026 8:00am,8/18/2026 9:00am,17,Judge Delgado,2026,2026-08,2026-34,2026-08-18,Tuesday,0,Harris County JP 2-1
Tue 8-18-2026 @ 10:30 am — Harris County JP 3-1 w/Judge Stephens — 29 Cases,https://jpwebsite.harriscountytx.gov/WebDockets/GetDocketDetail?date=08/18/2026&court=31&media=screen#1030AM,8/18/2026 10:30am,8/18/2026 11:00am,29,Judge Stephens,2026,2026-08,2026-34,2026-08-18,Tuesday,0,Harris County JP 3-1
Tue 8-18-2026 @ 9:00 am — Harris County JP 3-1 w/Judge Stephens — 34 Cases,https://jpwebsite.harriscountytx.gov/WebDockets/GetDocketDetail?date=08/18/2026&court=31&media=screen#0900AM,8/18/2026 9:00am,8/18/2026 10:30am,34,Judge Stephens,2026,2026-08,2026-34,2026-08-18,Tuesday,0,Harris County JP 3-1
Tue 8-18-2026 @ 11:00 am — Harris County JP 3-1 w/Judge Stephens — 5 Cases,https://jpwebsite.harriscountytx.gov/WebDockets/GetDocketDetail?date=08/18/2026&court=31&media=screen#1100AM,8/18/2026 11:00am,8/18/2026 11:30am,5,Judge Stephens,2026,2026-08,2026-34,2026-08-18,Tuesday,0,Harris County JP 3-1
Tue 8-18-2026 @ 9:00 am — Harris County JP 4-1 w/Judge Goodwin — 86 Cases,https://jpwebsite.harriscountytx.gov/WebDockets/GetDocketDetail?date=08/18/2026&court=41&media=screen#0900AM,8/18/2026 9:00am,8/18/2026 9:30am,86,Judge Goodwin,2026,2026-08,2026-34,2026-08-18,Tuesday,0,Harris County JP 4-1
Tue 8-18-2026 @ 10:00 am — Harris County JP 4-2 w/Judge Korduba — 16 Cases,https://jpwebsite.harriscountytx.gov/WebDockets/GetDocketDetail?date=08/18/2026&court=42&media=screen#1000AM,8/18/2026 10:00am,8/18/2026 1:00pm,16,Judge Korduba,2026,2026-08,2026-34,2026-08-18,Tuesday,0,Harris County JP 4-2
Tue 8-18-2026 @ 1:00 pm — Harris County JP 4-2 w/Judge Korduba — 62 Cases,https://jpwebsite.harriscountytx.gov/WebDockets/GetDocketDetail?date=08/18/2026&court=42&media=screen#0100PM,8/18/2026 1:00pm,8/18/2026 2:00pm,62,Judge Korduba,2026,2026-08,2026-34,2026-08-18,Tuesday,0,Harris County JP 4-2
Tue 8-18-2026 @ 2:00 pm — Harris County JP 4-2 w/Judge Korduba — 12 Cases,https://jpwebsite.harriscountytx.gov/WebDockets/GetDocketDetail?date=08/18/2026&court=42&media=screen#0200PM,8/18/2026 2:00pm,8/18/2026 3:00pm,12,Judge Korduba,2026,2026-08,2026-34,2026-08-18,Tuesday,0,Harris County JP 4-2
Tue 8-18-2026 @ 1:30 pm — Harris County JP 5-1 w/Judge Lombardino — 111 Cases,https://jpwebsite.harriscountytx.gov/WebDockets/GetDocketDetail?date=08/18/2026&court=51&media=screen#0130PM,8/18/2026 1:30pm,8/18/2026 8:30am,111,Judge Lombardino,2026,2026-08,2026-34,2026-08-18,Tuesday,0,Harris County JP 5-1
Tue 8-18-2026 @ 9:00 am — Harris County JP 5-1 w/Judge Lombardino — 2 Cases,https://jpwebsite.harriscountytx.gov/WebDockets/GetDocketDetail?date=08/18/2026&court=51&media=screen#0900AM,8/18/2026 9:00am,8/18/2026 9:30am,2,Judge Lombardino,2026,2026-08,2026-34,2026-08-18,Tuesday,0,Harris County JP 5-1
Tue 8-18-2026 @ 1:00 pm — Harris County JP 5-2 w/Judge Wolfe — 68 Cases,https://jpwebsite.harriscountytx.gov/WebDockets/GetDocketDetail?date=08/18/2026&court=52&media=screen#0100PM,8/18/2026 1:00pm,8/18/2026 1:30pm,68,Judge Wolfe,2026,2026-08,2026-34,2026-08-18,Tuesday,0,Harris County JP 5-2
Tue 8-18-2026 @ 11:00 am — Harris County JP 7-2 w/Judge Burney — 14 Cases,https://jpwebsite.harriscountytx.gov/WebDockets/GetDocketDetail?date=08/18/2026&court=72&media=screen#1100AM,8/18/2026 11:00am,8/18/2026 1:00pm,14,Judge Burney,2026,2026-08,2026-34,2026-08-18,Tuesday,0,Harris County JP 7-2
Tue 8-18-2026 @ 9:00 am — Harris County JP 7-2 w/Judge Burney — 57 Cases,https://jpwebsite.harriscountytx.gov/WebDockets/GetDocketDetail?date=08/18/2026&court=72&media=screen#0900AM,8/18/2026 9:00am,8/18/2026 11:00am,57,Judge Burney,2026,2026-08,2026-34,2026-08-18,Tuesday,0,Harris County JP 7-2
Wed 8-19-2026 @ 9:00 am — Harris County JP 4-1 w/Judge Goodwin — 4 Cases,https://jpwebsite.harriscountytx.gov/WebDockets/GetDocketDetail?date=08/19/2026&court=41&media=screen#0900AM,8/19/2026 9:00am,8/19/2026 9:30am,4,Judge Goodwin,2026,2026-08,2026-34,2026-08-19,Wednesday,0,Harris County JP 4-1
Wed 8-19-2026 @ 8:30 am — Harris County JP 5-1 w/Judge Lombardino — 26 Cases,https://jpwebsite.harriscountytx.gov/WebDockets/GetDocketDetail?date=08/19/2026&court=51&media=screen#0830AM,8/19/2026 8:30am,8/19/2026 9:00am,26,Judge Lombardino,2026,2026-08,2026-34,2026-08-19,Wednesday,0,Harris County JP 5-1
Wed 8-19-2026 @ 9:00 am — Harris County JP 6-1 w/Judge Treviño — 25 Cases,https://jpwebsite.harriscountytx.gov/WebDockets/GetDocketDetail?date=08/19/2026&court=61&media=screen#0900AM,8/19/2026 9:00am,8/19/2026 1:30pm,25,Judge Treviño,2026,2026-08,2026-34,2026-08-19,Wednesday,0,Harris County JP 6-1
Wed 8-19-2026 @ 9:00 am — Harris County JP 7-1 w/Judge Adams — 68 Cases,https://jpwebsite.harriscountytx.gov/WebDockets/GetDocketDetail?date=08/19/2026&court=71&media=screen#0900AM,8/19/2026 9:00am,8/19/2026 9:30am,68,Judge Adams,2026,2026-08,2026-34,2026-08-19,Wednesday,0,Harris County JP 7-1
Thu 8-20-2026 @ 10:00 am — Harris County JP 1-1 w/Judge Carter — 32 Cases,https://jpwebsite.harriscountytx.gov/WebDockets/GetDocketDetail?date=08/20/2026&court=11&media=screen#1000AM,8/20/2026 10:00am,8/20/2026 10:30am,32,Judge Carter,2026,2026-08,2026-34,2026-08-20,Thursday,0,Harris County JP 1-1
Thu 8-20-2026 @ 8:30 am — Harris County JP 1-1 w/Judge Carter — 32 Cases,https://jpwebsite.harriscountytx.gov/WebDockets/GetDocketDetail?date=08/20/2026&court=11&media=screen#0830AM,8/20/2026 8:30am,8/20/2026 10:00am,32,Judge Carter,2026,2026-08,2026-34,2026-08-20,Thursday,0,Harris County JP 1-1
Thu 8-20-2026 @ 8:00 am — Harris County JP 2-1 w/Judge Delgado — 15 Cases,https://jpwebsite.harriscountytx.gov/WebDockets/GetDocketDetail?date=08/20/2026&court=21&media=screen#0800AM,8/20/2026 8:00am,8/20/2026 9:00am,15,Judge Delgado,2026,2026-08,2026-34,2026-08-20,Thursday,0,Harris County JP 2-1
Thu 8-20-2026 @ 1:30 pm — Harris County JP 2-1 w/Judge Delgado — 7 Cases,https://jpwebsite.harriscountytx.gov/WebDockets/GetDocketDetail?date=08/20/2026&court=21&media=screen#0130PM,8/20/2026 1:30pm,8/20/2026 2:30pm,7,Judge Delgado,2026,2026-08,2026-34,2026-08-20,Thursday,0,Harris County JP 2-1
Thu 8-20-2026 @ 9:00 am — Harris County JP 2-2 w/Judge Lozano — 12 Cases,https://jpwebsite.harriscountytx.gov/WebDockets/GetDocketDetail?date=08/20/2026&court=22&media=screen#0900AM,8/20/2026 9:00am,8/20/2026 10:00am,12,Judge Lozano,2026,2026-08,2026-34,2026-08-20,Thursday,0,Harris County JP 2-2
Thu 8-20-2026 @ 9:00 am — Harris County JP 4-1 w/Judge Goodwin — 39 Cases,https://jpwebsite.harriscountytx.gov/WebDockets/GetDocketDetail?date=08/20/2026&court=41&media=screen#0900AM,8/20/2026 9:00am,8/20/2026 9:30am,39,Judge Goodwin,2026,2026-08,2026-34,2026-08-20,Thursday,0,Harris County JP 4-1
Thu 8-20-2026 @ 9:00 am — Harris County JP 5-1 w/Judge Lombardino — 1 Cases,https://jpwebsite.harriscountytx.gov/WebDockets/GetDocketDetail?date=08/20/2026&court=51&media=screen#0900AM,8/20/2026 9:00am,8/20/2026 1:30pm,1,Judge Lombardino,2026,2026-08,2026-34,2026-08-20,Thursday,0,Harris County JP 5-1
Thu 8-20-2026 @ 1:30 pm — Harris County JP 5-1 w/Judge Lombardino — 153 Cases,https://jpwebsite.harriscountytx.gov/WebDockets/GetDocketDetail?date=08/20/2026&court=51&media=screen#0130PM,8/20/2026 1:30pm,8/20/2026 2:00pm,153,Judge Lombardino,2026,2026-08,2026-34,2026-08-20,Thursday,0,Harris County JP 5-1
Thu 8-20-2026 @ 9:00 am — Harris County JP 8-1 w/Judge Williamson — 16 Cases,https://jpwebsite.harriscountytx.gov/WebDockets/GetDocketDetail?date=08/20/2026&court=81&media=screen#0900AM,8/20/2026 9:00am,8/20/2026 10:00am,16,Judge Williamson,2026,2026-08,2026-34,2026-08-20,Thursday,0,Harris County JP 8-1
Fri 8-21-2026 @ 9:00 am — Harris County JP 4-1 w/Judge Goodwin — 2 Cases,https://jpwebsite.harriscountytx.gov/WebDockets/GetDocketDetail?date=08/21/2026&court=41&media=screen#0900AM,8/21/2026 9:00am,8/21/2026 9:30am,2,Judge Goodwin,2026,2026-08,2026-34,2026-08-21,Friday,0,Harris County JP 4-1
Fri 8-21-2026 @ 9:00 am — Harris County JP 5-1 w/Judge Lombardino — 10 Cases,https://jpwebsite.harriscountytx.gov/WebDockets/GetDocketDetail?date=08/21/2026&court=51&media=screen#0900AM,8/21/2026 9:00am,8/21/2026 9:30am,10,Judge Lombardino,2026,2026-08,2026-34,2026-08-21,Friday,0,Harris County JP 5-1
Fri 8-21-2026 @ 9:00 am — Harris County JP 6-2 w/Judge Rodriguez — 9 Cases,https://jpwebsite.harriscountytx.gov/WebDockets/GetDocketDetail?date=08/21/2026&court=62&media=screen#0900AM,8/21/2026 9:00am,8/21/2026 10:00am,9,Judge Rodriguez,2026,2026-08,2026-34,2026-08-21,Friday,0,Harris County JP 6-2
Fri 8-21-2026 @ 11:00 am — Harris County JP 6-2 w/Judge Rodriguez — 1 Cases,https://jpwebsite.harriscountytx.gov/WebDockets/GetDocketDetail?date=08/21/2026&court=62&media=screen#1100AM,8/21/2026 11:00am,8/21/2026 12:00pm,1,Judge Rodriguez,2026,2026-08,2026-34,2026-08-21,Friday,0,Harris County JP 6-2
Fri 8-21-2026 @ 10:00 am — Harris County JP 6-2 w/Judge Rodriguez — 1 Cases,https://jpwebsite.harriscountytx.gov/WebDockets/GetDocketDetail?date=08/21/2026&court=62&media=screen#1000AM,8/21/2026 10:00am,8/21/2026 11:00am,1,Judge Rodriguez,2026,2026-08,2026-34,2026-08-21,Friday,0,Harris County JP 6-2
Mon 8-24-2026 @ 10:00 am — Harris County JP 1-1 w/Judge Carter — 36 Cases,https://jpwebsite.harriscountytx.gov/WebDockets/GetDocketDetail?date=08/24/2026&court=11&media=screen#1000AM,8/24/2026 10:00am,8/24/2026 10:30am,36,Judge Carter,2026,2026-08,2026-35,2026-08-24,Monday,0,Harris County JP 1-1
Mon 8-24-2026 @ 8:30 am — Harris County JP 1-1 w/Judge Carter — 40 Cases,https://jpwebsite.harriscountytx.gov/WebDockets/GetDocketDetail?date=08/24/2026&court=11&media=screen#0830AM,8/24/2026 8:30am,8/24/2026 10:00am,40,Judge Carter,2026,2026-08,2026-35,2026-08-24,Monday,0,Harris County JP 1-1
Mon 8-24-2026 @ 8:00 am — Harris County JP 2-1 w/Judge Delgado — 16 Cases,https://jpwebsite.harriscountytx.gov/WebDockets/GetDocketDetail?date=08/24/2026&court=21&media=screen#0800AM,8/24/2026 8:00am,8/24/2026 9:00am,16,Judge Delgado,2026,2026-08,2026-35,2026-08-24,Monday,0,Harris County JP 2-1
Mon 8-24-2026 @ 9:30 am — Harris County JP 3-2 w/Judge Bates — 15 Cases,https://jpwebsite.harriscountytx.gov/WebDockets/GetDocketDetail?date=08/24/2026&court=32&media=screen#0930AM,8/24/2026 9:30am,8/24/2026 10:30am,15,Judge Bates,2026,2026-08,2026-35,2026-08-24,Monday,0,Harris County JP 3-2
Mon 8-24-2026 @ 1:00 pm — Harris County JP 4-1 w/Judge Goodwin — 14 Cases,https://jpwebsite.harriscountytx.gov/WebDockets/GetDocketDetail?date=08/24/2026&court=41&media=screen#0100PM,8/24/2026 1:00pm,8/24/2026 1:30pm,14,Judge Goodwin,2026,2026-08,2026-35,2026-08-24,Monday,0,Harris County JP 4-1
Mon 8-24-2026 @ 9:00 am — Harris County JP 4-1 w/Judge Goodwin — 82 Cases,https://jpwebsite.harriscountytx.gov/WebDockets/GetDocketDetail?date=08/24/2026&court=41&media=screen#0900AM,8/24/2026 9:00am,8/24/2026 9:30am,82,Judge Goodwin,2026,2026-08,2026-35,2026-08-24,Monday,0,Harris County JP 4-1
Mon 8-24-2026 @ 1:00 pm — Harris County JP 5-2 w/Judge Wolfe — 86 Cases,https://jpwebsite.harriscountytx.gov/WebDockets/GetDocketDetail?date=08/24/2026&court=52&media=screen#0100PM,8/24/2026 1:00pm,8/24/2026 1:30pm,86,Judge Wolfe,2026,2026-08,2026-35,2026-08-24,Monday,0,Harris County JP 5-2
Mon 8-24-2026 @ 9:00 am — Harris County JP 6-2 w/Judge Rodriguez — 10 Cases,https://jpwebsite.harriscountytx.gov/WebDockets/GetDocketDetail?date=08/24/2026&court=62&media=screen#0900AM,8/24/2026 9:00am,8/26/2026 9:00am,10,Judge Rodriguez,2026,2026-08,2026-35,2026-08-24,Monday,0,Harris County JP 6-2
Tue 8-25-2026 @ 9:30 am — Harris County JP 1-2 w/Judge Duble — 17 Cases,https://jpwebsite.harriscountytx.gov/WebDockets/GetDocketDetail?date=08/25/2026&court=12&media=screen#0930AM,8/25/2026 9:30am,8/25/2026 1:00pm,17,Judge Duble,2026,2026-08,2026-35,2026-08-25,Tuesday,0,Harris County JP 1-2
Tue 8-25-2026 @ 1:00 pm — Harris County JP 1-2 w/Judge Duble — 6 Cases,https://jpwebsite.harriscountytx.gov/WebDockets/GetDocketDetail?date=08/25/2026&court=12&media=screen#0100PM,8/25/2026 1:00pm,8/25/2026 2:00pm,6,Judge Duble,2026,2026-08,2026-35,2026-08-25,Tuesday,0,Harris County JP 1-2
Tue 8-25-2026 @ 8:00 am — Harris County JP 2-1 w/Judge Delgado — 17 Cases,https://jpwebsite.harriscountytx.gov/WebDockets/GetDocketDetail?date=08/25/2026&court=21&media=screen#0800AM,8/25/2026 8:00am,8/25/2026 9:00am,17,Judge Delgado,2026,2026-08,2026-35,2026-08-25,Tuesday,0,Harris County JP 2-1
Tue 8-25-2026 @ 9:00 am — Harris County JP 3-1 w/Judge Stephens — 26 Cases,https://jpwebsite.harriscountytx.gov/WebDockets/GetDocketDetail?date=08/25/2026&court=31&media=screen#0900AM,8/25/2026 9:00am,8/25/2026 10:30am,26,Judge Stephens,2026,2026-08,2026-35,2026-08-25,Tuesday,0,Harris County JP 3-1
Tue 8-25-2026 @ 10:30 am — Harris County JP 3-1 w/Judge Stephens — 27 Cases,https://jpwebsite.harriscountytx.gov/WebDockets/GetDocketDetail?date=08/25/2026&court=31&media=screen#1030AM,8/25/2026 10:30am,8/25/2026 11:00am,27,Judge Stephens,2026,2026-08,2026-35,2026-08-25,Tuesday,0,Harris County JP 3-1
Tue 8-25-2026 @ 9:00 am — Harris County JP 4-1 w/Judge Goodwin — 56 Cases,https://jpwebsite.harriscountytx.gov/WebDockets/GetDocketDetail?date=08/25/2026&court=41&media=screen#0900AM,8/25/2026 9:00am,8/25/2026 9:30am,56,Judge Goodwin,2026,2026-08,2026-35,2026-08-25,Tuesday,0,Harris County JP 4-1
Tue 8-25-2026 @ 1:00 pm — Harris County JP 4-2 w/Judge Korduba — 15 Cases,https://jpwebsite.harriscountytx.gov/WebDockets/GetDocketDetail?date=08/25/2026&court=42&media=screen#0100PM,8/25/2026 1:00pm,8/25/2026 1:30pm,15,Judge Korduba,2026,2026-08,2026-35,2026-08-25,Tuesday,0,Harris County JP 4-2
Tue 8-25-2026 @ 1:00 pm — Harris County JP 5-1 w/Judge Lombardino — 139 Cases,https://jpwebsite.harriscountytx.gov/WebDockets/GetDocketDetail?date=08/25/2026&court=51&media=screen#0100PM,8/25/2026 1:00pm,8/25/2026 8:30am,139,Judge Lombardino,2026,2026-08,2026-35,2026-08-25,Tuesday,0,Harris County JP 5-1
Tue 8-25-2026 @ 1:00 pm — Harris County JP 5-2 w/Judge Wolfe — 74 Cases,https://jpwebsite.harriscountytx.gov/WebDockets/GetDocketDetail?date=08/25/2026&court=52&media=screen#0100PM,8/25/2026 1:00pm,8/25/2026 1:30pm,74,Judge Wolfe,2026,2026-08,2026-35,2026-08-25,Tuesday,0,Harris County JP 5-2
Wed 8-26-2026 @ 9:00 am — Harris County JP 4-1 w/Judge Goodwin — 9 Cases,https://jpwebsite.harriscountytx.gov/WebDockets/GetDocketDetail?date=08/26/2026&court=41&media=screen#0900AM,8/26/2026 9:00am,8/26/2026 9:30am,9,Judge Goodwin,2026,2026-08,2026-35,2026-08-26,Wednesday,0,Harris County JP 4-1
Wed 8-26-2026 @ 8:30 am — Harris County JP 5-1 w/Judge Lombardino — 2 Cases,https://jpwebsite.harriscountytx.gov/WebDockets/GetDocketDetail?date=08/26/2026&court=51&media=screen#0830AM,8/26/2026 8:30am,8/26/2026 9:00am,2,Judge Lombardino,2026,2026-08,2026-35,2026-08-26,Wednesday,0,Harris County JP 5-1
Wed 8-26-2026 @ 9:00 am — Harris County JP 6-1 w/Judge Treviño — 22 Cases,https://jpwebsite.harriscountytx.gov/WebDockets/GetDocketDetail?date=08/26/2026&court=61&media=screen#0900AM,8/26/2026 9:00am,8/26/2026 1:30pm,22,Judge Treviño,2026,2026-08,2026-35,2026-08-26,Wednesday,0,Harris County JP 6-1
Wed 8-26-2026 @ 9:00 am — Harris County JP 7-1 w/Judge Adams — 54 Cases,https://jpwebsite.harriscountytx.gov/WebDockets/GetDocketDetail?date=08/26/2026&court=71&media=screen#0900AM,8/26/2026 9:00am,8/26/2026 9:30am,54,Judge Adams,2026,2026-08,2026-35,2026-08-26,Wednesday,0,Harris County JP 7-1
Thu 8-27-2026 @ 1:00 pm — Harris County JP 1-1 w/Judge Carter — 2 Cases,https://jpwebsite.harriscountytx.gov/WebDockets/GetDocketDetail?date=08/27/2026&court=11&media=screen#0100PM,8/27/2026 1:00pm,8/27/2026 1:30pm,2,Judge Carter,2026,2026-08,2026-35,2026-08-27,Thursday,0,Harris County JP 1-1
Thu 8-27-2026 @ 8:30 am — Harris County JP 1-1 w/Judge Carter — 44 Cases,https://jpwebsite.harriscountytx.gov/WebDockets/GetDocketDetail?date=08/27/2026&court=11&media=screen#0830AM,8/27/2026 8:30am,8/27/2026 10:00am,44,Judge Carter,2026,2026-08,2026-35,2026-08-27,Thursday,0,Harris County JP 1-1
Thu 8-27-2026 @ 10:00 am — Harris County JP 1-1 w/Judge Carter — 39 Cases,https://jpwebsite.harriscountytx.gov/WebDockets/GetDocketDetail?date=08/27/2026&court=11&media=screen#1000AM,8/27/2026 10:00am,8/27/2026 10:30am,39,Judge Carter,2026,2026-08,2026-35,2026-08-27,Thursday,0,Harris County JP 1-1
Thu 8-27-2026 @ 8:00 am — Harris County JP 2-1 w/Judge Delgado — 16 Cases,https://jpwebsite.harriscountytx.gov/WebDockets/GetDocketDetail?date=08/27/2026&court=21&media=screen#0800AM,8/27/2026 8:00am,8/27/2026 9:00am,16,Judge Delgado,2026,2026-08,2026-35,2026-08-27,Thursday,0,Harris County JP 2-1
Thu 8-27-2026 @ 1:30 pm — Harris County JP 2-1 w/Judge Delgado — 5 Cases,https://jpwebsite.harriscountytx.gov/WebDockets/GetDocketDetail?date=08/27/2026&court=21&media=screen#0130PM,8/27/2026 1:30pm,8/27/2026 2:30pm,5,Judge Delgado,2026,2026-08,2026-35,2026-08-27,Thursday,0,Harris County JP 2-1
Thu 8-27-2026 @ 10:00 am — Harris County JP 2-2 w/Judge Lozano — 12 Cases,https://jpwebsite.harriscountytx.gov/WebDockets/GetDocketDetail?date=08/27/2026&court=22&media=screen#1000AM,8/27/2026 10:00am,8/27/2026 10:30am,12,Judge Lozano,2026,2026-08,2026-35,2026-08-27,Thursday,0,Harris County JP 2-2
Thu 8-27-2026 @ 9:00 am — Harris County JP 2-2 w/Judge Lozano — 14 Cases,https://jpwebsite.harriscountytx.gov/WebDockets/GetDocketDetail?date=08/27/2026&court=22&media=screen#0900AM,8/27/2026 9:00am,8/27/2026 10:00am,14,Judge Lozano,2026,2026-08,2026-35,2026-08-27,Thursday,0,Harris County JP 2-2
Thu 8-27-2026 @ 9:00 am — Harris County JP 4-1 w/Judge Goodwin — 32 Cases,https://jpwebsite.harriscountytx.gov/WebDockets/GetDocketDetail?date=08/27/2026&court=41&media=screen#0900AM,8/27/2026 9:00am,8/27/2026 9:30am,32,Judge Goodwin,2026,2026-08,2026-35,2026-08-27,Thursday,0,Harris County JP 4-1
Thu 8-27-2026 @ 1:00 pm — Harris County JP 5-1 w/Judge Lombardino — 103 Cases,https://jpwebsite.harriscountytx.gov/WebDockets/GetDocketDetail?date=08/27/2026&court=51&media=screen#0100PM,8/27/2026 1:00pm,8/27/2026 1:30pm,103,Judge Lombardino,2026,2026-08,2026-35,2026-08-27,Thursday,0,Harris County JP 5-1
Thu 8-27-2026 @ 2:30 pm — Harris County JP 5-2 w/Judge Wolfe — 33 Cases,https://jpwebsite.harriscountytx.gov/WebDockets/GetDocketDetail?date=08/27/2026&court=52&media=screen#0230PM,8/27/2026 2:30pm,8/27/2026 3:00pm,33,Judge Wolfe,2026,2026-08,2026-35,2026-08-27,Thursday,0,Harris County JP 5-2
Thu 8-27-2026 @ 1:00 pm — Harris County JP 5-2 w/Judge Wolfe — 15 Cases,https://jpwebsite.harriscountytx.gov/WebDockets/GetDocketDetail?date=08/27/2026&court=52&media=screen#0100PM,8/27/2026 1:00pm,8/27/2026 1:30pm,15,Judge Wolfe,2026,2026-08,2026-35,2026-08-27,Thursday,0,Harris County JP 5-2
Thu 8-27-2026 @ 9:00 am — Harris County JP 8-1 w/Judge Williamson — 77 Cases,https://jpwebsite.harriscountytx.gov/WebDockets/GetDocketDetail?date=08/27/2026&court=81&media=screen#0900AM,8/27/2026 9:00am,8/28/2026 9:30am,77,Judge Williamson,2026,2026-08,2026-35,2026-08-27,Thursday,0,Harris County JP 8-1
Fri 8-28-2026 @ 9:00 am — Harris County JP 5-1 w/Judge Lombardino — 27 Cases,https://jpwebsite.harriscountytx.gov/WebDockets/GetDocketDetail?date=08/28/2026&court=51&media=screen#0900AM,8/28/2026 9:00am,8/28/2026 9:30am,27,Judge Lombardino,2026,2026-08,2026-35,2026-08-28,Friday,0,Harris County JP 5-1
Fri 8-28-2026 @ 9:00 am — Harris County JP 6-2 w/Judge Rodriguez — 14 Cases,https://jpwebsite.harriscountytx.gov/WebDockets/GetDocketDetail?date=08/28/2026&court=62&media=screen#0900AM,8/28/2026 9:00am,8/30/2026 9:00am,14,Judge Rodriguez,2026,2026-08,2026-35,2026-08-28,Friday,0,Harris County JP 6-2
Mon 8-31-2026 @ 10:00 am — Harris County JP 1-1 w/Judge Carter — 40 Cases,https://jpwebsite.harriscountytx.gov/WebDockets/GetDocketDetail?date=08/31/2026&court=11&media=screen#1000AM,8/31/2026 10:00am,8/31/2026 10:30am,40,Judge Carter,2026,2026-08,2026-36,2026-08-31,Monday,0,Harris County JP 1-1
Mon 8-31-2026 @ 8:30 am — Harris County JP 1-1 w/Judge Carter — 43 Cases,https://jpwebsite.harriscountytx.gov/WebDockets/GetDocketDetail?date=08/31/2026&court=11&media=screen#0830AM,8/31/2026 8:30am,8/31/2026 10:00am,43,Judge Carter,2026,2026-08,2026-36,2026-08-31,Monday,0,Harris County JP 1-1
Mon 8-31-2026 @ 8:00 am — Harris County JP 2-1 w/Judge Delgado — 18 Cases,https://jpwebsite.harriscountytx.gov/WebDockets/GetDocketDetail?date=08/31/2026&court=21&media=screen#0800AM,8/31/2026 8:00am,8/31/2026 9:00am,18,Judge Delgado,2026,2026-08,2026-36,2026-08-31,Monday,0,Harris County JP 2-1
Mon 8-31-2026 @ 9:00 am — Harris County JP 4-1 w/Judge Goodwin — 91 Cases,https://jpwebsite.harriscountytx.gov/WebDockets/GetDocketDetail?date=08/31/2026&court=41&media=screen#0900AM,8/31/2026 9:00am,8/31/2026 9:30am,91,Judge Goodwin,2026,2026-08,2026-36,2026-08-31,Monday,0,Harris County JP 4-1
Mon 8-31-2026 @ 1:00 pm — Harris County JP 4-1 w/Judge Goodwin — 59 Cases,https://jpwebsite.harriscountytx.gov/WebDockets/GetDocketDetail?date=08/31/2026&court=41&media=screen#0100PM,8/31/2026 1:00pm,8/31/2026 1:30pm,59,Judge Goodwin,2026,2026-08,2026-36,2026-08-31,Monday,0,Harris County JP 4-1
Mon 8-31-2026 @ 1:00 pm — Harris County JP 5-2 w/Judge Wolfe — 99 Cases,https://jpwebsite.harriscountytx.gov/WebDockets/GetDocketDetail?date=08/31/2026&court=52&media=screen#0100PM,8/31/2026 1:00pm,8/31/2026 1:30pm,99,Judge Wolfe,2026,2026-08,2026-36,2026-08-31,Monday,0,Harris County JP 5-2
Mon 8-31-2026 @ 9:00 am — Harris County JP 6-2 w/Judge Rodriguez — 16 Cases,https://jpwebsite.harriscountytx.gov/WebDockets/GetDocketDetail?date=08/31/2026&court=62&media=screen#0900AM,8/31/2026 9:00am,9/1/2026 9:00am,16,Judge Rodriguez,2026,2026-08,2026-36,2026-08-31,Monday,0,Harris County JP 6-2
Tue 9-1-2026 @ 8:30 am — Harris County JP 1-1 w/Judge Carter — 41 Cases,https://jpwebsite.harriscountytx.gov/WebDockets/GetDocketDetail?date=09/01/2026&court=11&media=screen#0830AM,9/1/2026 8:30am,9/1/2026 10:00am,41,Judge Carter,2026,2026-09,2026-36,2026-09-01,Tuesday,0,Harris County JP 1-1
Tue 9-1-2026 @ 10:00 am — Harris County JP 1-1 w/Judge Carter — 36 Cases,https://jpwebsite.harriscountytx.gov/WebDockets/GetDocketDetail?date=09/01/2026&court=11&media=screen#1000AM,9/1/2026 10:00am,9/1/2026 10:30am,36,Judge Carter,2026,2026-09,2026-36,2026-09-01,Tuesday,0,Harris County JP 1-1
Tue 9-1-2026 @ 1:00 pm — Harris County JP 1-2 w/Judge Duble — 8 Cases,https://jpwebsite.harriscountytx.gov/WebDockets/GetDocketDetail?date=09/01/2026&court=12&media=screen#0100PM,9/1/2026 1:00pm,9/1/2026 2:00pm,8,Judge Duble,2026,2026-09,2026-36,2026-09-01,Tuesday,0,Harris County JP 1-2
Tue 9-1-2026 @ 10:30 am — Harris County JP 1-2 w/Judge Duble — 10 Cases,https://jpwebsite.harriscountytx.gov/WebDockets/GetDocketDetail?date=09/01/2026&court=12&media=screen#1030AM,9/1/2026 10:30am,9/1/2026 1:00pm,10,Judge Duble,2026,2026-09,2026-36,2026-09-01,Tuesday,0,Harris County JP 1-2
Tue 9-1-2026 @ 9:30 am — Harris County JP 1-2 w/Judge Duble — 18 Cases,https://jpwebsite.harriscountytx.gov/WebDockets/GetDocketDetail?date=09/01/2026&court=12&media=screen#0930AM,9/1/2026 9:30am,9/1/2026 10:30am,18,Judge Duble,2026,2026-09,2026-36,2026-09-01,Tuesday,0,Harris County JP 1-2
Tue 9-1-2026 @ 8:00 am — Harris County JP 2-1 w/Judge Delgado — 15 Cases,https://jpwebsite.harriscountytx.gov/WebDockets/GetDocketDetail?date=09/01/2026&court=21&media=screen#0800AM,9/1/2026 8:00am,9/1/2026 9:00am,15,Judge Delgado,2026,2026-09,2026-36,2026-09-01,Tuesday,0,Harris County JP 2-1
Tue 9-1-2026 @ 11:00 am — Harris County JP 3-1 w/Judge Stephens — 6 Cases,https://jpwebsite.harriscountytx.gov/WebDockets/GetDocketDetail?date=09/01/2026&court=31&media=screen#1100AM,9/1/2026 11:00am,9/1/2026 11:30am,6,Judge Stephens,2026,2026-09,2026-36,2026-09-01,Tuesday,0,Harris County JP 3-1
Tue 9-1-2026 @ 10:30 am — Harris County JP 3-1 w/Judge Stephens — 34 Cases,https://jpwebsite.harriscountytx.gov/WebDockets/GetDocketDetail?date=09/01/2026&court=31&media=screen#1030AM,9/1/2026 10:30am,9/1/2026 11:00am,34,Judge Stephens,2026,2026-09,2026-36,2026-09-01,Tuesday,0,Harris County JP 3-1
Tue 9-1-2026 @ 9:00 am — Harris County JP 3-1 w/Judge Stephens — 34 Cases,https://jpwebsite.harriscountytx.gov/WebDockets/GetDocketDetail?date=09/01/2026&court=31&media=screen#0900AM,9/1/2026 9:00am,9/1/2026 10:30am,34,Judge Stephens,2026,2026-09,2026-36,2026-09-01,Tuesday,0,Harris County JP 3-1
Tue 9-1-2026 @ 9:00 am — Harris County JP 4-1 w/Judge Goodwin — 69 Cases,https://jpwebsite.harriscountytx.gov/WebDockets/GetDocketDetail?date=09/01/2026&court=41&media=screen#0900AM,9/1/2026 9:00am,9/1/2026 9:30am,69,Judge Goodwin,2026,2026-09,2026-36,2026-09-01,Tuesday,0,Harris County JP 4-1
Tue 9-1-2026 @ 1:00 pm — Harris County JP 4-2 w/Judge Korduba — 15 Cases,https://jpwebsite.harriscountytx.gov/WebDockets/GetDocketDetail?date=09/01/2026&court=42&media=screen#0100PM,9/1/2026 1:00pm,9/1/2026 2:00pm,15,Judge Korduba,2026,2026-09,2026-36,2026-09-01,Tuesday,0,Harris County JP 4-2
Tue 9-1-2026 @ 2:00 pm — Harris County JP 4-2 w/Judge Korduba — 14 Cases,https://jpwebsite.harriscountytx.gov/WebDockets/GetDocketDetail?date=09/01/2026&court=42&media=screen#0200PM,9/1/2026 2:00pm,9/1/2026 2:30pm,14,Judge Korduba,2026,2026-09,2026-36,2026-09-01,Tuesday,0,Harris County JP 4-2
Tue 9-1-2026 @ 10:00 am — Harris County JP 4-2 w/Judge Korduba — 35 Cases,https://jpwebsite.harriscountytx.gov/WebDockets/GetDocketDetail?date=09/01/2026&court=42&media=screen#1000AM,9/1/2026 10:00am,9/1/2026 1:00pm,35,Judge Korduba,2026,2026-09,2026-36,2026-09-01,Tuesday,0,Harris County JP 4-2
Tue 9-1-2026 @ 1:00 pm — Harris County JP 5-2 w/Judge Wolfe — 70 Cases,https://jpwebsite.harriscountytx.gov/WebDockets/GetDocketDetail?date=09/01/2026&court=52&media=screen#0100PM,9/1/2026 1:00pm,9/1/2026 1:30pm,70,Judge Wolfe,2026,2026-09,2026-36,2026-09-01,Tuesday,0,Harris County JP 5-2
Tue 9-1-2026 @ 9:00 am — Harris County JP 7-2 w/Judge Burney — 61 Cases,https://jpwebsite.harriscountytx.gov/WebDockets/GetDocketDetail?date=09/01/2026&court=72&media=screen#0900AM,9/1/2026 9:00am,9/1/2026 11:00am,61,Judge Burney,2026,2026-09,2026-36,2026-09-01,Tuesday,0,Harris County JP 7-2
Tue 9-1-2026 @ 11:00 am — Harris County JP 7-2 w/Judge Burney — 66 Cases,https://jpwebsite.harriscountytx.gov/WebDockets/GetDocketDetail?date=09/01/2026&court=72&media=screen#1100AM,9/1/2026 11:00am,9/2/2026 8:30am,66,Judge Burney,2026,2026-09,2026-36,2026-09-01,Tuesday,0,Harris County JP 7-2
Wed 9-2-2026 @ 9:00 am — Harris County JP 4-1 w/Judge Goodwin — 2 Cases,https://jpwebsite.harriscountytx.gov/WebDockets/GetDocketDetail?date=09/02/2026&court=41&media=screen#0900AM,9/2/2026 9:00am,9/2/2026 9:30am,2,Judge Goodwin,2026,2026-09,2026-36,2026-09-02,Wednesday,0,Harris County JP 4-1
Wed 9-2-2026 @ 9:00 am — Harris County JP 6-1 w/Judge Treviño — 20 Cases,https://jpwebsite.harriscountytx.gov/WebDockets/GetDocketDetail?date=09/02/2026&court=61&media=screen#0900AM,9/2/2026 9:00am,9/2/2026 1:30pm,20,Judge Treviño,2026,2026-09,2026-36,2026-09-02,Wednesday,0,Harris County JP 6-1
Wed 9-2-2026 @ 1:00 pm — Harris County JP 7-1 w/Judge Adams — 39 Cases,https://jpwebsite.harriscountytx.gov/WebDockets/GetDocketDetail?date=09/02/2026&court=71&media=screen#0100PM,9/2/2026 1:00pm,9/2/2026 1:30pm,39,Judge Adams,2026,2026-09,2026-36,2026-09-02,Wednesday,0,Harris County JP 7-1
Wed 9-2-2026 @ 9:00 am — Harris County JP 7-1 w/Judge Adams — 51 Cases,https://jpwebsite.harriscountytx.gov/WebDockets/GetDocketDetail?date=09/02/2026&court=71&media=screen#0900AM,9/2/2026 9:00am,9/2/2026 1:00pm,51,Judge Adams,2026,2026-09,2026-36,2026-09-02,Wednesday,0,Harris County JP 7-1
Thu 9-3-2026 @ 8:30 am — Harris County JP 1-1 w/Judge Carter — 41 Cases,https://jpwebsite.harriscountytx.gov/WebDockets/GetDocketDetail?date=09/03/2026&court=11&media=screen#0830AM,9/3/2026 8:30am,9/3/2026 10:00am,41,Judge Carter,2026,2026-09,2026-36,2026-09-03,Thursday,0,Harris County JP 1-1
Thu 9-3-2026 @ 10:00 am — Harris County JP 1-1 w/Judge Carter — 43 Cases,https://jpwebsite.harriscountytx.gov/WebDockets/GetDocketDetail?date=09/03/2026&court=11&media=screen#1000AM,9/3/2026 10:00am,9/3/2026 10:30am,43,Judge Carter,2026,2026-09,2026-36,2026-09-03,Thursday,0,Harris County JP 1-1
Thu 9-3-2026 @ 8:00 am — Harris County JP 2-1 w/Judge Delgado — 14 Cases,https://jpwebsite.harriscountytx.gov/WebDockets/GetDocketDetail?date=09/03/2026&court=21&media=screen#0800AM,9/3/2026 8:00am,9/3/2026 9:00am,14,Judge Delgado,2026,2026-09,2026-36,2026-09-03,Thursday,0,Harris County JP 2-1
Thu 9-3-2026 @ 1:30 pm — Harris County JP 2-1 w/Judge Delgado — 5 Cases,https://jpwebsite.harriscountytx.gov/WebDockets/GetDocketDetail?date=09/03/2026&court=21&media=screen#0130PM,9/3/2026 1:30pm,9/3/2026 2:30pm,5,Judge Delgado,2026,2026-09,2026-36,2026-09-03,Thursday,0,Harris County JP 2-1
Thu 9-3-2026 @ 12:30 pm — Harris County JP 2-2 w/Judge Lozano — 26 Cases,https://jpwebsite.harriscountytx.gov/WebDockets/GetDocketDetail?date=09/03/2026&court=22&media=screen#1230PM,9/3/2026 12:30pm,9/3/2026 1:30pm,26,Judge Lozano,2026,2026-09,2026-36,2026-09-03,Thursday,0,Harris County JP 2-2
Thu 9-3-2026 @ 9:00 am — Harris County JP 4-1 w/Judge Goodwin — 25 Cases,https://jpwebsite.harriscountytx.gov/WebDockets/GetDocketDetail?date=09/03/2026&court=41&media=screen#0900AM,9/3/2026 9:00am,9/3/2026 9:30am,25,Judge Goodwin,2026,2026-09,2026-36,2026-09-03,Thursday,0,Harris County JP 4-1
Thu 9-3-2026 @ 4:00 pm — Harris County JP 4-2 w/Judge Korduba — 37 Cases,https://jpwebsite.harriscountytx.gov/WebDockets/GetDocketDetail?date=09/03/2026&court=42&media=screen#0400PM,9/3/2026 4:00pm,9/3/2026 4:30pm,37,Judge Korduba,2026,2026-09,2026-36,2026-09-03,Thursday,0,Harris County JP 4-2
Thu 9-3-2026 @ 3:30 pm — Harris County JP 4-2 w/Judge Korduba — 8 Cases,https://jpwebsite.harriscountytx.gov/WebDockets/GetDocketDetail?date=09/03/2026&court=42&media=screen#0330PM,9/3/2026 3:30pm,9/3/2026 4:00pm,8,Judge Korduba,2026,2026-09,2026-36,2026-09-03,Thursday,0,Harris County JP 4-2
Thu 9-3-2026 @ 9:00 am — Harris County JP 8-1 w/Judge Williamson — 40 Cases,https://jpwebsite.harriscountytx.gov/WebDockets/GetDocketDetail?date=09/03/2026&court=81&media=screen#0900AM,9/3/2026 9:00am,9/3/2026 10:00am,40,Judge Williamson,2026,2026-09,2026-36,2026-09-03,Thursday,0,Harris County JP 8-1
Thu 9-3-2026 @ 2:00 pm — Harris County JP 8-2 w/Judge Ditta — 25 Cases,https://jpwebsite.harriscountytx.gov/WebDockets/GetDocketDetail?date=09/03/2026&court=82&media=screen#0200PM,9/3/2026 2:00pm,9/3/2026 3:00pm,25,Judge Ditta,2026,2026-09,2026-36,2026-09-03,Thursday,0,Harris County JP 8-2
Fri 9-4-2026 @ 9:30 am — Harris County JP 3-2 w/Judge Bates — 21 Cases,https://jpwebsite.harriscountytx.gov/WebDockets/GetDocketDetail?date=09/04/2026&court=32&media=screen#0930AM,9/4/2026 9:30am,9/4/2026 10:30am,21,Judge Bates,2026,2026-09,2026-36,2026-09-04,Friday,0,Harris County JP 3-2
Fri 9-4-2026 @ 9:00 am — Harris County JP 5-1 w/Judge Lombardino — 6 Cases,https://jpwebsite.harriscountytx.gov/WebDockets/GetDocketDetail?date=09/04/2026&court=51&media=screen#0900AM,9/4/2026 9:00am,9/4/2026 9:30am,6,Judge Lombardino,2026,2026-09,2026-36,2026-09-04,Friday,0,Harris County JP 5-1
Tue 9-8-2026 @ 8:00 am — Harris County JP 2-1 w/Judge Delgado — 16 Cases,https://jpwebsite.harriscountytx.gov/WebDockets/GetDocketDetail?date=09/08/2026&court=21&media=screen#0800AM,9/8/2026 8:00am,9/8/2026 9:00am,16,Judge Delgado,2026,2026-09,2026-37,2026-09-08,Tuesday,0,Harris County JP 2-1
Tue 9-8-2026 @ 9:30 am — Harris County JP 3-2 w/Judge Bates — 11 Cases,https://jpwebsite.harriscountytx.gov/WebDockets/GetDocketDetail?date=09/08/2026&court=32&media=screen#0930AM,9/8/2026 9:30am,9/8/2026 10:00am,11,Judge Bates,2026,2026-09,2026-37,2026-09-08,Tuesday,0,Harris County JP 3-2
Tue 9-8-2026 @ 9:00 am — Harris County JP 4-1 w/Judge Goodwin — 72 Cases,https://jpwebsite.harriscountytx.gov/WebDockets/GetDocketDetail?date=09/08/2026&court=41&media=screen#0900AM,9/8/2026 9:00am,9/8/2026 9:30am,72,Judge Goodwin,2026,2026-09,2026-37,2026-09-08,Tuesday,0,Harris County JP 4-1
Tue 9-8-2026 @ 1:00 pm — Harris County JP 4-1 w/Judge Goodwin — 89 Cases,https://jpwebsite.harriscountytx.gov/WebDockets/GetDocketDetail?date=09/08/2026&court=41&media=screen#0100PM,9/8/2026 1:00pm,9/8/2026 1:30pm,89,Judge Goodwin,2026,2026-09,2026-37,2026-09-08,Tuesday,0,Harris County JP 4-1
Tue 9-8-2026 @ 1:00 pm — Harris County JP 5-1 w/Judge Lombardino — 130 Cases,https://jpwebsite.harriscountytx.gov/WebDockets/GetDocketDetail?date=09/08/2026&court=51&media=screen#0100PM,9/8/2026 1:00pm,9/8/2026 8:30am,130,Judge Lombardino,2026,2026-09,2026-37,2026-09-08,Tuesday,0,Harris County JP 5-1
Tue 9-8-2026 @ 9:00 am — Harris County JP 5-1 w/Judge Lombardino — 1 Cases,https://jpwebsite.harriscountytx.gov/WebDockets/GetDocketDetail?date=09/08/2026&court=51&media=screen#0900AM,9/8/2026 9:00am,9/8/2026 1:00pm,1,Judge Lombardino,2026,2026-09,2026-37,2026-09-08,Tuesday,0,Harris County JP 5-1
Tue 9-8-2026 @ 1:00 pm — Harris County JP 5-2 w/Judge Wolfe — 95 Cases,https://jpwebsite.harriscountytx.gov/WebDockets/GetDocketDetail?date=09/08/2026&court=52&media=screen#0100PM,9/8/2026 1:00pm,9/8/2026 1:30pm,95,Judge Wolfe,2026,2026-09,2026-37,2026-09-08,Tuesday,0,Harris County JP 5-2
Tue 9-8-2026 @ 1:00 pm — Harris County JP 7-2 w/Judge Burney — 64 Cases,https://jpwebsite.harriscountytx.gov/WebDockets/GetDocketDetail?date=09/08/2026&court=72&media=screen#0100PM,9/8/2026 1:00pm,9/8/2026 3:00pm,64,Judge Burney,2026,2026-09,2026-37,2026-09-08,Tuesday,0,Harris County JP 7-2
Tue 9-8-2026 @ 11:00 am — Harris County JP 7-2 w/Judge Burney — 44 Cases,https://jpwebsite.harriscountytx.gov/WebDockets/GetDocketDetail?date=09/08/2026&court=72&media=screen#1100AM,9/8/2026 11:00am,9/8/2026 1:00pm,44,Judge Burney,2026,2026-09,2026-37,2026-09-08,Tuesday,0,Harris County JP 7-2
Tue 9-8-2026 @ 9:00 am — Harris County JP 7-2 w/Judge Burney — 61 Cases,https://jpwebsite.harriscountytx.gov/WebDockets/GetDocketDetail?date=09/08/2026&court=72&media=screen#0900AM,9/8/2026 9:00am,9/8/2026 11:00am,61,Judge Burney,2026,2026-09,2026-37,2026-09-08,Tuesday,0,Harris County JP 7-2
Wed 9-9-2026 @ 3:00 pm — Harris County JP 1-1 w/Judge Carter — 33 Cases,https://jpwebsite.harriscountytx.gov/WebDockets/GetDocketDetail?date=09/09/2026&court=11&media=screen#0300PM,9/9/2026 3:00pm,9/9/2026 3:30pm,33,Judge Carter,2026,2026-09,2026-37,2026-09-09,Wednesday,0,Harris County JP 1-1
Wed 9-9-2026 @ 2:00 pm — Harris County JP 1-1 w/Judge Carter — 39 Cases,https://jpwebsite.harriscountytx.gov/WebDockets/GetDocketDetail?date=09/09/2026&court=11&media=screen#0200PM,9/9/2026 2:00pm,9/9/2026 3:00pm,39,Judge Carter,2026,2026-09,2026-37,2026-09-09,Wednesday,0,Harris County JP 1-1
Wed 9-9-2026 @ 1:30 pm — Harris County JP 2-1 w/Judge Delgado — 19 Cases,https://jpwebsite.harriscountytx.gov/WebDockets/GetDocketDetail?date=09/09/2026&court=21&media=screen#0130PM,9/9/2026 1:30pm,9/9/2026 8:00am,19,Judge Delgado,2026,2026-09,2026-37,2026-09-09,Wednesday,0,Harris County JP 2-1
Wed 9-9-2026 @ 9:00 am — Harris County JP 2-1 w/Judge Delgado — 12 Cases,https://jpwebsite.harriscountytx.gov/WebDockets/GetDocketDetail?date=09/09/2026&court=21&media=screen#0900AM,9/9/2026 9:00am,9/9/2026 10:00am,12,Judge Delgado,2026,2026-09,2026-37,2026-09-09,Wednesday,0,Harris County JP 2-1
Wed 9-9-2026 @ 8:00 am — Harris County JP 2-1 w/Judge Delgado — 14 Cases,https://jpwebsite.harriscountytx.gov/WebDockets/GetDocketDetail?date=09/09/2026&court=21&media=screen#0800AM,9/9/2026 8:00am,9/9/2026 9:00am,14,Judge Delgado,2026,2026-09,2026-37,2026-09-09,Wednesday,0,Harris County JP 2-1
Wed 9-9-2026 @ 9:00 am — Harris County JP 3-1 w/Judge Stephens — 40 Cases,https://jpwebsite.harriscountytx.gov/WebDockets/GetDocketDetail?date=09/09/2026&court=31&media=screen#0900AM,9/9/2026 9:00am,9/9/2026 10:30am,40,Judge Stephens,2026,2026-09,2026-37,2026-09-09,Wednesday,0,Harris County JP 3-1
Wed 9-9-2026 @ 11:00 am — Harris County JP 3-1 w/Judge Stephens — 25 Cases,https://jpwebsite.harriscountytx.gov/WebDockets/GetDocketDetail?date=09/09/2026&court=31&media=screen#1100AM,9/9/2026 11:00am,9/10/2026 9:00am,25,Judge Stephens,2026,2026-09,2026-37,2026-09-09,Wednesday,0,Harris County JP 3-1
Wed 9-9-2026 @ 10:30 am — Harris County JP 3-1 w/Judge Stephens — 39 Cases,https://jpwebsite.harriscountytx.gov/WebDockets/GetDocketDetail?date=09/09/2026&court=31&media=screen#1030AM,9/9/2026 10:30am,9/9/2026 11:00am,39,Judge Stephens,2026,2026-09,2026-37,2026-09-09,Wednesday,0,Harris County JP 3-1
Wed 9-9-2026 @ 9:00 am — Harris County JP 4-1 w/Judge Goodwin — 60 Cases,https://jpwebsite.harriscountytx.gov/WebDockets/GetDocketDetail?date=09/09/2026&court=41&media=screen#0900AM,9/9/2026 9:00am,9/9/2026 9:30am,60,Judge Goodwin,2026,2026-09,2026-37,2026-09-09,Wednesday,0,Harris County JP 4-1
Wed 9-9-2026 @ 3:30 pm — Harris County JP 4-2 w/Judge Korduba — 22 Cases,https://jpwebsite.harriscountytx.gov/WebDockets/GetDocketDetail?date=09/09/2026&court=42&media=screen#0330PM,9/9/2026 3:30pm,9/9/2026 4:30pm,22,Judge Korduba,2026,2026-09,2026-37,2026-09-09,Wednesday,0,Harris County JP 4-2
Wed 9-9-2026 @ 10:00 am — Harris County JP 4-2 w/Judge Korduba — 66 Cases,https://jpwebsite.harriscountytx.gov/WebDockets/GetDocketDetail?date=09/09/2026&court=42&media=screen#1000AM,9/9/2026 10:00am,9/9/2026 11:00am,66,Judge Korduba,2026,2026-09,2026-37,2026-09-09,Wednesday,0,Harris County JP 4-2
Wed 9-9-2026 @ 11:00 am — Harris County JP 4-2 w/Judge Korduba — 18 Cases,https://jpwebsite.harriscountytx.gov/WebDockets/GetDocketDetail?date=09/09/2026&court=42&media=screen#1100AM,9/9/2026 11:00am,9/9/2026 3:30pm,18,Judge Korduba,2026,2026-09,2026-37,2026-09-09,Wednesday,0,Harris County JP 4-2
Wed 9-9-2026 @ 8:30 am — Harris County JP 5-1 w/Judge Lombardino — 75 Cases,https://jpwebsite.harriscountytx.gov/WebDockets/GetDocketDetail?date=09/09/2026&court=51&media=screen#0830AM,9/9/2026 8:30am,9/9/2026 9:00am,75,Judge Lombardino,2026,2026-09,2026-37,2026-09-09,Wednesday,0,Harris County JP 5-1
Wed 9-9-2026 @ 9:00 am — Harris County JP 6-1 w/Judge Treviño — 16 Cases,https://jpwebsite.harriscountytx.gov/WebDockets/GetDocketDetail?date=09/09/2026&court=61&media=screen#0900AM,9/9/2026 9:00am,9/10/2026 9:00am,16,Judge Treviño,2026,2026-09,2026-37,2026-09-09,Wednesday,0,Harris County JP 6-1
Wed 9-9-2026 @ 9:00 am — Harris County JP 6-2 w/Judge Rodriguez — 16 Cases,https://jpwebsite.harriscountytx.gov/WebDockets/GetDocketDetail?date=09/09/2026&court=62&media=screen#0900AM,9/9/2026 9:00am,9/9/2026 9:00am,16,Judge Rodriguez,2026,2026-09,2026-37,2026-09-09,Wednesday,0,Harris County JP 6-2
Wed 9-9-2026 @ 9:00 am — Harris County JP 7-1 w/Judge Adams — 73 Cases,https://jpwebsite.harriscountytx.gov/WebDockets/GetDocketDetail?date=09/09/2026&court=71&media=screen#0900AM,9/9/2026 9:00am,9/9/2026 2:30pm,73,Judge Adams,2026,2026-09,2026-37,2026-09-09,Wednesday,0,Harris County JP 7-1
Wed 9-9-2026 @ 2:30 pm — Harris County JP 7-1 w/Judge Adams — 54 Cases,https://jpwebsite.harriscountytx.gov/WebDockets/GetDocketDetail?date=09/09/2026&court=71&media=screen#0230PM,9/9/2026 2:30pm,9/10/2026 2:30pm,54,Judge Adams,2026,2026-09,2026-37,2026-09-09,Wednesday,0,Harris County JP 7-1
Wed 9-9-2026 @ 9:00 am — Harris County JP 8-1 w/Judge Williamson — 29 Cases,https://jpwebsite.harriscountytx.gov/WebDockets/GetDocketDetail?date=09/09/2026&court=81&media=screen#0900AM,9/9/2026 9:00am,9/9/2026 10:30am,29,Judge Williamson,2026,2026-09,2026-37,2026-09-09,Wednesday,0,Harris County JP 8-1
Thu 9-10-2026 @ 8:30 am — Harris County JP 1-1 w/Judge Carter — 44 Cases,https://jpwebsite.harriscountytx.gov/WebDockets/GetDocketDetail?date=09/10/2026&court=11&media=screen#0830AM,9/10/2026 8:30am,9/10/2026 9:30am,44,Judge Carter,2026,2026-09,2026-37,2026-09-10,Thursday,0,Harris County JP 1-1
Thu 9-10-2026 @ 9:30 am — Harris County JP 1-1 w/Judge Carter — 43 Cases,https://jpwebsite.harriscountytx.gov/WebDockets/GetDocketDetail?date=09/10/2026&court=11&media=screen#0930AM,9/10/2026 9:30am,9/10/2026 10:00am,43,Judge Carter,2026,2026-09,2026-37,2026-09-10,Thursday,0,Harris County JP 1-1
Thu 9-10-2026 @ 10:30 am — Harris County JP 1-1 w/Judge Carter — 36 Cases,https://jpwebsite.harriscountytx.gov/WebDockets/GetDocketDetail?date=09/10/2026&court=11&media=screen#1030AM,9/10/2026 10:30am,9/10/2026 11:00am,36,Judge Carter,2026,2026-09,2026-37,2026-09-10,Thursday,0,Harris County JP 1-1
Thu 9-10-2026 @ 8:00 am — Harris County JP 2-1 w/Judge Delgado — 22 Cases,https://jpwebsite.harriscountytx.gov/WebDockets/GetDocketDetail?date=09/10/2026&court=21&media=screen#0800AM,9/10/2026 8:00am,9/10/2026 9:00am,22,Judge Delgado,2026,2026-09,2026-37,2026-09-10,Thursday,0,Harris County JP 2-1
Thu 9-10-2026 @ 1:30 pm — Harris County JP 2-1 w/Judge Delgado — 23 Cases,https://jpwebsite.harriscountytx.gov/WebDockets/GetDocketDetail?date=09/10/2026&court=21&media=screen#0130PM,9/10/2026 1:30pm,9/10/2026 2:30pm,23,Judge Delgado,2026,2026-09,2026-37,2026-09-10,Thursday,0,Harris County JP 2-1
Thu 9-10-2026 @ 12:30 pm — Harris County JP 2-2 w/Judge Lozano — 21 Cases,https://jpwebsite.harriscountytx.gov/WebDockets/GetDocketDetail?date=09/10/2026&court=22&media=screen#1230PM,9/10/2026 12:30pm,9/10/2026 1:30pm,21,Judge Lozano,2026,2026-09,2026-37,2026-09-10,Thursday,0,Harris County JP 2-2
Thu 9-10-2026 @ 9:00 am — Harris County JP 4-1 w/Judge Goodwin — 28 Cases,https://jpwebsite.harriscountytx.gov/WebDockets/GetDocketDetail?date=09/10/2026&court=41&media=screen#0900AM,9/10/2026 9:00am,9/10/2026 9:30am,28,Judge Goodwin,2026,2026-09,2026-37,2026-09-10,Thursday,0,Harris County JP 4-1
Thu 9-10-2026 @ 1:00 pm — Harris County JP 5-1 w/Judge Lombardino — 141 Cases,https://jpwebsite.harriscountytx.gov/WebDockets/GetDocketDetail?date=09/10/2026&court=51&media=screen#0100PM,9/10/2026 1:00pm,9/10/2026 1:30pm,141,Judge Lombardino,2026,2026-09,2026-37,2026-09-10,Thursday,0,Harris County JP 5-1
Thu 9-10-2026 @ 2:30 pm — Harris County JP 5-2 w/Judge Wolfe — 83 Cases,https://jpwebsite.harriscountytx.gov/WebDockets/GetDocketDetail?date=09/10/2026&court=52&media=screen#0230PM,9/10/2026 2:30pm,9/10/2026 3:00pm,83,Judge Wolfe,2026,2026-09,2026-37,2026-09-10,Thursday,0,Harris County JP 5-2
Thu 9-10-2026 @ 2:00 pm — Harris County JP 8-2 w/Judge Ditta — 33 Cases,https://jpwebsite.harriscountytx.gov/WebDockets/GetDocketDetail?date=09/10/2026&court=82&media=screen#0200PM,9/10/2026 2:00pm,9/10/2026 3:00pm,33,Judge Ditta,2026,2026-09,2026-37,2026-09-10,Thursday,0,Harris County JP 8-2
Fri 9-11-2026 @ 9:00 am — Harris County JP 4-1 w/Judge Goodwin — 5 Cases,https://jpwebsite.harriscountytx.gov/WebDockets/GetDocketDetail?date=09/11/2026&court=41&media=screen#0900AM,9/11/2026 9:00am,9/11/2026 9:30am,5,Judge Goodwin,2026,2026-09,2026-37,2026-09-11,Friday,0,Harris County JP 4-1
Fri 9-11-2026 @ 9:00 am — Harris County JP 5-1 w/Judge Lombardino — 3 Cases,https://jpwebsite.harriscountytx.gov/WebDockets/GetDocketDetail?date=09/11/2026&court=51&media=screen#0900AM,9/11/2026 9:00am,9/11/2026 9:30am,3,Judge Lombardino,2026,2026-09,2026-37,2026-09-11,Friday,0,Harris County JP 5-1
Fri 9-11-2026 @ 9:00 am — Harris County JP 6-2 w/Judge Rodriguez — 17 Cases,https://jpwebsite.harriscountytx.gov/WebDockets/GetDocketDetail?date=09/11/2026&court=62&media=screen#0900AM,9/11/2026 9:00am,9/13/2026 9:00am,17,Judge Rodriguez,2026,2026-09,2026-37,2026-09-11,Friday,0,Harris County JP 6-2
Mon 9-14-2026 @ 8:30 am — Harris County JP 1-1 w/Judge Carter — 46 Cases,https://jpwebsite.harriscountytx.gov/WebDockets/GetDocketDetail?date=09/14/2026&court=11&media=screen#0830AM,9/14/2026 8:30am,9/14/2026 10:00am,46,Judge Carter,2026,2026-09,2026-38,2026-09-14,Monday,0,Harris County JP 1-1
Mon 9-14-2026 @ 10:00 am — Harris County JP 1-1 w/Judge Carter — 35 Cases,https://jpwebsite.harriscountytx.gov/WebDockets/GetDocketDetail?date=09/14/2026&court=11&media=screen#1000AM,9/14/2026 10:00am,9/14/2026 10:30am,35,Judge Carter,2026,2026-09,2026-38,2026-09-14,Monday,0,Harris County JP 1-1
Mon 9-14-2026 @ 8:00 am — Harris County JP 2-1 w/Judge Delgado — 19 Cases,https://jpwebsite.harriscountytx.gov/WebDockets/GetDocketDetail?date=09/14/2026&court=21&media=screen#0800AM,9/14/2026 8:00am,9/14/2026 8:30am,19,Judge Delgado,2026,2026-09,2026-38,2026-09-14,Monday,0,Harris County JP 2-1
Mon 9-14-2026 @ 10:30 am — Harris County JP 3-2 w/Judge Bates — 21 Cases,https://jpwebsite.harriscountytx.gov/WebDockets/GetDocketDetail?date=09/14/2026&court=32&media=screen#1030AM,9/14/2026 10:30am,9/14/2026 12:00pm,21,Judge Bates,2026,2026-09,2026-38,2026-09-14,Monday,0,Harris County JP 3-2
Mon 9-14-2026 @ 9:00 am — Harris County JP 4-1 w/Judge Goodwin — 105 Cases,https://jpwebsite.harriscountytx.gov/WebDockets/GetDocketDetail?date=09/14/2026&court=41&media=screen#0900AM,9/14/2026 9:00am,9/14/2026 9:30am,105,Judge Goodwin,2026,2026-09,2026-38,2026-09-14,Monday,0,Harris County JP 4-1
Mon 9-14-2026 @ 1:00 pm — Harris County JP 4-1 w/Judge Goodwin — 122 Cases,https://jpwebsite.harriscountytx.gov/WebDockets/GetDocketDetail?date=09/14/2026&court=41&media=screen#0100PM,9/14/2026 1:00pm,9/14/2026 1:30pm,122,Judge Goodwin,2026,2026-09,2026-38,2026-09-14,Monday,0,Harris County JP 4-1
Mon 9-14-2026 @ 1:00 pm — Harris County JP 4-2 w/Judge Korduba — 38 Cases,https://jpwebsite.harriscountytx.gov/WebDockets/GetDocketDetail?date=09/14/2026&court=42&media=screen#0100PM,9/14/2026 1:00pm,9/14/2026 2:00pm,38,Judge Korduba,2026,2026-09,2026-38,2026-09-14,Monday,0,Harris County JP 4-2
Mon 9-14-2026 @ 2:00 pm — Harris County JP 4-2 w/Judge Korduba — 88 Cases,https://jpwebsite.harriscountytx.gov/WebDockets/GetDocketDetail?date=09/14/2026&court=42&media=screen#0200PM,9/14/2026 2:00pm,9/14/2026 3:00pm,88,Judge Korduba,2026,2026-09,2026-38,2026-09-14,Monday,0,Harris County JP 4-2
Mon 9-14-2026 @ 1:00 pm — Harris County JP 5-2 w/Judge Wolfe — 94 Cases,https://jpwebsite.harriscountytx.gov/WebDockets/GetDocketDetail?date=09/14/2026&court=52&media=screen#0100PM,9/14/2026 1:00pm,9/14/2026 1:30pm,94,Judge Wolfe,2026,2026-09,2026-38,2026-09-14,Monday,0,Harris County JP 5-2
Mon 9-14-2026 @ 9:00 am — Harris County JP 6-2 w/Judge Rodriguez — 11 Cases,https://jpwebsite.harriscountytx.gov/WebDockets/GetDocketDetail?date=09/14/2026&court=62&media=screen#0900AM,9/14/2026 9:00am,9/14/2026 9:00am,11,Judge Rodriguez,2026,2026-09,2026-38,2026-09-14,Monday,0,Harris County JP 6-2
Tue 9-15-2026 @ 10:00 am — Harris County JP 1-1 w/Judge Carter — 41 Cases,https://jpwebsite.harriscountytx.gov/WebDockets/GetDocketDetail?date=09/15/2026&court=11&media=screen#1000AM,9/15/2026 10:00am,9/15/2026 10:30am,41,Judge Carter,2026,2026-09,2026-38,2026-09-15,Tuesday,0,Harris County JP 1-1
Tue 9-15-2026 @ 2:00 pm — Harris County JP 1-2 w/Judge Duble — 1 Cases,https://jpwebsite.harriscountytx.gov/WebDockets/GetDocketDetail?date=09/15/2026&court=12&media=screen#0200PM,9/15/2026 2:00pm,9/15/2026 3:00pm,1,Judge Duble,2026,2026-09,2026-38,2026-09-15,Tuesday,0,Harris County JP 1-2
Tue 9-15-2026 @ 1:00 pm — Harris County JP 1-2 w/Judge Duble — 6 Cases,https://jpwebsite.harriscountytx.gov/WebDockets/GetDocketDetail?date=09/15/2026&court=12&media=screen#0100PM,9/15/2026 1:00pm,9/15/2026 2:00pm,6,Judge Duble,2026,2026-09,2026-38,2026-09-15,Tuesday,0,Harris County JP 1-2
Tue 9-15-2026 @ 9:30 am — Harris County JP 1-2 w/Judge Duble — 10 Cases,https://jpwebsite.harriscountytx.gov/WebDockets/GetDocketDetail?date=09/15/2026&court=12&media=screen#0930AM,9/15/2026 9:30am,9/15/2026 1:00pm,10,Judge Duble,2026,2026-09,2026-38,2026-09-15,Tuesday,0,Harris County JP 1-2
Tue 9-15-2026 @ 8:00 am — Harris County JP 2-1 w/Judge Delgado — 17 Cases,https://jpwebsite.harriscountytx.gov/WebDockets/GetDocketDetail?date=09/15/2026&court=21&media=screen#0800AM,9/15/2026 8:00am,9/15/2026 8:30am,17,Judge Delgado,2026,2026-09,2026-38,2026-09-15,Tuesday,0,Harris County JP 2-1
Tue 9-15-2026 @ 10:30 am — Harris County JP 3-1 w/Judge Stephens — 33 Cases,https://jpwebsite.harriscountytx.gov/WebDockets/GetDocketDetail?date=09/15/2026&court=31&media=screen#1030AM,9/15/2026 10:30am,9/15/2026 11:00am,33,Judge Stephens,2026,2026-09,2026-38,2026-09-15,Tuesday,0,Harris County JP 3-1
Tue 9-15-2026 @ 9:00 am — Harris County JP 3-1 w/Judge Stephens — 38 Cases,https://jpwebsite.harriscountytx.gov/WebDockets/GetDocketDetail?date=09/15/2026&court=31&media=screen#0900AM,9/15/2026 9:00am,9/15/2026 10:30am,38,Judge Stephens,2026,2026-09,2026-38,2026-09-15,Tuesday,0,Harris County JP 3-1
Tue 9-15-2026 @ 11:00 am — Harris County JP 3-1 w/Judge Stephens — 2 Cases,https://jpwebsite.harriscountytx.gov/WebDockets/GetDocketDetail?date=09/15/2026&court=31&media=screen#1100AM,9/15/2026 11:00am,9/15/2026 11:30am,2,Judge Stephens,2026,2026-09,2026-38,2026-09-15,Tuesday,0,Harris County JP 3-1
Tue 9-15-2026 @ 9:00 am — Harris County JP 4-1 w/Judge Goodwin — 131 Cases,https://jpwebsite.harriscountytx.gov/WebDockets/GetDocketDetail?date=09/15/2026&court=41&media=screen#0900AM,9/15/2026 9:00am,9/15/2026 9:30am,131,Judge Goodwin,2026,2026-09,2026-38,2026-09-15,Tuesday,0,Harris County JP 4-1
Tue 9-15-2026 @ 1:00 pm — Harris County JP 5-2 w/Judge Wolfe — 106 Cases,https://jpwebsite.harriscountytx.gov/WebDockets/GetDocketDetail?date=09/15/2026&court=52&media=screen#0100PM,9/15/2026 1:00pm,9/15/2026 1:30pm,106,Judge Wolfe,2026,2026-09,2026-38,2026-09-15,Tuesday,0,Harris County JP 5-2
Tue 9-15-2026 @ 9:00 am — Harris County JP 7-2 w/Judge Burney — 63 Cases,https://jpwebsite.harriscountytx.gov/WebDockets/GetDocketDetail?date=09/15/2026&court=72&media=screen#0900AM,9/15/2026 9:00am,9/16/2026 8:30am,63,Judge Burney,2026,2026-09,2026-38,2026-09-15,Tuesday,0,Harris County JP 7-2
Wed 9-16-2026 @ 9:00 am — Harris County JP 4-1 w/Judge Goodwin — 1 Cases,https://jpwebsite.harriscountytx.gov/WebDockets/GetDocketDetail?date=09/16/2026&court=41&media=screen#0900AM,9/16/2026 9:00am,9/16/2026 9:30am,1,Judge Goodwin,2026,2026-09,2026-38,2026-09-16,Wednesday,0,Harris County JP 4-1
Wed 9-16-2026 @ 8:30 am — Harris County JP 5-1 w/Judge Lombardino — 89 Cases,https://jpwebsite.harriscountytx.gov/WebDockets/GetDocketDetail?date=09/16/2026&court=51&media=screen#0830AM,9/16/2026 8:30am,9/16/2026 9:00am,89,Judge Lombardino,2026,2026-09,2026-38,2026-09-16,Wednesday,0,Harris County JP 5-1
Wed 9-16-2026 @ 9:00 am — Harris County JP 6-1 w/Judge Treviño — 11 Cases,https://jpwebsite.harriscountytx.gov/WebDockets/GetDocketDetail?date=09/16/2026&court=61&media=screen#0900AM,9/16/2026 9:00am,9/16/2026 1:30pm,11,Judge Treviño,2026,2026-09,2026-38,2026-09-16,Wednesday,0,Harris County JP 6-1
Wed 9-16-2026 @ 9:00 am — Harris County JP 7-1 w/Judge Adams — 94 Cases,https://jpwebsite.harriscountytx.gov/WebDockets/GetDocketDetail?date=09/16/2026&court=71&media=screen#0900AM,9/16/2026 9:00am,9/16/2026 9:30am,94,Judge Adams,2026,2026-09,2026-38,2026-09-16,Wednesday,0,Harris County JP 7-1
Thu 9-17-2026 @ 8:30 am — Harris County JP 1-1 w/Judge Carter — 40 Cases,https://jpwebsite.harriscountytx.gov/WebDockets/GetDocketDetail?date=09/17/2026&court=11&media=screen#0830AM,9/17/2026 8:30am,9/17/2026 10:00am,40,Judge Carter,2026,2026-09,2026-38,2026-09-17,Thursday,0,Harris County JP 1-1
Thu 9-17-2026 @ 10:00 am — Harris County JP 1-1 w/Judge Carter — 36 Cases,https://jpwebsite.harriscountytx.gov/WebDockets/GetDocketDetail?date=09/17/2026&court=11&media=screen#1000AM,9/17/2026 10:00am,9/17/2026 10:30am,36,Judge Carter,2026,2026-09,2026-38,2026-09-17,Thursday,0,Harris County JP 1-1
Thu 9-17-2026 @ 8:00 am — Harris County JP 2-1 w/Judge Delgado — 21 Cases,https://jpwebsite.harriscountytx.gov/WebDockets/GetDocketDetail?date=09/17/2026&court=21&media=screen#0800AM,9/17/2026 8:00am,9/17/2026 8:30am,21,Judge Delgado,2026,2026-09,2026-38,2026-09-17,Thursday,0,Harris County JP 2-1
Thu 9-17-2026 @ 12:30 pm — Harris County JP 2-2 w/Judge Lozano — 18 Cases,https://jpwebsite.harriscountytx.gov/WebDockets/GetDocketDetail?date=09/17/2026&court=22&media=screen#1230PM,9/17/2026 12:30pm,9/17/2026 1:30pm,18,Judge Lozano,2026,2026-09,2026-38,2026-09-17,Thursday,0,Harris County JP 2-2
Thu 9-17-2026 @ 9:00 am — Harris County JP 4-1 w/Judge Goodwin — 32 Cases,https://jpwebsite.harriscountytx.gov/WebDockets/GetDocketDetail?date=09/17/2026&court=41&media=screen#0900AM,9/17/2026 9:00am,9/17/2026 9:30am,32,Judge Goodwin,2026,2026-09,2026-38,2026-09-17,Thursday,0,Harris County JP 4-1
Thu 9-17-2026 @ 1:00 pm — Harris County JP 5-1 w/Judge Lombardino — 132 Cases,https://jpwebsite.harriscountytx.gov/WebDockets/GetDocketDetail?date=09/17/2026&court=51&media=screen#0100PM,9/17/2026 1:00pm,9/17/2026 1:30pm,132,Judge Lombardino,2026,2026-09,2026-38,2026-09-17,Thursday,0,Harris County JP 5-1
Thu 9-17-2026 @ 2:30 pm — Harris County JP 5-2 w/Judge Wolfe — 122 Cases,https://jpwebsite.harriscountytx.gov/WebDockets/GetDocketDetail?date=09/17/2026&court=52&media=screen#0230PM,9/17/2026 2:30pm,9/17/2026 3:00pm,122,Judge Wolfe,2026,2026-09,2026-38,2026-09-17,Thursday,0,Harris County JP 5-2
Thu 9-17-2026 @ 9:00 am — Harris County JP 8-1 w/Judge Williamson — 24 Cases,https://jpwebsite.harriscountytx.gov/WebDockets/GetDocketDetail?date=09/17/2026&court=81&media=screen#0900AM,9/17/2026 9:00am,9/17/2026 10:00am,24,Judge Williamson,2026,2026-09,2026-38,2026-09-17,Thursday,0,Harris County JP 8-1
Thu 9-17-2026 @ 2:00 pm — Harris County JP 8-2 w/Judge Ditta — 22 Cases,https://jpwebsite.harriscountytx.gov/WebDockets/GetDocketDetail?date=09/17/2026&court=82&media=screen#0200PM,9/17/2026 2:00pm,9/17/2026 3:00pm,22,Judge Ditta,2026,2026-09,2026-38,2026-09-17,Thursday,0,Harris County JP 8-2
Thu 9-17-2026 @ 1:30 pm — Harris County JP 2-1 w/Judge Delgado — 4 Cases,https://jpwebsite.harriscountytx.gov/WebDockets/GetDocketDetail?date=09/17/2026&court=21&media=screen#0130PM,9/17/2026 1:30pm,9/17/2026 2:00pm,4,Judge Delgado,2026,2026-09,2026-38,2026-09-17,Thursday,0,Harris County JP 2-1
Fri 9-18-2026 @ 9:00 am — Harris County JP 6-2 w/Judge Rodriguez — 4 Cases,https://jpwebsite.harriscountytx.gov/WebDockets/GetDocketDetail?date=09/18/2026&court=62&media=screen#0900AM,9/18/2026 9:00am,9/22/2026 9:00am,4,Judge Rodriguez,2026,2026-09,2026-38,2026-09-18,Friday,0,Harris County JP 6-2
Fri 9-18-2026 @ 9:00 am — Harris County JP 5-1 w/Judge Lombardino — 1 Cases,https://jpwebsite.harriscountytx.gov/WebDockets/GetDocketDetail?date=09/18/2026&court=51&media=screen#0900AM,9/18/2026 9:00am,9/18/2026 9:30am,1,Judge Lombardino,2026,2026-09,2026-38,2026-09-18,Friday,0,Harris County JP 5-1
Mon 9-21-2026 @ 10:00 am — Harris County JP 1-1 w/Judge Carter — 32 Cases,https://jpwebsite.harriscountytx.gov/WebDockets/GetDocketDetail?date=09/21/2026&court=11&media=screen#1000AM,9/21/2026 10:00am,9/21/2026 10:30am,32,Judge Carter,2026,2026-09,2026-39,2026-09-21,Monday,0,Harris County JP 1-1
Mon 9-21-2026 @ 8:30 am — Harris County JP 1-1 w/Judge Carter — 41 Cases,https://jpwebsite.harriscountytx.gov/WebDockets/GetDocketDetail?date=09/21/2026&court=11&media=screen#0830AM,9/21/2026 8:30am,9/21/2026 10:00am,41,Judge Carter,2026,2026-09,2026-39,2026-09-21,Monday,0,Harris County JP 1-1
Mon 9-21-2026 @ 8:00 am — Harris County JP 2-1 w/Judge Delgado — 20 Cases,https://jpwebsite.harriscountytx.gov/WebDockets/GetDocketDetail?date=09/21/2026&court=21&media=screen#0800AM,9/21/2026 8:00am,9/21/2026 8:30am,20,Judge Delgado,2026,2026-09,2026-39,2026-09-21,Monday,0,Harris County JP 2-1
Mon 9-21-2026 @ 9:00 am — Harris County JP 4-1 w/Judge Goodwin — 78 Cases,https://jpwebsite.harriscountytx.gov/WebDockets/GetDocketDetail?date=09/21/2026&court=41&media=screen#0900AM,9/21/2026 9:00am,9/21/2026 9:30am,78,Judge Goodwin,2026,2026-09,2026-39,2026-09-21,Monday,0,Harris County JP 4-1
Mon 9-21-2026 @ 1:00 pm — Harris County JP 4-1 w/Judge Goodwin — 68 Cases,https://jpwebsite.harriscountytx.gov/WebDockets/GetDocketDetail?date=09/21/2026&court=41&media=screen#0100PM,9/21/2026 1:00pm,9/21/2026 1:30pm,68,Judge Goodwin,2026,2026-09,2026-39,2026-09-21,Monday,0,Harris County JP 4-1
Mon 9-21-2026 @ 1:00 pm — Harris County JP 5-1 w/Judge Lombardino — 75 Cases,https://jpwebsite.harriscountytx.gov/WebDockets/GetDocketDetail?date=09/21/2026&court=51&media=screen#0100PM,9/21/2026 1:00pm,9/21/2026 1:30pm,75,Judge Lombardino,2026,2026-09,2026-39,2026-09-21,Monday,0,Harris County JP 5-1
Mon 9-21-2026 @ 1:00 pm — Harris County JP 5-2 w/Judge Wolfe — 57 Cases,https://jpwebsite.harriscountytx.gov/WebDockets/GetDocketDetail?date=09/21/2026&court=52&media=screen#0100PM,9/21/2026 1:00pm,9/21/2026 1:30pm,57,Judge Wolfe,2026,2026-09,2026-39,2026-09-21,Monday,0,Harris County JP 5-2
Mon 9-21-2026 @ 9:00 am — Harris County JP 6-2 w/Judge Rodriguez — 2 Cases,https://jpwebsite.harriscountytx.gov/WebDockets/GetDocketDetail?date=09/21/2026&court=62&media=screen#0900AM,9/21/2026 9:00am,9/22/2026 9:00am,2,Judge Rodriguez,2026,2026-09,2026-39,2026-09-21,Monday,0,Harris County JP 6-2
Tue 9-22-2026 @ 9:30 am — Harris County JP 1-2 w/Judge Duble — 11 Cases,https://jpwebsite.harriscountytx.gov/WebDockets/GetDocketDetail?date=09/22/2026&court=12&media=screen#0930AM,9/22/2026 9:30am,9/22/2026 10:30am,11,Judge Duble,2026,2026-09,2026-39,2026-09-22,Tuesday,0,Harris County JP 1-2
Tue 9-22-2026 @ 8:00 am — Harris County JP 2-1 w/Judge Delgado — 20 Cases,https://jpwebsite.harriscountytx.gov/WebDockets/GetDocketDetail?date=09/22/2026&court=21&media=screen#0800AM,9/22/2026 8:00am,9/22/2026 8:30am,20,Judge Delgado,2026,2026-09,2026-39,2026-09-22,Tuesday,0,Harris County JP 2-1
Tue 9-22-2026 @ 10:30 am — Harris County JP 3-1 w/Judge Stephens — 23 Cases,https://jpwebsite.harriscountytx.gov/WebDockets/GetDocketDetail?date=09/22/2026&court=31&media=screen#1030AM,9/22/2026 10:30am,9/22/2026 11:00am,23,Judge Stephens,2026,2026-09,2026-39,2026-09-22,Tuesday,0,Harris County JP 3-1
Tue 9-22-2026 @ 9:00 am — Harris County JP 3-1 w/Judge Stephens — 13 Cases,https://jpwebsite.harriscountytx.gov/WebDockets/GetDocketDetail?date=09/22/2026&court=31&media=screen#0900AM,9/22/2026 9:00am,9/22/2026 10:30am,13,Judge Stephens,2026,2026-09,2026-39,2026-09-22,Tuesday,0,Harris County JP 3-1
Tue 9-22-2026 @ 9:00 am — Harris County JP 4-1 w/Judge Goodwin — 151 Cases,https://jpwebsite.harriscountytx.gov/WebDockets/GetDocketDetail?date=09/22/2026&court=41&media=screen#0900AM,9/22/2026 9:00am,9/22/2026 9:30am,151,Judge Goodwin,2026,2026-09,2026-39,2026-09-22,Tuesday,0,Harris County JP 4-1
Tue 9-22-2026 @ 11:00 am — Harris County JP 4-2 w/Judge Korduba — 27 Cases,https://jpwebsite.harriscountytx.gov/WebDockets/GetDocketDetail?date=09/22/2026&court=42&media=screen#1100AM,9/22/2026 11:00am,9/22/2026 1:00pm,27,Judge Korduba,2026,2026-09,2026-39,2026-09-22,Tuesday,0,Harris County JP 4-2
Tue 9-22-2026 @ 10:00 am — Harris County JP 4-2 w/Judge Korduba — 60 Cases,https://jpwebsite.harriscountytx.gov/WebDockets/GetDocketDetail?date=09/22/2026&court=42&media=screen#1000AM,9/22/2026 10:00am,9/22/2026 11:00am,60,Judge Korduba,2026,2026-09,2026-39,2026-09-22,Tuesday,0,Harris County JP 4-2
Tue 9-22-2026 @ 1:00 pm — Harris County JP 4-2 w/Judge Korduba — 28 Cases,https://jpwebsite.harriscountytx.gov/WebDockets/GetDocketDetail?date=09/22/2026&court=42&media=screen#0100PM,9/22/2026 1:00pm,9/22/2026 1:30pm,28,Judge Korduba,2026,2026-09,2026-39,2026-09-22,Tuesday,0,Harris County JP 4-2
Tue 9-22-2026 @ 1:00 pm — Harris County JP 5-2 w/Judge Wolfe — 1 Cases,https://jpwebsite.harriscountytx.gov/WebDockets/GetDocketDetail?date=09/22/2026&court=52&media=screen#0100PM,9/22/2026 1:00pm,9/22/2026 1:30pm,1,Judge Wolfe,2026,2026-09,2026-39,2026-09-22,Tuesday,0,Harris County JP 5-2
Tue 9-22-2026 @ 9:00 am — Harris County JP 7-2 w/Judge Burney — 51 Cases,https://jpwebsite.harriscountytx.gov/WebDockets/GetDocketDetail?date=09/22/2026&court=72&media=screen#0900AM,9/22/2026 9:00am,9/22/2026 9:30am,51,Judge Burney,2026,2026-09,2026-39,2026-09-22,Tuesday,0,Harris County JP 7-2
Wed 9-23-2026 @ 9:00 am — Harris County JP 6-1 w/Judge Treviño — 26 Cases,https://jpwebsite.harriscountytx.gov/WebDockets/GetDocketDetail?date=09/23/2026&court=61&media=screen#0900AM,9/23/2026 9:00am,9/23/2026 10:30am,26,Judge Treviño,2026,2026-09,2026-39,2026-09-23,Wednesday,0,Harris County JP 6-1
Wed 9-23-2026 @ 9:00 am — Harris County JP 7-1 w/Judge Adams — 16 Cases,https://jpwebsite.harriscountytx.gov/WebDockets/GetDocketDetail?date=09/23/2026&court=71&media=screen#0900AM,9/23/2026 9:00am,9/23/2026 9:30am,16,Judge Adams,2026,2026-09,2026-39,2026-09-23,Wednesday,0,Harris County JP 7-1
Thu 9-24-2026 @ 8:30 am — Harris County JP 1-1 w/Judge Carter — 32 Cases,https://jpwebsite.harriscountytx.gov/WebDockets/GetDocketDetail?date=09/24/2026&court=11&media=screen#0830AM,9/24/2026 8:30am,9/24/2026 9:00am,32,Judge Carter,2026,2026-09,2026-39,2026-09-24,Thursday,0,Harris County JP 1-1
Thu 9-24-2026 @ 9:30 am — Harris County JP 3-2 w/Judge Bates — 10 Cases,https://jpwebsite.harriscountytx.gov/WebDockets/GetDocketDetail?date=09/24/2026&court=32&media=screen#0930AM,9/24/2026 9:30am,9/24/2026 10:30am,10,Judge Bates,2026,2026-09,2026-39,2026-09-24,Thursday,0,Harris County JP 3-2
Thu 9-24-2026 @ 9:00 am — Harris County JP 4-1 w/Judge Goodwin — 3 Cases,https://jpwebsite.harriscountytx.gov/WebDockets/GetDocketDetail?date=09/24/2026&court=41&media=screen#0900AM,9/24/2026 9:00am,9/24/2026 9:30am,3,Judge Goodwin,2026,2026-09,2026-39,2026-09-24,Thursday,0,Harris County JP 4-1
Thu 9-24-2026 @ 1:00 pm — Harris County JP 5-1 w/Judge Lombardino — 147 Cases,https://jpwebsite.harriscountytx.gov/WebDockets/GetDocketDetail?date=09/24/2026&court=51&media=screen#0100PM,9/24/2026 1:00pm,9/24/2026 1:30pm,147,Judge Lombardino,2026,2026-09,2026-39,2026-09-24,Thursday,0,Harris County JP 5-1
Thu 9-24-2026 @ 8:00 am — Harris County JP 2-1 w/Judge Delgado — 8 Cases,https://jpwebsite.harriscountytx.gov/WebDockets/GetDocketDetail?date=09/24/2026&court=21&media=screen#0800AM,9/24/2026 8:00am,9/24/2026 8:30am,8,Judge Delgado,2026,2026-09,2026-39,2026-09-24,Thursday,0,Harris County JP 2-1
Thu 9-24-2026 @ 12:30 pm — Harris County JP 2-2 w/Judge Lozano — 8 Cases,https://jpwebsite.harriscountytx.gov/WebDockets/GetDocketDetail?date=09/24/2026&court=22&media=screen#1230PM,9/24/2026 12:30pm,9/24/2026 1:30pm,8,Judge Lozano,2026,2026-09,2026-39,2026-09-24,Thursday,0,Harris County JP 2-2
Mon 9-28-2026 @ 8:30 am — Harris County JP 1-1 w/Judge Carter — 6 Cases,https://jpwebsite.harriscountytx.gov/WebDockets/GetDocketDetail?date=09/28/2026&court=11&media=screen#0830AM,9/28/2026 8:30am,9/28/2026 9:00am,6,Judge Carter,2026,2026-09,2026-40,2026-09-28,Monday,0,Harris County JP 1-1
Mon 9-28-2026 @ 9:00 am — Harris County JP 4-1 w/Judge Goodwin — 1 Cases,https://jpwebsite.harriscountytx.gov/WebDockets/GetDocketDetail?date=09/28/2026&court=41&media=screen#0900AM,9/28/2026 9:00am,9/28/2026 9:30am,1,Judge Goodwin,2026,2026-09,2026-40,2026-09-28,Monday,0,Harris County JP 4-1
Tue 9-29-2026 @ 9:00 am — Harris County JP 4-1 w/Judge Goodwin — 2 Cases,https://jpwebsite.harriscountytx.gov/WebDockets/GetDocketDetail?date=09/29/2026&court=41&media=screen#0900AM,9/29/2026 9:00am,9/29/2026 9:30am,2,Judge Goodwin,2026,2026-09,2026-40,2026-09-29,Tuesday,0,Harris County JP 4-1
Tue 9-29-2026 @ 1:30 pm — Harris County JP 5-1 w/Judge Lombardino — 4 Cases,https://jpwebsite.harriscountytx.gov/WebDockets/GetDocketDetail?date=09/29/2026&court=51&media=screen#0130PM,9/29/2026 1:30pm,9/29/2026 8:30am,4,Judge Lombardino,2026,2026-09,2026-40,2026-09-29,Tuesday,0,Harris County JP 5-1
Tue 9-29-2026 @ 8:30 am — Harris County JP 1-1 w/Judge Carter — 2 Cases,https://jpwebsite.harriscountytx.gov/WebDockets/GetDocketDetail?date=09/29/2026&court=11&media=screen#0830AM,9/29/2026 8:30am,9/29/2026 9:00am,2,Judge Carter,2026,2026-09,2026-40,2026-09-29,Tuesday,0,Harris County JP 1-1
Tue 9-29-2026 @ 9:00 am — Harris County JP 7-2 w/Judge Burney — 1 Cases,https://jpwebsite.harriscountytx.gov/WebDockets/GetDocketDetail?date=09/29/2026&court=72&media=screen#0900AM,9/29/2026 9:00am,9/30/2026 8:30am,1,Judge Burney,2026,2026-09,2026-40,2026-09-29,Tuesday,0,Harris County JP 7-2
Wed 9-30-2026 @ 8:30 am — Harris County JP 5-1 w/Judge Lombardino — 67 Cases,https://jpwebsite.harriscountytx.gov/WebDockets/GetDocketDetail?date=09/30/2026&court=51&media=screen#0830AM,9/30/2026 8:30am,9/30/2026 9:00am,67,Judge Lombardino,2026,2026-09,2026-40,2026-09-30,Wednesday,0,Harris County JP 5-1
Wed 9-30-2026 @ 9:00 am — Harris County JP 7-1 w/Judge Adams — 1 Cases,https://jpwebsite.harriscountytx.gov/WebDockets/GetDocketDetail?date=09/30/2026&court=71&media=screen#0900AM,9/30/2026 9:00am,9/30/2026 9:30am,1,Judge Adams,2026,2026-09,2026-40,2026-09-30,Wednesday,0,Harris County JP 7-1
Thu 10-1-2026 @ 8:30 am — Harris County JP 1-1 w/Judge Carter — 3 Cases,https://jpwebsite.harriscountytx.gov/WebDockets/GetDocketDetail?date=10/01/2026&court=11&media=screen#0830AM,10/1/2026 8:30am,10/1/2026 9:00am,3,Judge Carter,2026,2026-10,2026-40,2026-10-01,Thursday,0,Harris County JP 1-1
Thu 10-1-2026 @ 8:00 am — Harris County JP 2-1 w/Judge Delgado — 1 Cases,https://jpwebsite.harriscountytx.gov/WebDockets/GetDocketDetail?date=10/01/2026&court=21&media=screen#0800AM,10/1/2026 8:00am,10/1/2026 9:00am,1,Judge Delgado,2026,2026-10,2026-40,2026-10-01,Thursday,0,Harris County JP 2-1
Mon 10-5-2026 @ 1:00 pm — Harris County JP 5-2 w/Judge Wolfe — 1 Cases,https://jpwebsite.harriscountytx.gov/WebDockets/GetDocketDetail?date=10/05/2026&court=52&media=screen#0100PM,10/5/2026 1:00pm,10/5/2026 1:30pm,1,Judge Wolfe,2026,2026-10,2026-41,2026-10-05,Monday,0,Harris County JP 5-2
Mon 10-5-2026 @ 9:00 am — Harris County JP 4-1 w/Judge Goodwin — 1 Cases,https://jpwebsite.harriscountytx.gov/WebDockets/GetDocketDetail?date=10/05/2026&court=41&media=screen#0900AM,10/5/2026 9:00am,10/5/2026 9:30am,1,Judge Goodwin,2026,2026-10,2026-41,2026-10-05,Monday,0,Harris County JP 4-1
Tue 10-6-2026 @ 1:00 pm — Harris County JP 1-2 w/Judge Duble — 1 Cases,https://jpwebsite.harriscountytx.gov/WebDockets/GetDocketDetail?date=10/06/2026&court=12&media=screen#0100PM,10/6/2026 1:00pm,10/6/2026 2:00pm,1,Judge Duble,2026,2026-10,2026-41,2026-10-06,Tuesday,0,Harris County JP 1-2
Tue 10-6-2026 @ 9:00 am — Harris County JP 7-2 w/Judge Burney — 3 Cases,https://jpwebsite.harriscountytx.gov/WebDockets/GetDocketDetail?date=10/06/2026&court=72&media=screen#0900AM,10/6/2026 9:00am,10/7/2026 8:30am,3,Judge Burney,2026,2026-10,2026-41,2026-10-06,Tuesday,0,Harris County JP 7-2
Thu 10-8-2026 @ 8:30 am — Harris County JP 1-1 w/Judge Carter — 1 Cases,https://jpwebsite.harriscountytx.gov/WebDockets/GetDocketDetail?date=10/08/2026&court=11&media=screen#0830AM,10/8/2026 8:30am,10/8/2026 9:00am,1,Judge Carter,2026,2026-10,2026-41,2026-10-08,Thursday,0,Harris County JP 1-1
Mon 10-12-2026 @ 8:00 am — Harris County JP 2-1 w/Judge Delgado — 1 Cases,https://jpwebsite.harriscountytx.gov/WebDockets/GetDocketDetail?date=10/12/2026&court=21&media=screen#0800AM,10/12/2026 8:00am,10/12/2026 8:30am,1,Judge Delgado,2026,2026-10,2026-42,2026-10-12,Monday,0,Harris County JP 2-1
Mon 10-19-2026 @ 8:30 am — Harris County JP 1-1 w/Judge Carter — 1 Cases,https://jpwebsite.harriscountytx.gov/WebDockets/GetDocketDetail?date=10/19/2026&court=11&media=screen#0830AM,10/19/2026 8:30am,10/19/2026 9:30am,1,Judge Carter,2026,2026-10,2026-43,2026-10-19,Monday,0,Harris County JP 1-1
Mon 10-19-2026 @ 1:00 pm — Harris County JP 4-1 w/Judge Goodwin — 1 Cases,https://jpwebsite.harriscountytx.gov/WebDockets/GetDocketDetail?date=10/19/2026&court=41&media=screen#0100PM,10/19/2026 1:00pm,10/19/2026 1:30pm,1,Judge Goodwin,2026,2026-10,2026-43,2026-10-19,Monday,0,Harris County JP 4-1
Wed 10-28-2026 @ 9:00 am — Harris County JP 7-1 w/Judge Adams — 1 Cases,https://jpwebsite.harriscountytx.gov/WebDockets/GetDocketDetail?date=10/28/2026&court=71&media=screen#0900AM,10/28/2026 9:00am,10/29/2026 9:00am,1,Judge Adams,2026,2026-10,2026-44,2026-10-28,Wednesday,0,Harris County JP 7-1
Thu 10-29-2026 @ 8:00 am — Harris County JP 2-1 w/Judge Delgado — 1 Cases,https://jpwebsite.harriscountytx.gov/WebDockets/GetDocketDetail?date=10/29/2026&court=21&media=screen#0800AM,10/29/2026 8:00am,10/29/2026 11:30am,1,Judge Delgado,2026,2026-10,2026-44,2026-10-29,Thursday,0,Harris County JP 2-1